checkpoint_id,domain,checkpoint_question,expected_standard,actual_observation,score_0_100,severity_P0_P1_P2_P3,confidence_low_medium_high,evidence_ids,evidence_files,recommendation,fix_effort_XS_S_M_L_XL,business_impact_low_medium_high_critical,risk_if_ignored,visual_change_risk_none_minor_major,blocks_launch_yes_no
CP-01-01,Repository structure and architecture,Does Repository structure and architecture meet the launch standard for route group coverage?,"Evidence-backed production readiness for route group coverage, preserving current visual design unless necessary.",Clear App Router structure; seller route area absent despite README references.,74,P2,medium,E000;E031,repository scan; src/app route scan and README.md,Keep route group coverage under regression coverage and improve where noted.,XS,medium,May reduce polish or scalability if left unmonitored.,none,no
CP-01-02,Repository structure and architecture,Does Repository structure and architecture meet the launch standard for API mutation coverage?,"Evidence-backed production readiness for API mutation coverage, preserving current visual design unless necessary.",Clear App Router structure; seller route area absent despite README references.,74,P2,medium,E000;E031,repository scan; src/app route scan and README.md,Keep API mutation coverage under regression coverage and improve where noted.,XS,medium,May reduce polish or scalability if left unmonitored.,none,no
CP-01-03,Repository structure and architecture,Does Repository structure and architecture meet the launch standard for RBAC enforcement?,"Evidence-backed production readiness for RBAC enforcement, preserving current visual design unless necessary.",Clear App Router structure; seller route area absent despite README references.,74,P2,medium,E000;E031,repository scan; src/app route scan and README.md,Keep RBAC enforcement under regression coverage and improve where noted.,XS,medium,May reduce polish or scalability if left unmonitored.,none,no
CP-01-04,Repository structure and architecture,Does Repository structure and architecture meet the launch standard for authenticated data access?,"Evidence-backed production readiness for authenticated data access, preserving current visual design unless necessary.",Clear App Router structure; seller route area absent despite README references.,74,P2,medium,E000;E031,repository scan; src/app route scan and README.md,Keep authenticated data access under regression coverage and improve where noted.,XS,medium,May reduce polish or scalability if left unmonitored.,none,no
CP-01-05,Repository structure and architecture,Does Repository structure and architecture meet the launch standard for schema support?,"Evidence-backed production readiness for schema support, preserving current visual design unless necessary.",Clear App Router structure; seller route area absent despite README references.,74,P2,medium,E000;E031,repository scan; src/app route scan and README.md,Keep schema support under regression coverage and improve where noted.,XS,medium,May reduce polish or scalability if left unmonitored.,none,no
CP-01-06,Repository structure and architecture,Does Repository structure and architecture meet the launch standard for validation path?,"Evidence-backed production readiness for validation path, preserving current visual design unless necessary.",Clear App Router structure; seller route area absent despite README references.,74,P2,medium,E000;E031,repository scan; src/app route scan and README.md,Keep validation path under regression coverage and improve where noted.,XS,medium,May reduce polish or scalability if left unmonitored.,none,no
CP-01-07,Repository structure and architecture,Does Repository structure and architecture meet the launch standard for error handling?,"Evidence-backed production readiness for error handling, preserving current visual design unless necessary.",Clear App Router structure; seller route area absent despite README references.,74,P2,medium,E000;E031,repository scan; src/app route scan and README.md,Keep error handling under regression coverage and improve where noted.,XS,medium,May reduce polish or scalability if left unmonitored.,none,no
CP-01-08,Repository structure and architecture,Does Repository structure and architecture meet the launch standard for audit logging?,"Evidence-backed production readiness for audit logging, preserving current visual design unless necessary.",Clear App Router structure; seller route area absent despite README references.,74,P2,medium,E000;E031,repository scan; src/app route scan and README.md,Keep audit logging under regression coverage and improve where noted.,XS,medium,May reduce polish or scalability if left unmonitored.,none,no
CP-01-09,Repository structure and architecture,Does Repository structure and architecture meet the launch standard for environment dependency?,"Evidence-backed production readiness for environment dependency, preserving current visual design unless necessary.",Clear App Router structure; seller route area absent despite README references.,74,P2,medium,E000;E031,repository scan; src/app route scan and README.md,Keep environment dependency under regression coverage and improve where noted.,XS,medium,May reduce polish or scalability if left unmonitored.,none,no
CP-01-10,Repository structure and architecture,Does Repository structure and architecture meet the launch standard for command verification?,"Evidence-backed production readiness for command verification, preserving current visual design unless necessary.",Clear App Router structure; seller route area absent despite README references.,74,P2,medium,E000;E031,repository scan; src/app route scan and README.md,Keep command verification under regression coverage and improve where noted.,XS,medium,May reduce polish or scalability if left unmonitored.,none,no
CP-01-11,Repository structure and architecture,Does Repository structure and architecture meet the launch standard for test coverage?,"Evidence-backed production readiness for test coverage, preserving current visual design unless necessary.",Clear App Router structure; seller route area absent despite README references.,74,P2,medium,E000;E031,repository scan; src/app route scan and README.md,Keep test coverage under regression coverage and improve where noted.,XS,medium,May reduce polish or scalability if left unmonitored.,none,no
CP-01-12,Repository structure and architecture,Does Repository structure and architecture meet the launch standard for data fetching strategy?,"Evidence-backed production readiness for data fetching strategy, preserving current visual design unless necessary.",In-memory route limiter exists but is not distributed.,58,P1,medium,E008,src/backend/security/rate-limit.ts,Fix data fetching strategy before launch or before enabling related feature.,S,medium,Launch risk remains around data fetching strategy.,none,no
CP-01-13,Repository structure and architecture,Does Repository structure and architecture meet the launch standard for image/media handling?,"Evidence-backed production readiness for image/media handling, preserving current visual design unless necessary.",Clear App Router structure; seller route area absent despite README references.,74,P2,medium,E000;E031,repository scan; src/app route scan and README.md,Keep image/media handling under regression coverage and improve where noted.,XS,medium,May reduce polish or scalability if left unmonitored.,none,no
CP-01-14,Repository structure and architecture,Does Repository structure and architecture meet the launch standard for metadata and canonical handling?,"Evidence-backed production readiness for metadata and canonical handling, preserving current visual design unless necessary.",Clear App Router structure; seller route area absent despite README references.,74,P2,medium,E011;E017;E018,src/backend/seo/metadata.ts; src/app/(store)/category/[slug]/page.tsx; src/app/(store)/search/page.tsx,Keep metadata and canonical handling under regression coverage and improve where noted.,XS,medium,May reduce polish or scalability if left unmonitored.,none,no
CP-01-15,Repository structure and architecture,Does Repository structure and architecture meet the launch standard for structured data handling?,"Evidence-backed production readiness for structured data handling, preserving current visual design unless necessary.",Clear App Router structure; seller route area absent despite README references.,74,P2,medium,E014;E016;E017,src/backend/seo/structured-data.ts; src/app/(store)/products/[slug]/page.tsx; src/app/(store)/category/[slug]/page.tsx,Keep structured data handling under regression coverage and improve where noted.,XS,medium,May reduce polish or scalability if left unmonitored.,none,no
CP-01-16,Repository structure and architecture,Does Repository structure and architecture meet the launch standard for sitemap and robots handling?,"Evidence-backed production readiness for sitemap and robots handling, preserving current visual design unless necessary.",Clear App Router structure; seller route area absent despite README references.,74,P2,medium,E000;E031,repository scan; src/app route scan and README.md,Keep sitemap and robots handling under regression coverage and improve where noted.,XS,medium,May reduce polish or scalability if left unmonitored.,none,no
CP-01-17,Repository structure and architecture,Does Repository structure and architecture meet the launch standard for pagination and facets?,"Evidence-backed production readiness for pagination and facets, preserving current visual design unless necessary.",Clear App Router structure; seller route area absent despite README references.,74,P2,medium,E000;E031,repository scan; src/app route scan and README.md,Keep pagination and facets under regression coverage and improve where noted.,XS,medium,May reduce polish or scalability if left unmonitored.,none,no
CP-01-18,Repository structure and architecture,Does Repository structure and architecture meet the launch standard for seller ownership?,"Evidence-backed production readiness for seller ownership, preserving current visual design unless necessary.","Seller schema exists, but no seller route area was found and product writes are first-party/admin-managed.",45,P1,medium,E031;E026;E003,src/app route scan and README.md; src/backend/admin/product-editor.ts; prisma/schema.prisma,Fix seller ownership before launch or before enabling related feature.,S,medium,Launch risk remains around seller ownership.,minor,no
CP-01-19,Repository structure and architecture,Does Repository structure and architecture meet the launch standard for admin versus super-admin split?,"Evidence-backed production readiness for admin versus super-admin split, preserving current visual design unless necessary.",Clear App Router structure; seller route area absent despite README references.,74,P2,medium,E000;E031,repository scan; src/app route scan and README.md,Keep admin versus super-admin split under regression coverage and improve where noted.,XS,medium,May reduce polish or scalability if left unmonitored.,none,no
CP-01-20,Repository structure and architecture,Does Repository structure and architecture meet the launch standard for order payment shipment status?,"Evidence-backed production readiness for order payment shipment status, preserving current visual design unless necessary.",Clear App Router structure; seller route area absent despite README references.,74,P2,medium,E000;E031,repository scan; src/app route scan and README.md,Keep order payment shipment status under regression coverage and improve where noted.,XS,medium,May reduce polish or scalability if left unmonitored.,none,no
CP-01-21,Repository structure and architecture,Does Repository structure and architecture meet the launch standard for rate limiting?,"Evidence-backed production readiness for rate limiting, preserving current visual design unless necessary.",In-memory route limiter exists but is not distributed.,58,P1,medium,E008,src/backend/security/rate-limit.ts,Fix rate limiting before launch or before enabling related feature.,S,medium,Launch risk remains around rate limiting.,none,no
CP-01-22,Repository structure and architecture,Does Repository structure and architecture meet the launch standard for CSRF and origin control?,"Evidence-backed production readiness for CSRF and origin control, preserving current visual design unless necessary.",No explicit CSRF token or Origin/Referer check found in sampled custom mutation APIs.,55,P1,medium,E060,custom mutation CSRF/origin scan,Fix CSRF and origin control before launch or before enabling related feature.,S,medium,Launch risk remains around CSRF and origin control.,none,no
CP-01-23,Repository structure and architecture,Does Repository structure and architecture meet the launch standard for secret exposure?,"Evidence-backed production readiness for secret exposure, preserving current visual design unless necessary.",Clear App Router structure; seller route area absent despite README references.,74,P2,medium,E000;E031,repository scan; src/app route scan and README.md,Keep secret exposure under regression coverage and improve where noted.,XS,medium,May reduce polish or scalability if left unmonitored.,none,no
CP-01-24,Repository structure and architecture,Does Repository structure and architecture meet the launch standard for console and logging hygiene?,"Evidence-backed production readiness for console and logging hygiene, preserving current visual design unless necessary.",Clear App Router structure; seller route area absent despite README references.,74,P2,medium,E000;E031,repository scan; src/app route scan and README.md,Keep console and logging hygiene under regression coverage and improve where noted.,XS,medium,May reduce polish or scalability if left unmonitored.,none,no
CP-01-25,Repository structure and architecture,Does Repository structure and architecture meet the launch standard for type safety?,"Evidence-backed production readiness for type safety, preserving current visual design unless necessary.",Clear App Router structure; seller route area absent despite README references.,74,P2,medium,E000;E031,repository scan; src/app route scan and README.md,Keep type safety under regression coverage and improve where noted.,XS,medium,May reduce polish or scalability if left unmonitored.,none,no
CP-01-26,Repository structure and architecture,Does Repository structure and architecture meet the launch standard for duplicate or dead code risk?,"Evidence-backed production readiness for duplicate or dead code risk, preserving current visual design unless necessary.",Clear App Router structure; seller route area absent despite README references.,74,P2,medium,E000;E031,repository scan; src/app route scan and README.md,Keep duplicate or dead code risk under regression coverage and improve where noted.,XS,medium,May reduce polish or scalability if left unmonitored.,none,no
CP-01-27,Repository structure and architecture,Does Repository structure and architecture meet the launch standard for README and implementation alignment?,"Evidence-backed production readiness for README and implementation alignment, preserving current visual design unless necessary.",Clear App Router structure; seller route area absent despite README references.,74,P2,medium,E000;E031,repository scan; src/app route scan and README.md,Keep README and implementation alignment under regression coverage and improve where noted.,XS,medium,May reduce polish or scalability if left unmonitored.,none,no
CP-01-28,Repository structure and architecture,Does Repository structure and architecture meet the launch standard for accessibility controls?,"Evidence-backed production readiness for accessibility controls, preserving current visual design unless necessary.",Clear App Router structure; seller route area absent despite README references.,74,P2,medium,E000;E031,repository scan; src/app route scan and README.md,Keep accessibility controls under regression coverage and improve where noted.,XS,medium,May reduce polish or scalability if left unmonitored.,none,no
CP-01-29,Repository structure and architecture,Does Repository structure and architecture meet the launch standard for mobile layout behavior?,"Evidence-backed production readiness for mobile layout behavior, preserving current visual design unless necessary.",Clear App Router structure; seller route area absent despite README references.,74,P2,medium,E000;E031,repository scan; src/app route scan and README.md,Keep mobile layout behavior under regression coverage and improve where noted.,XS,medium,May reduce polish or scalability if left unmonitored.,none,no
CP-01-30,Repository structure and architecture,Does Repository structure and architecture meet the launch standard for Bangladesh localization?,"Evidence-backed production readiness for Bangladesh localization, preserving current visual design unless necessary.",Clear App Router structure; seller route area absent despite README references.,74,P2,medium,E000;E031,repository scan; src/app route scan and README.md,Keep Bangladesh localization under regression coverage and improve where noted.,XS,medium,May reduce polish or scalability if left unmonitored.,none,no
CP-01-31,Repository structure and architecture,Does Repository structure and architecture meet the launch standard for Bangla and English readiness?,"Evidence-backed production readiness for Bangla and English readiness, preserving current visual design unless necessary.",Clear App Router structure; seller route area absent despite README references.,74,P2,medium,E000;E031,repository scan; src/app route scan and README.md,Keep Bangla and English readiness under regression coverage and improve where noted.,XS,medium,May reduce polish or scalability if left unmonitored.,none,no
CP-01-32,Repository structure and architecture,Does Repository structure and architecture meet the launch standard for Merchant Center readiness?,"Evidence-backed production readiness for Merchant Center readiness, preserving current visual design unless necessary.",Clear App Router structure; seller route area absent despite README references.,74,P2,medium,E000;E031,repository scan; src/app route scan and README.md,Keep Merchant Center readiness under regression coverage and improve where noted.,XS,medium,May reduce polish or scalability if left unmonitored.,none,no
CP-01-33,Repository structure and architecture,Does Repository structure and architecture meet the launch standard for webhook readiness?,"Evidence-backed production readiness for webhook readiness, preserving current visual design unless necessary.","Payment env variables exist, but no webhook route was found.",45,P1,medium,E043;E050,webhook route scan; src/app/api/admin/orders/[id]/payment-status/route.ts,Fix webhook readiness before launch or before enabling related feature.,S,medium,Launch risk remains around webhook readiness.,none,no
CP-01-34,Repository structure and architecture,Does Repository structure and architecture meet the launch standard for shipment tracking readiness?,"Evidence-backed production readiness for shipment tracking readiness, preserving current visual design unless necessary.",Clear App Router structure; seller route area absent despite README references.,74,P2,medium,E000;E031,repository scan; src/app route scan and README.md,Keep shipment tracking readiness under regression coverage and improve where noted.,XS,medium,May reduce polish or scalability if left unmonitored.,none,no
CP-01-35,Repository structure and architecture,Does Repository structure and architecture meet the launch standard for fraud and moderation readiness?,"Evidence-backed production readiness for fraud and moderation readiness, preserving current visual design unless necessary.",Clear App Router structure; seller route area absent despite README references.,74,P2,medium,E000;E031,repository scan; src/app route scan and README.md,Keep fraud and moderation readiness under regression coverage and improve where noted.,XS,medium,May reduce polish or scalability if left unmonitored.,none,no
CP-01-36,Repository structure and architecture,Does Repository structure and architecture meet the launch standard for cache and revalidation?,"Evidence-backed production readiness for cache and revalidation, preserving current visual design unless necessary.",Clear App Router structure; seller route area absent despite README references.,74,P2,medium,E000;E031,repository scan; src/app route scan and README.md,Keep cache and revalidation under regression coverage and improve where noted.,XS,medium,May reduce polish or scalability if left unmonitored.,none,no
CP-01-37,Repository structure and architecture,Does Repository structure and architecture meet the launch standard for N+1 or bulk-fetch risk?,"Evidence-backed production readiness for N+1 or bulk-fetch risk, preserving current visual design unless necessary.",Clear App Router structure; seller route area absent despite README references.,74,P2,medium,E000;E031,repository scan; src/app route scan and README.md,Keep N+1 or bulk-fetch risk under regression coverage and improve where noted.,XS,medium,May reduce polish or scalability if left unmonitored.,none,no
CP-01-38,Repository structure and architecture,Does Repository structure and architecture meet the launch standard for payment status integrity?,"Evidence-backed production readiness for payment status integrity, preserving current visual design unless necessary.",Clear App Router structure; seller route area absent despite README references.,74,P2,medium,E000;E031,repository scan; src/app route scan and README.md,Keep payment status integrity under regression coverage and improve where noted.,XS,medium,May reduce polish or scalability if left unmonitored.,none,no
CP-01-39,Repository structure and architecture,Does Repository structure and architecture meet the launch standard for guest and buyer flow?,"Evidence-backed production readiness for guest and buyer flow, preserving current visual design unless necessary.",Clear App Router structure; seller route area absent despite README references.,74,P2,medium,E000;E031,repository scan; src/app route scan and README.md,Keep guest and buyer flow under regression coverage and improve where noted.,XS,medium,May reduce polish or scalability if left unmonitored.,none,no
CP-01-40,Repository structure and architecture,Does Repository structure and architecture meet the launch standard for account privacy?,"Evidence-backed production readiness for account privacy, preserving current visual design unless necessary.","Account order detail is owner-scoped, but public confirmation exposes PII by orderNumber.",35,P0,medium,E022;E023;E010,src/app/(store)/order/[orderNumber]/confirmation/page.tsx; src/app/(store)/account/orders/[id]/page.tsx; .gitignore / git ls-files .env,Fix account privacy before launch or before enabling related feature.,M,critical,Launch risk remains around account privacy.,none,yes
CP-01-41,Repository structure and architecture,Does Repository structure and architecture meet the launch standard for product SEO fields?,"Evidence-backed production readiness for product SEO fields, preserving current visual design unless necessary.",Clear App Router structure; seller route area absent despite README references.,74,P2,medium,E000;E031,repository scan; src/app route scan and README.md,Keep product SEO fields under regression coverage and improve where noted.,XS,medium,May reduce polish or scalability if left unmonitored.,none,no
CP-01-42,Repository structure and architecture,Does Repository structure and architecture meet the launch standard for category taxonomy?,"Evidence-backed production readiness for category taxonomy, preserving current visual design unless necessary.",Clear App Router structure; seller route area absent despite README references.,74,P2,medium,E000;E031,repository scan; src/app route scan and README.md,Keep category taxonomy under regression coverage and improve where noted.,XS,medium,May reduce polish or scalability if left unmonitored.,none,no
CP-01-43,Repository structure and architecture,Does Repository structure and architecture meet the launch standard for internal linking?,"Evidence-backed production readiness for internal linking, preserving current visual design unless necessary.",Clear App Router structure; seller route area absent despite README references.,74,P2,medium,E000;E031,repository scan; src/app route scan and README.md,Keep internal linking under regression coverage and improve where noted.,XS,medium,May reduce polish or scalability if left unmonitored.,none,no
CP-01-44,Repository structure and architecture,Does Repository structure and architecture meet the launch standard for reviews and ratings?,"Evidence-backed production readiness for reviews and ratings, preserving current visual design unless necessary.",Clear App Router structure; seller route area absent despite README references.,74,P2,medium,E000;E031,repository scan; src/app route scan and README.md,Keep reviews and ratings under regression coverage and improve where noted.,XS,medium,May reduce polish or scalability if left unmonitored.,none,no
CP-01-45,Repository structure and architecture,Does Repository structure and architecture meet the launch standard for returns and refunds?,"Evidence-backed production readiness for returns and refunds, preserving current visual design unless necessary.",Clear App Router structure; seller route area absent despite README references.,74,P2,medium,E000;E031,repository scan; src/app route scan and README.md,Keep returns and refunds under regression coverage and improve where noted.,XS,medium,May reduce polish or scalability if left unmonitored.,none,no
CP-01-46,Repository structure and architecture,Does Repository structure and architecture meet the launch standard for deployment headers?,"Evidence-backed production readiness for deployment headers, preserving current visual design unless necessary.",Clear App Router structure; seller route area absent despite README references.,74,P2,medium,E000;E031,repository scan; src/app route scan and README.md,Keep deployment headers under regression coverage and improve where noted.,XS,medium,May reduce polish or scalability if left unmonitored.,none,no
CP-01-47,Repository structure and architecture,Does Repository structure and architecture meet the launch standard for dependency deprecation?,"Evidence-backed production readiness for dependency deprecation, preserving current visual design unless necessary.",Clear App Router structure; seller route area absent despite README references.,74,P2,medium,E000;E031,repository scan; src/app route scan and README.md,Keep dependency deprecation under regression coverage and improve where noted.,XS,medium,May reduce polish or scalability if left unmonitored.,none,no
CP-01-48,Repository structure and architecture,Does Repository structure and architecture meet the launch standard for observability?,"Evidence-backed production readiness for observability, preserving current visual design unless necessary.",Clear App Router structure; seller route area absent despite README references.,74,P2,medium,E000;E031,repository scan; src/app route scan and README.md,Keep observability under regression coverage and improve where noted.,XS,medium,May reduce polish or scalability if left unmonitored.,none,no
CP-01-49,Repository structure and architecture,Does Repository structure and architecture meet the launch standard for visual preservation?,"Evidence-backed production readiness for visual preservation, preserving current visual design unless necessary.",Clear App Router structure; seller route area absent despite README references.,74,P2,medium,E000;E031,repository scan; src/app route scan and README.md,Keep visual preservation under regression coverage and improve where noted.,XS,medium,May reduce polish or scalability if left unmonitored.,none,no
CP-01-50,Repository structure and architecture,Does Repository structure and architecture meet the launch standard for launch risk?,"Evidence-backed production readiness for launch risk, preserving current visual design unless necessary.",Clear App Router structure; seller route area absent despite README references.,74,P2,medium,E000;E031,repository scan; src/app route scan and README.md,Keep launch risk under regression coverage and improve where noted.,XS,medium,May reduce polish or scalability if left unmonitored.,none,no
CP-02-01,"Build system, package scripts, dependencies, and version hygiene","Does Build system, package scripts, dependencies, and version hygiene meet the launch standard for route group coverage?","Evidence-backed production readiness for route group coverage, preserving current visual design unless necessary.",Typecheck/lint/tests pass; build/dependency audit skipped under audit-only constraints.,74,P2,medium,E001;E032;E033;E035;E047,package.json; npm.cmd run typecheck -- --incremental false; npm.cmd run lint; npm.cmd run build; npm audit,Keep route group coverage under regression coverage and improve where noted.,XS,medium,May reduce polish or scalability if left unmonitored.,none,no
CP-02-02,"Build system, package scripts, dependencies, and version hygiene","Does Build system, package scripts, dependencies, and version hygiene meet the launch standard for API mutation coverage?","Evidence-backed production readiness for API mutation coverage, preserving current visual design unless necessary.",Typecheck/lint/tests pass; build/dependency audit skipped under audit-only constraints.,74,P2,medium,E001;E032;E033;E035;E047,package.json; npm.cmd run typecheck -- --incremental false; npm.cmd run lint; npm.cmd run build; npm audit,Keep API mutation coverage under regression coverage and improve where noted.,XS,medium,May reduce polish or scalability if left unmonitored.,none,no
CP-02-03,"Build system, package scripts, dependencies, and version hygiene","Does Build system, package scripts, dependencies, and version hygiene meet the launch standard for RBAC enforcement?","Evidence-backed production readiness for RBAC enforcement, preserving current visual design unless necessary.",Typecheck/lint/tests pass; build/dependency audit skipped under audit-only constraints.,74,P2,medium,E001;E032;E033;E035;E047,package.json; npm.cmd run typecheck -- --incremental false; npm.cmd run lint; npm.cmd run build; npm audit,Keep RBAC enforcement under regression coverage and improve where noted.,XS,medium,May reduce polish or scalability if left unmonitored.,none,no
CP-02-04,"Build system, package scripts, dependencies, and version hygiene","Does Build system, package scripts, dependencies, and version hygiene meet the launch standard for authenticated data access?","Evidence-backed production readiness for authenticated data access, preserving current visual design unless necessary.",Typecheck/lint/tests pass; build/dependency audit skipped under audit-only constraints.,74,P2,medium,E001;E032;E033;E035;E047,package.json; npm.cmd run typecheck -- --incremental false; npm.cmd run lint; npm.cmd run build; npm audit,Keep authenticated data access under regression coverage and improve where noted.,XS,medium,May reduce polish or scalability if left unmonitored.,none,no
CP-02-05,"Build system, package scripts, dependencies, and version hygiene","Does Build system, package scripts, dependencies, and version hygiene meet the launch standard for schema support?","Evidence-backed production readiness for schema support, preserving current visual design unless necessary.",Typecheck/lint/tests pass; build/dependency audit skipped under audit-only constraints.,74,P2,medium,E001;E032;E033;E035;E047,package.json; npm.cmd run typecheck -- --incremental false; npm.cmd run lint; npm.cmd run build; npm audit,Keep schema support under regression coverage and improve where noted.,XS,medium,May reduce polish or scalability if left unmonitored.,none,no
CP-02-06,"Build system, package scripts, dependencies, and version hygiene","Does Build system, package scripts, dependencies, and version hygiene meet the launch standard for validation path?","Evidence-backed production readiness for validation path, preserving current visual design unless necessary.",Typecheck/lint/tests pass; build/dependency audit skipped under audit-only constraints.,74,P2,medium,E001;E032;E033;E035;E047,package.json; npm.cmd run typecheck -- --incremental false; npm.cmd run lint; npm.cmd run build; npm audit,Keep validation path under regression coverage and improve where noted.,XS,medium,May reduce polish or scalability if left unmonitored.,none,no
CP-02-07,"Build system, package scripts, dependencies, and version hygiene","Does Build system, package scripts, dependencies, and version hygiene meet the launch standard for error handling?","Evidence-backed production readiness for error handling, preserving current visual design unless necessary.",Typecheck/lint/tests pass; build/dependency audit skipped under audit-only constraints.,74,P2,medium,E001;E032;E033;E035;E047,package.json; npm.cmd run typecheck -- --incremental false; npm.cmd run lint; npm.cmd run build; npm audit,Keep error handling under regression coverage and improve where noted.,XS,medium,May reduce polish or scalability if left unmonitored.,none,no
CP-02-08,"Build system, package scripts, dependencies, and version hygiene","Does Build system, package scripts, dependencies, and version hygiene meet the launch standard for audit logging?","Evidence-backed production readiness for audit logging, preserving current visual design unless necessary.",Typecheck/lint/tests pass; build/dependency audit skipped under audit-only constraints.,74,P2,medium,E001;E032;E033;E035;E047,package.json; npm.cmd run typecheck -- --incremental false; npm.cmd run lint; npm.cmd run build; npm audit,Keep audit logging under regression coverage and improve where noted.,XS,medium,May reduce polish or scalability if left unmonitored.,none,no
CP-02-09,"Build system, package scripts, dependencies, and version hygiene","Does Build system, package scripts, dependencies, and version hygiene meet the launch standard for environment dependency?","Evidence-backed production readiness for environment dependency, preserving current visual design unless necessary.",Typecheck/lint/tests pass; build/dependency audit skipped under audit-only constraints.,74,P2,medium,E001;E032;E033;E035;E047,package.json; npm.cmd run typecheck -- --incremental false; npm.cmd run lint; npm.cmd run build; npm audit,Keep environment dependency under regression coverage and improve where noted.,XS,medium,May reduce polish or scalability if left unmonitored.,none,no
CP-02-10,"Build system, package scripts, dependencies, and version hygiene","Does Build system, package scripts, dependencies, and version hygiene meet the launch standard for command verification?","Evidence-backed production readiness for command verification, preserving current visual design unless necessary.",Typecheck/lint/tests pass; build/dependency audit skipped under audit-only constraints.,74,P2,medium,E001;E032;E033;E035;E047,package.json; npm.cmd run typecheck -- --incremental false; npm.cmd run lint; npm.cmd run build; npm audit,Keep command verification under regression coverage and improve where noted.,XS,medium,May reduce polish or scalability if left unmonitored.,none,no
CP-02-11,"Build system, package scripts, dependencies, and version hygiene","Does Build system, package scripts, dependencies, and version hygiene meet the launch standard for test coverage?","Evidence-backed production readiness for test coverage, preserving current visual design unless necessary.",Typecheck/lint/tests pass; build/dependency audit skipped under audit-only constraints.,74,P2,medium,E001;E032;E033;E035;E047,package.json; npm.cmd run typecheck -- --incremental false; npm.cmd run lint; npm.cmd run build; npm audit,Keep test coverage under regression coverage and improve where noted.,XS,medium,May reduce polish or scalability if left unmonitored.,none,no
CP-02-12,"Build system, package scripts, dependencies, and version hygiene","Does Build system, package scripts, dependencies, and version hygiene meet the launch standard for data fetching strategy?","Evidence-backed production readiness for data fetching strategy, preserving current visual design unless necessary.",In-memory route limiter exists but is not distributed.,58,P1,medium,E008,src/backend/security/rate-limit.ts,Fix data fetching strategy before launch or before enabling related feature.,S,medium,Launch risk remains around data fetching strategy.,none,no
CP-02-13,"Build system, package scripts, dependencies, and version hygiene","Does Build system, package scripts, dependencies, and version hygiene meet the launch standard for image/media handling?","Evidence-backed production readiness for image/media handling, preserving current visual design unless necessary.",Typecheck/lint/tests pass; build/dependency audit skipped under audit-only constraints.,74,P2,medium,E001;E032;E033;E035;E047,package.json; npm.cmd run typecheck -- --incremental false; npm.cmd run lint; npm.cmd run build; npm audit,Keep image/media handling under regression coverage and improve where noted.,XS,medium,May reduce polish or scalability if left unmonitored.,none,no
CP-02-14,"Build system, package scripts, dependencies, and version hygiene","Does Build system, package scripts, dependencies, and version hygiene meet the launch standard for metadata and canonical handling?","Evidence-backed production readiness for metadata and canonical handling, preserving current visual design unless necessary.",Typecheck/lint/tests pass; build/dependency audit skipped under audit-only constraints.,74,P2,medium,E011;E017;E018,src/backend/seo/metadata.ts; src/app/(store)/category/[slug]/page.tsx; src/app/(store)/search/page.tsx,Keep metadata and canonical handling under regression coverage and improve where noted.,XS,medium,May reduce polish or scalability if left unmonitored.,none,no
CP-02-15,"Build system, package scripts, dependencies, and version hygiene","Does Build system, package scripts, dependencies, and version hygiene meet the launch standard for structured data handling?","Evidence-backed production readiness for structured data handling, preserving current visual design unless necessary.",Typecheck/lint/tests pass; build/dependency audit skipped under audit-only constraints.,74,P2,medium,E014;E016;E017,src/backend/seo/structured-data.ts; src/app/(store)/products/[slug]/page.tsx; src/app/(store)/category/[slug]/page.tsx,Keep structured data handling under regression coverage and improve where noted.,XS,medium,May reduce polish or scalability if left unmonitored.,none,no
CP-02-16,"Build system, package scripts, dependencies, and version hygiene","Does Build system, package scripts, dependencies, and version hygiene meet the launch standard for sitemap and robots handling?","Evidence-backed production readiness for sitemap and robots handling, preserving current visual design unless necessary.",Typecheck/lint/tests pass; build/dependency audit skipped under audit-only constraints.,74,P2,medium,E001;E032;E033;E035;E047,package.json; npm.cmd run typecheck -- --incremental false; npm.cmd run lint; npm.cmd run build; npm audit,Keep sitemap and robots handling under regression coverage and improve where noted.,XS,medium,May reduce polish or scalability if left unmonitored.,none,no
CP-02-17,"Build system, package scripts, dependencies, and version hygiene","Does Build system, package scripts, dependencies, and version hygiene meet the launch standard for pagination and facets?","Evidence-backed production readiness for pagination and facets, preserving current visual design unless necessary.",Typecheck/lint/tests pass; build/dependency audit skipped under audit-only constraints.,74,P2,medium,E001;E032;E033;E035;E047,package.json; npm.cmd run typecheck -- --incremental false; npm.cmd run lint; npm.cmd run build; npm audit,Keep pagination and facets under regression coverage and improve where noted.,XS,medium,May reduce polish or scalability if left unmonitored.,none,no
CP-02-18,"Build system, package scripts, dependencies, and version hygiene","Does Build system, package scripts, dependencies, and version hygiene meet the launch standard for seller ownership?","Evidence-backed production readiness for seller ownership, preserving current visual design unless necessary.","Seller schema exists, but no seller route area was found and product writes are first-party/admin-managed.",45,P1,medium,E031;E026;E003,src/app route scan and README.md; src/backend/admin/product-editor.ts; prisma/schema.prisma,Fix seller ownership before launch or before enabling related feature.,S,medium,Launch risk remains around seller ownership.,minor,no
CP-02-19,"Build system, package scripts, dependencies, and version hygiene","Does Build system, package scripts, dependencies, and version hygiene meet the launch standard for admin versus super-admin split?","Evidence-backed production readiness for admin versus super-admin split, preserving current visual design unless necessary.",Typecheck/lint/tests pass; build/dependency audit skipped under audit-only constraints.,74,P2,medium,E001;E032;E033;E035;E047,package.json; npm.cmd run typecheck -- --incremental false; npm.cmd run lint; npm.cmd run build; npm audit,Keep admin versus super-admin split under regression coverage and improve where noted.,XS,medium,May reduce polish or scalability if left unmonitored.,none,no
CP-02-20,"Build system, package scripts, dependencies, and version hygiene","Does Build system, package scripts, dependencies, and version hygiene meet the launch standard for order payment shipment status?","Evidence-backed production readiness for order payment shipment status, preserving current visual design unless necessary.",Typecheck/lint/tests pass; build/dependency audit skipped under audit-only constraints.,74,P2,medium,E001;E032;E033;E035;E047,package.json; npm.cmd run typecheck -- --incremental false; npm.cmd run lint; npm.cmd run build; npm audit,Keep order payment shipment status under regression coverage and improve where noted.,XS,medium,May reduce polish or scalability if left unmonitored.,none,no
CP-02-21,"Build system, package scripts, dependencies, and version hygiene","Does Build system, package scripts, dependencies, and version hygiene meet the launch standard for rate limiting?","Evidence-backed production readiness for rate limiting, preserving current visual design unless necessary.",In-memory route limiter exists but is not distributed.,58,P1,medium,E008,src/backend/security/rate-limit.ts,Fix rate limiting before launch or before enabling related feature.,S,medium,Launch risk remains around rate limiting.,none,no
CP-02-22,"Build system, package scripts, dependencies, and version hygiene","Does Build system, package scripts, dependencies, and version hygiene meet the launch standard for CSRF and origin control?","Evidence-backed production readiness for CSRF and origin control, preserving current visual design unless necessary.",No explicit CSRF token or Origin/Referer check found in sampled custom mutation APIs.,55,P1,medium,E060,custom mutation CSRF/origin scan,Fix CSRF and origin control before launch or before enabling related feature.,S,medium,Launch risk remains around CSRF and origin control.,none,no
CP-02-23,"Build system, package scripts, dependencies, and version hygiene","Does Build system, package scripts, dependencies, and version hygiene meet the launch standard for secret exposure?","Evidence-backed production readiness for secret exposure, preserving current visual design unless necessary.",Typecheck/lint/tests pass; build/dependency audit skipped under audit-only constraints.,74,P2,medium,E001;E032;E033;E035;E047,package.json; npm.cmd run typecheck -- --incremental false; npm.cmd run lint; npm.cmd run build; npm audit,Keep secret exposure under regression coverage and improve where noted.,XS,medium,May reduce polish or scalability if left unmonitored.,none,no
CP-02-24,"Build system, package scripts, dependencies, and version hygiene","Does Build system, package scripts, dependencies, and version hygiene meet the launch standard for console and logging hygiene?","Evidence-backed production readiness for console and logging hygiene, preserving current visual design unless necessary.",Typecheck/lint/tests pass; build/dependency audit skipped under audit-only constraints.,74,P2,medium,E001;E032;E033;E035;E047,package.json; npm.cmd run typecheck -- --incremental false; npm.cmd run lint; npm.cmd run build; npm audit,Keep console and logging hygiene under regression coverage and improve where noted.,XS,medium,May reduce polish or scalability if left unmonitored.,none,no
CP-02-25,"Build system, package scripts, dependencies, and version hygiene","Does Build system, package scripts, dependencies, and version hygiene meet the launch standard for type safety?","Evidence-backed production readiness for type safety, preserving current visual design unless necessary.",Typecheck/lint/tests pass; build/dependency audit skipped under audit-only constraints.,74,P2,medium,E001;E032;E033;E035;E047,package.json; npm.cmd run typecheck -- --incremental false; npm.cmd run lint; npm.cmd run build; npm audit,Keep type safety under regression coverage and improve where noted.,XS,medium,May reduce polish or scalability if left unmonitored.,none,no
CP-02-26,"Build system, package scripts, dependencies, and version hygiene","Does Build system, package scripts, dependencies, and version hygiene meet the launch standard for duplicate or dead code risk?","Evidence-backed production readiness for duplicate or dead code risk, preserving current visual design unless necessary.",Typecheck/lint/tests pass; build/dependency audit skipped under audit-only constraints.,74,P2,medium,E001;E032;E033;E035;E047,package.json; npm.cmd run typecheck -- --incremental false; npm.cmd run lint; npm.cmd run build; npm audit,Keep duplicate or dead code risk under regression coverage and improve where noted.,XS,medium,May reduce polish or scalability if left unmonitored.,none,no
CP-02-27,"Build system, package scripts, dependencies, and version hygiene","Does Build system, package scripts, dependencies, and version hygiene meet the launch standard for README and implementation alignment?","Evidence-backed production readiness for README and implementation alignment, preserving current visual design unless necessary.",Typecheck/lint/tests pass; build/dependency audit skipped under audit-only constraints.,74,P2,medium,E001;E032;E033;E035;E047,package.json; npm.cmd run typecheck -- --incremental false; npm.cmd run lint; npm.cmd run build; npm audit,Keep README and implementation alignment under regression coverage and improve where noted.,XS,medium,May reduce polish or scalability if left unmonitored.,none,no
CP-02-28,"Build system, package scripts, dependencies, and version hygiene","Does Build system, package scripts, dependencies, and version hygiene meet the launch standard for accessibility controls?","Evidence-backed production readiness for accessibility controls, preserving current visual design unless necessary.",Typecheck/lint/tests pass; build/dependency audit skipped under audit-only constraints.,74,P2,medium,E001;E032;E033;E035;E047,package.json; npm.cmd run typecheck -- --incremental false; npm.cmd run lint; npm.cmd run build; npm audit,Keep accessibility controls under regression coverage and improve where noted.,XS,medium,May reduce polish or scalability if left unmonitored.,none,no
CP-02-29,"Build system, package scripts, dependencies, and version hygiene","Does Build system, package scripts, dependencies, and version hygiene meet the launch standard for mobile layout behavior?","Evidence-backed production readiness for mobile layout behavior, preserving current visual design unless necessary.",Typecheck/lint/tests pass; build/dependency audit skipped under audit-only constraints.,74,P2,medium,E001;E032;E033;E035;E047,package.json; npm.cmd run typecheck -- --incremental false; npm.cmd run lint; npm.cmd run build; npm audit,Keep mobile layout behavior under regression coverage and improve where noted.,XS,medium,May reduce polish or scalability if left unmonitored.,none,no
CP-02-30,"Build system, package scripts, dependencies, and version hygiene","Does Build system, package scripts, dependencies, and version hygiene meet the launch standard for Bangladesh localization?","Evidence-backed production readiness for Bangladesh localization, preserving current visual design unless necessary.",Typecheck/lint/tests pass; build/dependency audit skipped under audit-only constraints.,74,P2,medium,E001;E032;E033;E035;E047,package.json; npm.cmd run typecheck -- --incremental false; npm.cmd run lint; npm.cmd run build; npm audit,Keep Bangladesh localization under regression coverage and improve where noted.,XS,medium,May reduce polish or scalability if left unmonitored.,none,no
CP-02-31,"Build system, package scripts, dependencies, and version hygiene","Does Build system, package scripts, dependencies, and version hygiene meet the launch standard for Bangla and English readiness?","Evidence-backed production readiness for Bangla and English readiness, preserving current visual design unless necessary.",Typecheck/lint/tests pass; build/dependency audit skipped under audit-only constraints.,74,P2,medium,E001;E032;E033;E035;E047,package.json; npm.cmd run typecheck -- --incremental false; npm.cmd run lint; npm.cmd run build; npm audit,Keep Bangla and English readiness under regression coverage and improve where noted.,XS,medium,May reduce polish or scalability if left unmonitored.,none,no
CP-02-32,"Build system, package scripts, dependencies, and version hygiene","Does Build system, package scripts, dependencies, and version hygiene meet the launch standard for Merchant Center readiness?","Evidence-backed production readiness for Merchant Center readiness, preserving current visual design unless necessary.",Typecheck/lint/tests pass; build/dependency audit skipped under audit-only constraints.,74,P2,medium,E001;E032;E033;E035;E047,package.json; npm.cmd run typecheck -- --incremental false; npm.cmd run lint; npm.cmd run build; npm audit,Keep Merchant Center readiness under regression coverage and improve where noted.,XS,medium,May reduce polish or scalability if left unmonitored.,none,no
CP-02-33,"Build system, package scripts, dependencies, and version hygiene","Does Build system, package scripts, dependencies, and version hygiene meet the launch standard for webhook readiness?","Evidence-backed production readiness for webhook readiness, preserving current visual design unless necessary.","Payment env variables exist, but no webhook route was found.",45,P1,medium,E043;E050,webhook route scan; src/app/api/admin/orders/[id]/payment-status/route.ts,Fix webhook readiness before launch or before enabling related feature.,S,medium,Launch risk remains around webhook readiness.,none,no
CP-02-34,"Build system, package scripts, dependencies, and version hygiene","Does Build system, package scripts, dependencies, and version hygiene meet the launch standard for shipment tracking readiness?","Evidence-backed production readiness for shipment tracking readiness, preserving current visual design unless necessary.",Typecheck/lint/tests pass; build/dependency audit skipped under audit-only constraints.,74,P2,medium,E001;E032;E033;E035;E047,package.json; npm.cmd run typecheck -- --incremental false; npm.cmd run lint; npm.cmd run build; npm audit,Keep shipment tracking readiness under regression coverage and improve where noted.,XS,medium,May reduce polish or scalability if left unmonitored.,none,no
CP-02-35,"Build system, package scripts, dependencies, and version hygiene","Does Build system, package scripts, dependencies, and version hygiene meet the launch standard for fraud and moderation readiness?","Evidence-backed production readiness for fraud and moderation readiness, preserving current visual design unless necessary.",Typecheck/lint/tests pass; build/dependency audit skipped under audit-only constraints.,74,P2,medium,E001;E032;E033;E035;E047,package.json; npm.cmd run typecheck -- --incremental false; npm.cmd run lint; npm.cmd run build; npm audit,Keep fraud and moderation readiness under regression coverage and improve where noted.,XS,medium,May reduce polish or scalability if left unmonitored.,none,no
CP-02-36,"Build system, package scripts, dependencies, and version hygiene","Does Build system, package scripts, dependencies, and version hygiene meet the launch standard for cache and revalidation?","Evidence-backed production readiness for cache and revalidation, preserving current visual design unless necessary.",Typecheck/lint/tests pass; build/dependency audit skipped under audit-only constraints.,74,P2,medium,E001;E032;E033;E035;E047,package.json; npm.cmd run typecheck -- --incremental false; npm.cmd run lint; npm.cmd run build; npm audit,Keep cache and revalidation under regression coverage and improve where noted.,XS,medium,May reduce polish or scalability if left unmonitored.,none,no
CP-02-37,"Build system, package scripts, dependencies, and version hygiene","Does Build system, package scripts, dependencies, and version hygiene meet the launch standard for N+1 or bulk-fetch risk?","Evidence-backed production readiness for N+1 or bulk-fetch risk, preserving current visual design unless necessary.",Typecheck/lint/tests pass; build/dependency audit skipped under audit-only constraints.,74,P2,medium,E001;E032;E033;E035;E047,package.json; npm.cmd run typecheck -- --incremental false; npm.cmd run lint; npm.cmd run build; npm audit,Keep N+1 or bulk-fetch risk under regression coverage and improve where noted.,XS,medium,May reduce polish or scalability if left unmonitored.,none,no
CP-02-38,"Build system, package scripts, dependencies, and version hygiene","Does Build system, package scripts, dependencies, and version hygiene meet the launch standard for payment status integrity?","Evidence-backed production readiness for payment status integrity, preserving current visual design unless necessary.",Typecheck/lint/tests pass; build/dependency audit skipped under audit-only constraints.,74,P2,medium,E001;E032;E033;E035;E047,package.json; npm.cmd run typecheck -- --incremental false; npm.cmd run lint; npm.cmd run build; npm audit,Keep payment status integrity under regression coverage and improve where noted.,XS,medium,May reduce polish or scalability if left unmonitored.,none,no
CP-02-39,"Build system, package scripts, dependencies, and version hygiene","Does Build system, package scripts, dependencies, and version hygiene meet the launch standard for guest and buyer flow?","Evidence-backed production readiness for guest and buyer flow, preserving current visual design unless necessary.",Typecheck/lint/tests pass; build/dependency audit skipped under audit-only constraints.,74,P2,medium,E001;E032;E033;E035;E047,package.json; npm.cmd run typecheck -- --incremental false; npm.cmd run lint; npm.cmd run build; npm audit,Keep guest and buyer flow under regression coverage and improve where noted.,XS,medium,May reduce polish or scalability if left unmonitored.,none,no
CP-02-40,"Build system, package scripts, dependencies, and version hygiene","Does Build system, package scripts, dependencies, and version hygiene meet the launch standard for account privacy?","Evidence-backed production readiness for account privacy, preserving current visual design unless necessary.","Account order detail is owner-scoped, but public confirmation exposes PII by orderNumber.",35,P0,medium,E022;E023;E010,src/app/(store)/order/[orderNumber]/confirmation/page.tsx; src/app/(store)/account/orders/[id]/page.tsx; .gitignore / git ls-files .env,Fix account privacy before launch or before enabling related feature.,M,critical,Launch risk remains around account privacy.,none,yes
CP-02-41,"Build system, package scripts, dependencies, and version hygiene","Does Build system, package scripts, dependencies, and version hygiene meet the launch standard for product SEO fields?","Evidence-backed production readiness for product SEO fields, preserving current visual design unless necessary.",Typecheck/lint/tests pass; build/dependency audit skipped under audit-only constraints.,74,P2,medium,E001;E032;E033;E035;E047,package.json; npm.cmd run typecheck -- --incremental false; npm.cmd run lint; npm.cmd run build; npm audit,Keep product SEO fields under regression coverage and improve where noted.,XS,medium,May reduce polish or scalability if left unmonitored.,none,no
CP-02-42,"Build system, package scripts, dependencies, and version hygiene","Does Build system, package scripts, dependencies, and version hygiene meet the launch standard for category taxonomy?","Evidence-backed production readiness for category taxonomy, preserving current visual design unless necessary.",Typecheck/lint/tests pass; build/dependency audit skipped under audit-only constraints.,74,P2,medium,E001;E032;E033;E035;E047,package.json; npm.cmd run typecheck -- --incremental false; npm.cmd run lint; npm.cmd run build; npm audit,Keep category taxonomy under regression coverage and improve where noted.,XS,medium,May reduce polish or scalability if left unmonitored.,none,no
CP-02-43,"Build system, package scripts, dependencies, and version hygiene","Does Build system, package scripts, dependencies, and version hygiene meet the launch standard for internal linking?","Evidence-backed production readiness for internal linking, preserving current visual design unless necessary.",Typecheck/lint/tests pass; build/dependency audit skipped under audit-only constraints.,74,P2,medium,E001;E032;E033;E035;E047,package.json; npm.cmd run typecheck -- --incremental false; npm.cmd run lint; npm.cmd run build; npm audit,Keep internal linking under regression coverage and improve where noted.,XS,medium,May reduce polish or scalability if left unmonitored.,none,no
CP-02-44,"Build system, package scripts, dependencies, and version hygiene","Does Build system, package scripts, dependencies, and version hygiene meet the launch standard for reviews and ratings?","Evidence-backed production readiness for reviews and ratings, preserving current visual design unless necessary.",Typecheck/lint/tests pass; build/dependency audit skipped under audit-only constraints.,74,P2,medium,E001;E032;E033;E035;E047,package.json; npm.cmd run typecheck -- --incremental false; npm.cmd run lint; npm.cmd run build; npm audit,Keep reviews and ratings under regression coverage and improve where noted.,XS,medium,May reduce polish or scalability if left unmonitored.,none,no
CP-02-45,"Build system, package scripts, dependencies, and version hygiene","Does Build system, package scripts, dependencies, and version hygiene meet the launch standard for returns and refunds?","Evidence-backed production readiness for returns and refunds, preserving current visual design unless necessary.",Typecheck/lint/tests pass; build/dependency audit skipped under audit-only constraints.,74,P2,medium,E001;E032;E033;E035;E047,package.json; npm.cmd run typecheck -- --incremental false; npm.cmd run lint; npm.cmd run build; npm audit,Keep returns and refunds under regression coverage and improve where noted.,XS,medium,May reduce polish or scalability if left unmonitored.,none,no
CP-02-46,"Build system, package scripts, dependencies, and version hygiene","Does Build system, package scripts, dependencies, and version hygiene meet the launch standard for deployment headers?","Evidence-backed production readiness for deployment headers, preserving current visual design unless necessary.",Typecheck/lint/tests pass; build/dependency audit skipped under audit-only constraints.,74,P2,medium,E001;E032;E033;E035;E047,package.json; npm.cmd run typecheck -- --incremental false; npm.cmd run lint; npm.cmd run build; npm audit,Keep deployment headers under regression coverage and improve where noted.,XS,medium,May reduce polish or scalability if left unmonitored.,none,no
CP-02-47,"Build system, package scripts, dependencies, and version hygiene","Does Build system, package scripts, dependencies, and version hygiene meet the launch standard for dependency deprecation?","Evidence-backed production readiness for dependency deprecation, preserving current visual design unless necessary.",Typecheck/lint/tests pass; build/dependency audit skipped under audit-only constraints.,74,P2,medium,E001;E032;E033;E035;E047,package.json; npm.cmd run typecheck -- --incremental false; npm.cmd run lint; npm.cmd run build; npm audit,Keep dependency deprecation under regression coverage and improve where noted.,XS,medium,May reduce polish or scalability if left unmonitored.,none,no
CP-02-48,"Build system, package scripts, dependencies, and version hygiene","Does Build system, package scripts, dependencies, and version hygiene meet the launch standard for observability?","Evidence-backed production readiness for observability, preserving current visual design unless necessary.",Typecheck/lint/tests pass; build/dependency audit skipped under audit-only constraints.,74,P2,medium,E001;E032;E033;E035;E047,package.json; npm.cmd run typecheck -- --incremental false; npm.cmd run lint; npm.cmd run build; npm audit,Keep observability under regression coverage and improve where noted.,XS,medium,May reduce polish or scalability if left unmonitored.,none,no
CP-02-49,"Build system, package scripts, dependencies, and version hygiene","Does Build system, package scripts, dependencies, and version hygiene meet the launch standard for visual preservation?","Evidence-backed production readiness for visual preservation, preserving current visual design unless necessary.",Typecheck/lint/tests pass; build/dependency audit skipped under audit-only constraints.,74,P2,medium,E001;E032;E033;E035;E047,package.json; npm.cmd run typecheck -- --incremental false; npm.cmd run lint; npm.cmd run build; npm audit,Keep visual preservation under regression coverage and improve where noted.,XS,medium,May reduce polish or scalability if left unmonitored.,none,no
CP-02-50,"Build system, package scripts, dependencies, and version hygiene","Does Build system, package scripts, dependencies, and version hygiene meet the launch standard for launch risk?","Evidence-backed production readiness for launch risk, preserving current visual design unless necessary.",Typecheck/lint/tests pass; build/dependency audit skipped under audit-only constraints.,74,P2,medium,E001;E032;E033;E035;E047,package.json; npm.cmd run typecheck -- --incremental false; npm.cmd run lint; npm.cmd run build; npm audit,Keep launch risk under regression coverage and improve where noted.,XS,medium,May reduce polish or scalability if left unmonitored.,none,no
CP-03-01,TypeScript/JavaScript correctness and static safety,Does TypeScript/JavaScript correctness and static safety meet the launch standard for route group coverage?,"Evidence-backed production readiness for route group coverage, preserving current visual design unless necessary.",Strict TypeScript passes; loose any shims remain.,74,P2,medium,E032;E038;E041;E042,npm.cmd run typecheck -- --incremental false; tsconfig.json; src/backend/database/index.ts; console/TODO/any/catch scan,Keep route group coverage under regression coverage and improve where noted.,XS,medium,May reduce polish or scalability if left unmonitored.,none,no
CP-03-02,TypeScript/JavaScript correctness and static safety,Does TypeScript/JavaScript correctness and static safety meet the launch standard for API mutation coverage?,"Evidence-backed production readiness for API mutation coverage, preserving current visual design unless necessary.",Strict TypeScript passes; loose any shims remain.,74,P2,medium,E032;E038;E041;E042,npm.cmd run typecheck -- --incremental false; tsconfig.json; src/backend/database/index.ts; console/TODO/any/catch scan,Keep API mutation coverage under regression coverage and improve where noted.,XS,medium,May reduce polish or scalability if left unmonitored.,none,no
CP-03-03,TypeScript/JavaScript correctness and static safety,Does TypeScript/JavaScript correctness and static safety meet the launch standard for RBAC enforcement?,"Evidence-backed production readiness for RBAC enforcement, preserving current visual design unless necessary.",Strict TypeScript passes; loose any shims remain.,74,P2,medium,E032;E038;E041;E042,npm.cmd run typecheck -- --incremental false; tsconfig.json; src/backend/database/index.ts; console/TODO/any/catch scan,Keep RBAC enforcement under regression coverage and improve where noted.,XS,medium,May reduce polish or scalability if left unmonitored.,none,no
CP-03-04,TypeScript/JavaScript correctness and static safety,Does TypeScript/JavaScript correctness and static safety meet the launch standard for authenticated data access?,"Evidence-backed production readiness for authenticated data access, preserving current visual design unless necessary.",Strict TypeScript passes; loose any shims remain.,74,P2,medium,E032;E038;E041;E042,npm.cmd run typecheck -- --incremental false; tsconfig.json; src/backend/database/index.ts; console/TODO/any/catch scan,Keep authenticated data access under regression coverage and improve where noted.,XS,medium,May reduce polish or scalability if left unmonitored.,none,no
CP-03-05,TypeScript/JavaScript correctness and static safety,Does TypeScript/JavaScript correctness and static safety meet the launch standard for schema support?,"Evidence-backed production readiness for schema support, preserving current visual design unless necessary.",Strict TypeScript passes; loose any shims remain.,74,P2,medium,E032;E038;E041;E042,npm.cmd run typecheck -- --incremental false; tsconfig.json; src/backend/database/index.ts; console/TODO/any/catch scan,Keep schema support under regression coverage and improve where noted.,XS,medium,May reduce polish or scalability if left unmonitored.,none,no
CP-03-06,TypeScript/JavaScript correctness and static safety,Does TypeScript/JavaScript correctness and static safety meet the launch standard for validation path?,"Evidence-backed production readiness for validation path, preserving current visual design unless necessary.",Strict TypeScript passes; loose any shims remain.,74,P2,medium,E032;E038;E041;E042,npm.cmd run typecheck -- --incremental false; tsconfig.json; src/backend/database/index.ts; console/TODO/any/catch scan,Keep validation path under regression coverage and improve where noted.,XS,medium,May reduce polish or scalability if left unmonitored.,none,no
CP-03-07,TypeScript/JavaScript correctness and static safety,Does TypeScript/JavaScript correctness and static safety meet the launch standard for error handling?,"Evidence-backed production readiness for error handling, preserving current visual design unless necessary.",Strict TypeScript passes; loose any shims remain.,74,P2,medium,E032;E038;E041;E042,npm.cmd run typecheck -- --incremental false; tsconfig.json; src/backend/database/index.ts; console/TODO/any/catch scan,Keep error handling under regression coverage and improve where noted.,XS,medium,May reduce polish or scalability if left unmonitored.,none,no
CP-03-08,TypeScript/JavaScript correctness and static safety,Does TypeScript/JavaScript correctness and static safety meet the launch standard for audit logging?,"Evidence-backed production readiness for audit logging, preserving current visual design unless necessary.",Strict TypeScript passes; loose any shims remain.,74,P2,medium,E032;E038;E041;E042,npm.cmd run typecheck -- --incremental false; tsconfig.json; src/backend/database/index.ts; console/TODO/any/catch scan,Keep audit logging under regression coverage and improve where noted.,XS,medium,May reduce polish or scalability if left unmonitored.,none,no
CP-03-09,TypeScript/JavaScript correctness and static safety,Does TypeScript/JavaScript correctness and static safety meet the launch standard for environment dependency?,"Evidence-backed production readiness for environment dependency, preserving current visual design unless necessary.",Strict TypeScript passes; loose any shims remain.,74,P2,medium,E032;E038;E041;E042,npm.cmd run typecheck -- --incremental false; tsconfig.json; src/backend/database/index.ts; console/TODO/any/catch scan,Keep environment dependency under regression coverage and improve where noted.,XS,medium,May reduce polish or scalability if left unmonitored.,none,no
CP-03-10,TypeScript/JavaScript correctness and static safety,Does TypeScript/JavaScript correctness and static safety meet the launch standard for command verification?,"Evidence-backed production readiness for command verification, preserving current visual design unless necessary.",Strict TypeScript passes; loose any shims remain.,74,P2,medium,E032;E038;E041;E042,npm.cmd run typecheck -- --incremental false; tsconfig.json; src/backend/database/index.ts; console/TODO/any/catch scan,Keep command verification under regression coverage and improve where noted.,XS,medium,May reduce polish or scalability if left unmonitored.,none,no
CP-03-11,TypeScript/JavaScript correctness and static safety,Does TypeScript/JavaScript correctness and static safety meet the launch standard for test coverage?,"Evidence-backed production readiness for test coverage, preserving current visual design unless necessary.",Strict TypeScript passes; loose any shims remain.,74,P2,medium,E032;E038;E041;E042,npm.cmd run typecheck -- --incremental false; tsconfig.json; src/backend/database/index.ts; console/TODO/any/catch scan,Keep test coverage under regression coverage and improve where noted.,XS,medium,May reduce polish or scalability if left unmonitored.,none,no
CP-03-12,TypeScript/JavaScript correctness and static safety,Does TypeScript/JavaScript correctness and static safety meet the launch standard for data fetching strategy?,"Evidence-backed production readiness for data fetching strategy, preserving current visual design unless necessary.",In-memory route limiter exists but is not distributed.,58,P1,medium,E008,src/backend/security/rate-limit.ts,Fix data fetching strategy before launch or before enabling related feature.,S,medium,Launch risk remains around data fetching strategy.,none,no
CP-03-13,TypeScript/JavaScript correctness and static safety,Does TypeScript/JavaScript correctness and static safety meet the launch standard for image/media handling?,"Evidence-backed production readiness for image/media handling, preserving current visual design unless necessary.",Strict TypeScript passes; loose any shims remain.,74,P2,medium,E032;E038;E041;E042,npm.cmd run typecheck -- --incremental false; tsconfig.json; src/backend/database/index.ts; console/TODO/any/catch scan,Keep image/media handling under regression coverage and improve where noted.,XS,medium,May reduce polish or scalability if left unmonitored.,none,no
CP-03-14,TypeScript/JavaScript correctness and static safety,Does TypeScript/JavaScript correctness and static safety meet the launch standard for metadata and canonical handling?,"Evidence-backed production readiness for metadata and canonical handling, preserving current visual design unless necessary.",Strict TypeScript passes; loose any shims remain.,74,P2,medium,E011;E017;E018,src/backend/seo/metadata.ts; src/app/(store)/category/[slug]/page.tsx; src/app/(store)/search/page.tsx,Keep metadata and canonical handling under regression coverage and improve where noted.,XS,medium,May reduce polish or scalability if left unmonitored.,none,no
CP-03-15,TypeScript/JavaScript correctness and static safety,Does TypeScript/JavaScript correctness and static safety meet the launch standard for structured data handling?,"Evidence-backed production readiness for structured data handling, preserving current visual design unless necessary.",Strict TypeScript passes; loose any shims remain.,74,P2,medium,E014;E016;E017,src/backend/seo/structured-data.ts; src/app/(store)/products/[slug]/page.tsx; src/app/(store)/category/[slug]/page.tsx,Keep structured data handling under regression coverage and improve where noted.,XS,medium,May reduce polish or scalability if left unmonitored.,none,no
CP-03-16,TypeScript/JavaScript correctness and static safety,Does TypeScript/JavaScript correctness and static safety meet the launch standard for sitemap and robots handling?,"Evidence-backed production readiness for sitemap and robots handling, preserving current visual design unless necessary.",Strict TypeScript passes; loose any shims remain.,74,P2,medium,E032;E038;E041;E042,npm.cmd run typecheck -- --incremental false; tsconfig.json; src/backend/database/index.ts; console/TODO/any/catch scan,Keep sitemap and robots handling under regression coverage and improve where noted.,XS,medium,May reduce polish or scalability if left unmonitored.,none,no
CP-03-17,TypeScript/JavaScript correctness and static safety,Does TypeScript/JavaScript correctness and static safety meet the launch standard for pagination and facets?,"Evidence-backed production readiness for pagination and facets, preserving current visual design unless necessary.",Strict TypeScript passes; loose any shims remain.,74,P2,medium,E032;E038;E041;E042,npm.cmd run typecheck -- --incremental false; tsconfig.json; src/backend/database/index.ts; console/TODO/any/catch scan,Keep pagination and facets under regression coverage and improve where noted.,XS,medium,May reduce polish or scalability if left unmonitored.,none,no
CP-03-18,TypeScript/JavaScript correctness and static safety,Does TypeScript/JavaScript correctness and static safety meet the launch standard for seller ownership?,"Evidence-backed production readiness for seller ownership, preserving current visual design unless necessary.","Seller schema exists, but no seller route area was found and product writes are first-party/admin-managed.",45,P1,medium,E031;E026;E003,src/app route scan and README.md; src/backend/admin/product-editor.ts; prisma/schema.prisma,Fix seller ownership before launch or before enabling related feature.,S,medium,Launch risk remains around seller ownership.,minor,no
CP-03-19,TypeScript/JavaScript correctness and static safety,Does TypeScript/JavaScript correctness and static safety meet the launch standard for admin versus super-admin split?,"Evidence-backed production readiness for admin versus super-admin split, preserving current visual design unless necessary.",Strict TypeScript passes; loose any shims remain.,74,P2,medium,E032;E038;E041;E042,npm.cmd run typecheck -- --incremental false; tsconfig.json; src/backend/database/index.ts; console/TODO/any/catch scan,Keep admin versus super-admin split under regression coverage and improve where noted.,XS,medium,May reduce polish or scalability if left unmonitored.,none,no
CP-03-20,TypeScript/JavaScript correctness and static safety,Does TypeScript/JavaScript correctness and static safety meet the launch standard for order payment shipment status?,"Evidence-backed production readiness for order payment shipment status, preserving current visual design unless necessary.",Strict TypeScript passes; loose any shims remain.,74,P2,medium,E032;E038;E041;E042,npm.cmd run typecheck -- --incremental false; tsconfig.json; src/backend/database/index.ts; console/TODO/any/catch scan,Keep order payment shipment status under regression coverage and improve where noted.,XS,medium,May reduce polish or scalability if left unmonitored.,none,no
CP-03-21,TypeScript/JavaScript correctness and static safety,Does TypeScript/JavaScript correctness and static safety meet the launch standard for rate limiting?,"Evidence-backed production readiness for rate limiting, preserving current visual design unless necessary.",In-memory route limiter exists but is not distributed.,58,P1,medium,E008,src/backend/security/rate-limit.ts,Fix rate limiting before launch or before enabling related feature.,S,medium,Launch risk remains around rate limiting.,none,no
CP-03-22,TypeScript/JavaScript correctness and static safety,Does TypeScript/JavaScript correctness and static safety meet the launch standard for CSRF and origin control?,"Evidence-backed production readiness for CSRF and origin control, preserving current visual design unless necessary.",No explicit CSRF token or Origin/Referer check found in sampled custom mutation APIs.,55,P1,medium,E060,custom mutation CSRF/origin scan,Fix CSRF and origin control before launch or before enabling related feature.,S,medium,Launch risk remains around CSRF and origin control.,none,no
CP-03-23,TypeScript/JavaScript correctness and static safety,Does TypeScript/JavaScript correctness and static safety meet the launch standard for secret exposure?,"Evidence-backed production readiness for secret exposure, preserving current visual design unless necessary.",Strict TypeScript passes; loose any shims remain.,74,P2,medium,E032;E038;E041;E042,npm.cmd run typecheck -- --incremental false; tsconfig.json; src/backend/database/index.ts; console/TODO/any/catch scan,Keep secret exposure under regression coverage and improve where noted.,XS,medium,May reduce polish or scalability if left unmonitored.,none,no
CP-03-24,TypeScript/JavaScript correctness and static safety,Does TypeScript/JavaScript correctness and static safety meet the launch standard for console and logging hygiene?,"Evidence-backed production readiness for console and logging hygiene, preserving current visual design unless necessary.",Strict TypeScript passes; loose any shims remain.,74,P2,medium,E032;E038;E041;E042,npm.cmd run typecheck -- --incremental false; tsconfig.json; src/backend/database/index.ts; console/TODO/any/catch scan,Keep console and logging hygiene under regression coverage and improve where noted.,XS,medium,May reduce polish or scalability if left unmonitored.,none,no
CP-03-25,TypeScript/JavaScript correctness and static safety,Does TypeScript/JavaScript correctness and static safety meet the launch standard for type safety?,"Evidence-backed production readiness for type safety, preserving current visual design unless necessary.",Strict TypeScript passes; loose any shims remain.,74,P2,medium,E032;E038;E041;E042,npm.cmd run typecheck -- --incremental false; tsconfig.json; src/backend/database/index.ts; console/TODO/any/catch scan,Keep type safety under regression coverage and improve where noted.,XS,medium,May reduce polish or scalability if left unmonitored.,none,no
CP-03-26,TypeScript/JavaScript correctness and static safety,Does TypeScript/JavaScript correctness and static safety meet the launch standard for duplicate or dead code risk?,"Evidence-backed production readiness for duplicate or dead code risk, preserving current visual design unless necessary.",Strict TypeScript passes; loose any shims remain.,74,P2,medium,E032;E038;E041;E042,npm.cmd run typecheck -- --incremental false; tsconfig.json; src/backend/database/index.ts; console/TODO/any/catch scan,Keep duplicate or dead code risk under regression coverage and improve where noted.,XS,medium,May reduce polish or scalability if left unmonitored.,none,no
CP-03-27,TypeScript/JavaScript correctness and static safety,Does TypeScript/JavaScript correctness and static safety meet the launch standard for README and implementation alignment?,"Evidence-backed production readiness for README and implementation alignment, preserving current visual design unless necessary.",Strict TypeScript passes; loose any shims remain.,74,P2,medium,E032;E038;E041;E042,npm.cmd run typecheck -- --incremental false; tsconfig.json; src/backend/database/index.ts; console/TODO/any/catch scan,Keep README and implementation alignment under regression coverage and improve where noted.,XS,medium,May reduce polish or scalability if left unmonitored.,none,no
CP-03-28,TypeScript/JavaScript correctness and static safety,Does TypeScript/JavaScript correctness and static safety meet the launch standard for accessibility controls?,"Evidence-backed production readiness for accessibility controls, preserving current visual design unless necessary.",Strict TypeScript passes; loose any shims remain.,74,P2,medium,E032;E038;E041;E042,npm.cmd run typecheck -- --incremental false; tsconfig.json; src/backend/database/index.ts; console/TODO/any/catch scan,Keep accessibility controls under regression coverage and improve where noted.,XS,medium,May reduce polish or scalability if left unmonitored.,none,no
CP-03-29,TypeScript/JavaScript correctness and static safety,Does TypeScript/JavaScript correctness and static safety meet the launch standard for mobile layout behavior?,"Evidence-backed production readiness for mobile layout behavior, preserving current visual design unless necessary.",Strict TypeScript passes; loose any shims remain.,74,P2,medium,E032;E038;E041;E042,npm.cmd run typecheck -- --incremental false; tsconfig.json; src/backend/database/index.ts; console/TODO/any/catch scan,Keep mobile layout behavior under regression coverage and improve where noted.,XS,medium,May reduce polish or scalability if left unmonitored.,none,no
CP-03-30,TypeScript/JavaScript correctness and static safety,Does TypeScript/JavaScript correctness and static safety meet the launch standard for Bangladesh localization?,"Evidence-backed production readiness for Bangladesh localization, preserving current visual design unless necessary.",Strict TypeScript passes; loose any shims remain.,74,P2,medium,E032;E038;E041;E042,npm.cmd run typecheck -- --incremental false; tsconfig.json; src/backend/database/index.ts; console/TODO/any/catch scan,Keep Bangladesh localization under regression coverage and improve where noted.,XS,medium,May reduce polish or scalability if left unmonitored.,none,no
CP-03-31,TypeScript/JavaScript correctness and static safety,Does TypeScript/JavaScript correctness and static safety meet the launch standard for Bangla and English readiness?,"Evidence-backed production readiness for Bangla and English readiness, preserving current visual design unless necessary.",Strict TypeScript passes; loose any shims remain.,74,P2,medium,E032;E038;E041;E042,npm.cmd run typecheck -- --incremental false; tsconfig.json; src/backend/database/index.ts; console/TODO/any/catch scan,Keep Bangla and English readiness under regression coverage and improve where noted.,XS,medium,May reduce polish or scalability if left unmonitored.,none,no
CP-03-32,TypeScript/JavaScript correctness and static safety,Does TypeScript/JavaScript correctness and static safety meet the launch standard for Merchant Center readiness?,"Evidence-backed production readiness for Merchant Center readiness, preserving current visual design unless necessary.",Strict TypeScript passes; loose any shims remain.,74,P2,medium,E032;E038;E041;E042,npm.cmd run typecheck -- --incremental false; tsconfig.json; src/backend/database/index.ts; console/TODO/any/catch scan,Keep Merchant Center readiness under regression coverage and improve where noted.,XS,medium,May reduce polish or scalability if left unmonitored.,none,no
CP-03-33,TypeScript/JavaScript correctness and static safety,Does TypeScript/JavaScript correctness and static safety meet the launch standard for webhook readiness?,"Evidence-backed production readiness for webhook readiness, preserving current visual design unless necessary.","Payment env variables exist, but no webhook route was found.",45,P1,medium,E043;E050,webhook route scan; src/app/api/admin/orders/[id]/payment-status/route.ts,Fix webhook readiness before launch or before enabling related feature.,S,medium,Launch risk remains around webhook readiness.,none,no
CP-03-34,TypeScript/JavaScript correctness and static safety,Does TypeScript/JavaScript correctness and static safety meet the launch standard for shipment tracking readiness?,"Evidence-backed production readiness for shipment tracking readiness, preserving current visual design unless necessary.",Strict TypeScript passes; loose any shims remain.,74,P2,medium,E032;E038;E041;E042,npm.cmd run typecheck -- --incremental false; tsconfig.json; src/backend/database/index.ts; console/TODO/any/catch scan,Keep shipment tracking readiness under regression coverage and improve where noted.,XS,medium,May reduce polish or scalability if left unmonitored.,none,no
CP-03-35,TypeScript/JavaScript correctness and static safety,Does TypeScript/JavaScript correctness and static safety meet the launch standard for fraud and moderation readiness?,"Evidence-backed production readiness for fraud and moderation readiness, preserving current visual design unless necessary.",Strict TypeScript passes; loose any shims remain.,74,P2,medium,E032;E038;E041;E042,npm.cmd run typecheck -- --incremental false; tsconfig.json; src/backend/database/index.ts; console/TODO/any/catch scan,Keep fraud and moderation readiness under regression coverage and improve where noted.,XS,medium,May reduce polish or scalability if left unmonitored.,none,no
CP-03-36,TypeScript/JavaScript correctness and static safety,Does TypeScript/JavaScript correctness and static safety meet the launch standard for cache and revalidation?,"Evidence-backed production readiness for cache and revalidation, preserving current visual design unless necessary.",Strict TypeScript passes; loose any shims remain.,74,P2,medium,E032;E038;E041;E042,npm.cmd run typecheck -- --incremental false; tsconfig.json; src/backend/database/index.ts; console/TODO/any/catch scan,Keep cache and revalidation under regression coverage and improve where noted.,XS,medium,May reduce polish or scalability if left unmonitored.,none,no
CP-03-37,TypeScript/JavaScript correctness and static safety,Does TypeScript/JavaScript correctness and static safety meet the launch standard for N+1 or bulk-fetch risk?,"Evidence-backed production readiness for N+1 or bulk-fetch risk, preserving current visual design unless necessary.",Strict TypeScript passes; loose any shims remain.,74,P2,medium,E032;E038;E041;E042,npm.cmd run typecheck -- --incremental false; tsconfig.json; src/backend/database/index.ts; console/TODO/any/catch scan,Keep N+1 or bulk-fetch risk under regression coverage and improve where noted.,XS,medium,May reduce polish or scalability if left unmonitored.,none,no
CP-03-38,TypeScript/JavaScript correctness and static safety,Does TypeScript/JavaScript correctness and static safety meet the launch standard for payment status integrity?,"Evidence-backed production readiness for payment status integrity, preserving current visual design unless necessary.",Strict TypeScript passes; loose any shims remain.,74,P2,medium,E032;E038;E041;E042,npm.cmd run typecheck -- --incremental false; tsconfig.json; src/backend/database/index.ts; console/TODO/any/catch scan,Keep payment status integrity under regression coverage and improve where noted.,XS,medium,May reduce polish or scalability if left unmonitored.,none,no
CP-03-39,TypeScript/JavaScript correctness and static safety,Does TypeScript/JavaScript correctness and static safety meet the launch standard for guest and buyer flow?,"Evidence-backed production readiness for guest and buyer flow, preserving current visual design unless necessary.",Strict TypeScript passes; loose any shims remain.,74,P2,medium,E032;E038;E041;E042,npm.cmd run typecheck -- --incremental false; tsconfig.json; src/backend/database/index.ts; console/TODO/any/catch scan,Keep guest and buyer flow under regression coverage and improve where noted.,XS,medium,May reduce polish or scalability if left unmonitored.,none,no
CP-03-40,TypeScript/JavaScript correctness and static safety,Does TypeScript/JavaScript correctness and static safety meet the launch standard for account privacy?,"Evidence-backed production readiness for account privacy, preserving current visual design unless necessary.","Account order detail is owner-scoped, but public confirmation exposes PII by orderNumber.",35,P0,medium,E022;E023;E010,src/app/(store)/order/[orderNumber]/confirmation/page.tsx; src/app/(store)/account/orders/[id]/page.tsx; .gitignore / git ls-files .env,Fix account privacy before launch or before enabling related feature.,M,critical,Launch risk remains around account privacy.,none,yes
CP-03-41,TypeScript/JavaScript correctness and static safety,Does TypeScript/JavaScript correctness and static safety meet the launch standard for product SEO fields?,"Evidence-backed production readiness for product SEO fields, preserving current visual design unless necessary.",Strict TypeScript passes; loose any shims remain.,74,P2,medium,E032;E038;E041;E042,npm.cmd run typecheck -- --incremental false; tsconfig.json; src/backend/database/index.ts; console/TODO/any/catch scan,Keep product SEO fields under regression coverage and improve where noted.,XS,medium,May reduce polish or scalability if left unmonitored.,none,no
CP-03-42,TypeScript/JavaScript correctness and static safety,Does TypeScript/JavaScript correctness and static safety meet the launch standard for category taxonomy?,"Evidence-backed production readiness for category taxonomy, preserving current visual design unless necessary.",Strict TypeScript passes; loose any shims remain.,74,P2,medium,E032;E038;E041;E042,npm.cmd run typecheck -- --incremental false; tsconfig.json; src/backend/database/index.ts; console/TODO/any/catch scan,Keep category taxonomy under regression coverage and improve where noted.,XS,medium,May reduce polish or scalability if left unmonitored.,none,no
CP-03-43,TypeScript/JavaScript correctness and static safety,Does TypeScript/JavaScript correctness and static safety meet the launch standard for internal linking?,"Evidence-backed production readiness for internal linking, preserving current visual design unless necessary.",Strict TypeScript passes; loose any shims remain.,74,P2,medium,E032;E038;E041;E042,npm.cmd run typecheck -- --incremental false; tsconfig.json; src/backend/database/index.ts; console/TODO/any/catch scan,Keep internal linking under regression coverage and improve where noted.,XS,medium,May reduce polish or scalability if left unmonitored.,none,no
CP-03-44,TypeScript/JavaScript correctness and static safety,Does TypeScript/JavaScript correctness and static safety meet the launch standard for reviews and ratings?,"Evidence-backed production readiness for reviews and ratings, preserving current visual design unless necessary.",Strict TypeScript passes; loose any shims remain.,74,P2,medium,E032;E038;E041;E042,npm.cmd run typecheck -- --incremental false; tsconfig.json; src/backend/database/index.ts; console/TODO/any/catch scan,Keep reviews and ratings under regression coverage and improve where noted.,XS,medium,May reduce polish or scalability if left unmonitored.,none,no
CP-03-45,TypeScript/JavaScript correctness and static safety,Does TypeScript/JavaScript correctness and static safety meet the launch standard for returns and refunds?,"Evidence-backed production readiness for returns and refunds, preserving current visual design unless necessary.",Strict TypeScript passes; loose any shims remain.,74,P2,medium,E032;E038;E041;E042,npm.cmd run typecheck -- --incremental false; tsconfig.json; src/backend/database/index.ts; console/TODO/any/catch scan,Keep returns and refunds under regression coverage and improve where noted.,XS,medium,May reduce polish or scalability if left unmonitored.,none,no
CP-03-46,TypeScript/JavaScript correctness and static safety,Does TypeScript/JavaScript correctness and static safety meet the launch standard for deployment headers?,"Evidence-backed production readiness for deployment headers, preserving current visual design unless necessary.",Strict TypeScript passes; loose any shims remain.,74,P2,medium,E032;E038;E041;E042,npm.cmd run typecheck -- --incremental false; tsconfig.json; src/backend/database/index.ts; console/TODO/any/catch scan,Keep deployment headers under regression coverage and improve where noted.,XS,medium,May reduce polish or scalability if left unmonitored.,none,no
CP-03-47,TypeScript/JavaScript correctness and static safety,Does TypeScript/JavaScript correctness and static safety meet the launch standard for dependency deprecation?,"Evidence-backed production readiness for dependency deprecation, preserving current visual design unless necessary.",Strict TypeScript passes; loose any shims remain.,74,P2,medium,E032;E038;E041;E042,npm.cmd run typecheck -- --incremental false; tsconfig.json; src/backend/database/index.ts; console/TODO/any/catch scan,Keep dependency deprecation under regression coverage and improve where noted.,XS,medium,May reduce polish or scalability if left unmonitored.,none,no
CP-03-48,TypeScript/JavaScript correctness and static safety,Does TypeScript/JavaScript correctness and static safety meet the launch standard for observability?,"Evidence-backed production readiness for observability, preserving current visual design unless necessary.",Strict TypeScript passes; loose any shims remain.,74,P2,medium,E032;E038;E041;E042,npm.cmd run typecheck -- --incremental false; tsconfig.json; src/backend/database/index.ts; console/TODO/any/catch scan,Keep observability under regression coverage and improve where noted.,XS,medium,May reduce polish or scalability if left unmonitored.,none,no
CP-03-49,TypeScript/JavaScript correctness and static safety,Does TypeScript/JavaScript correctness and static safety meet the launch standard for visual preservation?,"Evidence-backed production readiness for visual preservation, preserving current visual design unless necessary.",Strict TypeScript passes; loose any shims remain.,74,P2,medium,E032;E038;E041;E042,npm.cmd run typecheck -- --incremental false; tsconfig.json; src/backend/database/index.ts; console/TODO/any/catch scan,Keep visual preservation under regression coverage and improve where noted.,XS,medium,May reduce polish or scalability if left unmonitored.,none,no
CP-03-50,TypeScript/JavaScript correctness and static safety,Does TypeScript/JavaScript correctness and static safety meet the launch standard for launch risk?,"Evidence-backed production readiness for launch risk, preserving current visual design unless necessary.",Strict TypeScript passes; loose any shims remain.,74,P2,medium,E032;E038;E041;E042,npm.cmd run typecheck -- --incremental false; tsconfig.json; src/backend/database/index.ts; console/TODO/any/catch scan,Keep launch risk under regression coverage and improve where noted.,XS,medium,May reduce polish or scalability if left unmonitored.,none,no
CP-04-01,"Code readability, naming, modularity, and maintainability","Does Code readability, naming, modularity, and maintainability meet the launch standard for route group coverage?","Evidence-backed production readiness for route group coverage, preserving current visual design unless necessary.",Organized by app/backend/frontend; cleanup needed around shims/logging.,74,P2,medium,E041;E042,src/backend/database/index.ts; console/TODO/any/catch scan,Keep route group coverage under regression coverage and improve where noted.,XS,medium,May reduce polish or scalability if left unmonitored.,none,no
CP-04-02,"Code readability, naming, modularity, and maintainability","Does Code readability, naming, modularity, and maintainability meet the launch standard for API mutation coverage?","Evidence-backed production readiness for API mutation coverage, preserving current visual design unless necessary.",Organized by app/backend/frontend; cleanup needed around shims/logging.,74,P2,medium,E041;E042,src/backend/database/index.ts; console/TODO/any/catch scan,Keep API mutation coverage under regression coverage and improve where noted.,XS,medium,May reduce polish or scalability if left unmonitored.,none,no
CP-04-03,"Code readability, naming, modularity, and maintainability","Does Code readability, naming, modularity, and maintainability meet the launch standard for RBAC enforcement?","Evidence-backed production readiness for RBAC enforcement, preserving current visual design unless necessary.",Organized by app/backend/frontend; cleanup needed around shims/logging.,74,P2,medium,E041;E042,src/backend/database/index.ts; console/TODO/any/catch scan,Keep RBAC enforcement under regression coverage and improve where noted.,XS,medium,May reduce polish or scalability if left unmonitored.,none,no
CP-04-04,"Code readability, naming, modularity, and maintainability","Does Code readability, naming, modularity, and maintainability meet the launch standard for authenticated data access?","Evidence-backed production readiness for authenticated data access, preserving current visual design unless necessary.",Organized by app/backend/frontend; cleanup needed around shims/logging.,74,P2,medium,E041;E042,src/backend/database/index.ts; console/TODO/any/catch scan,Keep authenticated data access under regression coverage and improve where noted.,XS,medium,May reduce polish or scalability if left unmonitored.,none,no
CP-04-05,"Code readability, naming, modularity, and maintainability","Does Code readability, naming, modularity, and maintainability meet the launch standard for schema support?","Evidence-backed production readiness for schema support, preserving current visual design unless necessary.",Organized by app/backend/frontend; cleanup needed around shims/logging.,74,P2,medium,E041;E042,src/backend/database/index.ts; console/TODO/any/catch scan,Keep schema support under regression coverage and improve where noted.,XS,medium,May reduce polish or scalability if left unmonitored.,none,no
CP-04-06,"Code readability, naming, modularity, and maintainability","Does Code readability, naming, modularity, and maintainability meet the launch standard for validation path?","Evidence-backed production readiness for validation path, preserving current visual design unless necessary.",Organized by app/backend/frontend; cleanup needed around shims/logging.,74,P2,medium,E041;E042,src/backend/database/index.ts; console/TODO/any/catch scan,Keep validation path under regression coverage and improve where noted.,XS,medium,May reduce polish or scalability if left unmonitored.,none,no
CP-04-07,"Code readability, naming, modularity, and maintainability","Does Code readability, naming, modularity, and maintainability meet the launch standard for error handling?","Evidence-backed production readiness for error handling, preserving current visual design unless necessary.",Organized by app/backend/frontend; cleanup needed around shims/logging.,74,P2,medium,E041;E042,src/backend/database/index.ts; console/TODO/any/catch scan,Keep error handling under regression coverage and improve where noted.,XS,medium,May reduce polish or scalability if left unmonitored.,none,no
CP-04-08,"Code readability, naming, modularity, and maintainability","Does Code readability, naming, modularity, and maintainability meet the launch standard for audit logging?","Evidence-backed production readiness for audit logging, preserving current visual design unless necessary.",Organized by app/backend/frontend; cleanup needed around shims/logging.,74,P2,medium,E041;E042,src/backend/database/index.ts; console/TODO/any/catch scan,Keep audit logging under regression coverage and improve where noted.,XS,medium,May reduce polish or scalability if left unmonitored.,none,no
CP-04-09,"Code readability, naming, modularity, and maintainability","Does Code readability, naming, modularity, and maintainability meet the launch standard for environment dependency?","Evidence-backed production readiness for environment dependency, preserving current visual design unless necessary.",Organized by app/backend/frontend; cleanup needed around shims/logging.,74,P2,medium,E041;E042,src/backend/database/index.ts; console/TODO/any/catch scan,Keep environment dependency under regression coverage and improve where noted.,XS,medium,May reduce polish or scalability if left unmonitored.,none,no
CP-04-10,"Code readability, naming, modularity, and maintainability","Does Code readability, naming, modularity, and maintainability meet the launch standard for command verification?","Evidence-backed production readiness for command verification, preserving current visual design unless necessary.",Organized by app/backend/frontend; cleanup needed around shims/logging.,74,P2,medium,E041;E042,src/backend/database/index.ts; console/TODO/any/catch scan,Keep command verification under regression coverage and improve where noted.,XS,medium,May reduce polish or scalability if left unmonitored.,none,no
CP-04-11,"Code readability, naming, modularity, and maintainability","Does Code readability, naming, modularity, and maintainability meet the launch standard for test coverage?","Evidence-backed production readiness for test coverage, preserving current visual design unless necessary.",Organized by app/backend/frontend; cleanup needed around shims/logging.,74,P2,medium,E041;E042,src/backend/database/index.ts; console/TODO/any/catch scan,Keep test coverage under regression coverage and improve where noted.,XS,medium,May reduce polish or scalability if left unmonitored.,none,no
CP-04-12,"Code readability, naming, modularity, and maintainability","Does Code readability, naming, modularity, and maintainability meet the launch standard for data fetching strategy?","Evidence-backed production readiness for data fetching strategy, preserving current visual design unless necessary.",In-memory route limiter exists but is not distributed.,58,P1,medium,E008,src/backend/security/rate-limit.ts,Fix data fetching strategy before launch or before enabling related feature.,S,medium,Launch risk remains around data fetching strategy.,none,no
CP-04-13,"Code readability, naming, modularity, and maintainability","Does Code readability, naming, modularity, and maintainability meet the launch standard for image/media handling?","Evidence-backed production readiness for image/media handling, preserving current visual design unless necessary.",Organized by app/backend/frontend; cleanup needed around shims/logging.,74,P2,medium,E041;E042,src/backend/database/index.ts; console/TODO/any/catch scan,Keep image/media handling under regression coverage and improve where noted.,XS,medium,May reduce polish or scalability if left unmonitored.,none,no
CP-04-14,"Code readability, naming, modularity, and maintainability","Does Code readability, naming, modularity, and maintainability meet the launch standard for metadata and canonical handling?","Evidence-backed production readiness for metadata and canonical handling, preserving current visual design unless necessary.",Organized by app/backend/frontend; cleanup needed around shims/logging.,74,P2,medium,E011;E017;E018,src/backend/seo/metadata.ts; src/app/(store)/category/[slug]/page.tsx; src/app/(store)/search/page.tsx,Keep metadata and canonical handling under regression coverage and improve where noted.,XS,medium,May reduce polish or scalability if left unmonitored.,none,no
CP-04-15,"Code readability, naming, modularity, and maintainability","Does Code readability, naming, modularity, and maintainability meet the launch standard for structured data handling?","Evidence-backed production readiness for structured data handling, preserving current visual design unless necessary.",Organized by app/backend/frontend; cleanup needed around shims/logging.,74,P2,medium,E014;E016;E017,src/backend/seo/structured-data.ts; src/app/(store)/products/[slug]/page.tsx; src/app/(store)/category/[slug]/page.tsx,Keep structured data handling under regression coverage and improve where noted.,XS,medium,May reduce polish or scalability if left unmonitored.,none,no
CP-04-16,"Code readability, naming, modularity, and maintainability","Does Code readability, naming, modularity, and maintainability meet the launch standard for sitemap and robots handling?","Evidence-backed production readiness for sitemap and robots handling, preserving current visual design unless necessary.",Organized by app/backend/frontend; cleanup needed around shims/logging.,74,P2,medium,E041;E042,src/backend/database/index.ts; console/TODO/any/catch scan,Keep sitemap and robots handling under regression coverage and improve where noted.,XS,medium,May reduce polish or scalability if left unmonitored.,none,no
CP-04-17,"Code readability, naming, modularity, and maintainability","Does Code readability, naming, modularity, and maintainability meet the launch standard for pagination and facets?","Evidence-backed production readiness for pagination and facets, preserving current visual design unless necessary.",Organized by app/backend/frontend; cleanup needed around shims/logging.,74,P2,medium,E041;E042,src/backend/database/index.ts; console/TODO/any/catch scan,Keep pagination and facets under regression coverage and improve where noted.,XS,medium,May reduce polish or scalability if left unmonitored.,none,no
CP-04-18,"Code readability, naming, modularity, and maintainability","Does Code readability, naming, modularity, and maintainability meet the launch standard for seller ownership?","Evidence-backed production readiness for seller ownership, preserving current visual design unless necessary.","Seller schema exists, but no seller route area was found and product writes are first-party/admin-managed.",45,P1,medium,E031;E026;E003,src/app route scan and README.md; src/backend/admin/product-editor.ts; prisma/schema.prisma,Fix seller ownership before launch or before enabling related feature.,S,medium,Launch risk remains around seller ownership.,minor,no
CP-04-19,"Code readability, naming, modularity, and maintainability","Does Code readability, naming, modularity, and maintainability meet the launch standard for admin versus super-admin split?","Evidence-backed production readiness for admin versus super-admin split, preserving current visual design unless necessary.",Organized by app/backend/frontend; cleanup needed around shims/logging.,74,P2,medium,E041;E042,src/backend/database/index.ts; console/TODO/any/catch scan,Keep admin versus super-admin split under regression coverage and improve where noted.,XS,medium,May reduce polish or scalability if left unmonitored.,none,no
CP-04-20,"Code readability, naming, modularity, and maintainability","Does Code readability, naming, modularity, and maintainability meet the launch standard for order payment shipment status?","Evidence-backed production readiness for order payment shipment status, preserving current visual design unless necessary.",Organized by app/backend/frontend; cleanup needed around shims/logging.,74,P2,medium,E041;E042,src/backend/database/index.ts; console/TODO/any/catch scan,Keep order payment shipment status under regression coverage and improve where noted.,XS,medium,May reduce polish or scalability if left unmonitored.,none,no
CP-04-21,"Code readability, naming, modularity, and maintainability","Does Code readability, naming, modularity, and maintainability meet the launch standard for rate limiting?","Evidence-backed production readiness for rate limiting, preserving current visual design unless necessary.",In-memory route limiter exists but is not distributed.,58,P1,medium,E008,src/backend/security/rate-limit.ts,Fix rate limiting before launch or before enabling related feature.,S,medium,Launch risk remains around rate limiting.,none,no
CP-04-22,"Code readability, naming, modularity, and maintainability","Does Code readability, naming, modularity, and maintainability meet the launch standard for CSRF and origin control?","Evidence-backed production readiness for CSRF and origin control, preserving current visual design unless necessary.",No explicit CSRF token or Origin/Referer check found in sampled custom mutation APIs.,55,P1,medium,E060,custom mutation CSRF/origin scan,Fix CSRF and origin control before launch or before enabling related feature.,S,medium,Launch risk remains around CSRF and origin control.,none,no
CP-04-23,"Code readability, naming, modularity, and maintainability","Does Code readability, naming, modularity, and maintainability meet the launch standard for secret exposure?","Evidence-backed production readiness for secret exposure, preserving current visual design unless necessary.",Organized by app/backend/frontend; cleanup needed around shims/logging.,74,P2,medium,E041;E042,src/backend/database/index.ts; console/TODO/any/catch scan,Keep secret exposure under regression coverage and improve where noted.,XS,medium,May reduce polish or scalability if left unmonitored.,none,no
CP-04-24,"Code readability, naming, modularity, and maintainability","Does Code readability, naming, modularity, and maintainability meet the launch standard for console and logging hygiene?","Evidence-backed production readiness for console and logging hygiene, preserving current visual design unless necessary.",Organized by app/backend/frontend; cleanup needed around shims/logging.,74,P2,medium,E041;E042,src/backend/database/index.ts; console/TODO/any/catch scan,Keep console and logging hygiene under regression coverage and improve where noted.,XS,medium,May reduce polish or scalability if left unmonitored.,none,no
CP-04-25,"Code readability, naming, modularity, and maintainability","Does Code readability, naming, modularity, and maintainability meet the launch standard for type safety?","Evidence-backed production readiness for type safety, preserving current visual design unless necessary.",Organized by app/backend/frontend; cleanup needed around shims/logging.,74,P2,medium,E041;E042,src/backend/database/index.ts; console/TODO/any/catch scan,Keep type safety under regression coverage and improve where noted.,XS,medium,May reduce polish or scalability if left unmonitored.,none,no
CP-04-26,"Code readability, naming, modularity, and maintainability","Does Code readability, naming, modularity, and maintainability meet the launch standard for duplicate or dead code risk?","Evidence-backed production readiness for duplicate or dead code risk, preserving current visual design unless necessary.",Organized by app/backend/frontend; cleanup needed around shims/logging.,74,P2,medium,E041;E042,src/backend/database/index.ts; console/TODO/any/catch scan,Keep duplicate or dead code risk under regression coverage and improve where noted.,XS,medium,May reduce polish or scalability if left unmonitored.,none,no
CP-04-27,"Code readability, naming, modularity, and maintainability","Does Code readability, naming, modularity, and maintainability meet the launch standard for README and implementation alignment?","Evidence-backed production readiness for README and implementation alignment, preserving current visual design unless necessary.",Organized by app/backend/frontend; cleanup needed around shims/logging.,74,P2,medium,E041;E042,src/backend/database/index.ts; console/TODO/any/catch scan,Keep README and implementation alignment under regression coverage and improve where noted.,XS,medium,May reduce polish or scalability if left unmonitored.,none,no
CP-04-28,"Code readability, naming, modularity, and maintainability","Does Code readability, naming, modularity, and maintainability meet the launch standard for accessibility controls?","Evidence-backed production readiness for accessibility controls, preserving current visual design unless necessary.",Organized by app/backend/frontend; cleanup needed around shims/logging.,74,P2,medium,E041;E042,src/backend/database/index.ts; console/TODO/any/catch scan,Keep accessibility controls under regression coverage and improve where noted.,XS,medium,May reduce polish or scalability if left unmonitored.,none,no
CP-04-29,"Code readability, naming, modularity, and maintainability","Does Code readability, naming, modularity, and maintainability meet the launch standard for mobile layout behavior?","Evidence-backed production readiness for mobile layout behavior, preserving current visual design unless necessary.",Organized by app/backend/frontend; cleanup needed around shims/logging.,74,P2,medium,E041;E042,src/backend/database/index.ts; console/TODO/any/catch scan,Keep mobile layout behavior under regression coverage and improve where noted.,XS,medium,May reduce polish or scalability if left unmonitored.,none,no
CP-04-30,"Code readability, naming, modularity, and maintainability","Does Code readability, naming, modularity, and maintainability meet the launch standard for Bangladesh localization?","Evidence-backed production readiness for Bangladesh localization, preserving current visual design unless necessary.",Organized by app/backend/frontend; cleanup needed around shims/logging.,74,P2,medium,E041;E042,src/backend/database/index.ts; console/TODO/any/catch scan,Keep Bangladesh localization under regression coverage and improve where noted.,XS,medium,May reduce polish or scalability if left unmonitored.,none,no
CP-04-31,"Code readability, naming, modularity, and maintainability","Does Code readability, naming, modularity, and maintainability meet the launch standard for Bangla and English readiness?","Evidence-backed production readiness for Bangla and English readiness, preserving current visual design unless necessary.",Organized by app/backend/frontend; cleanup needed around shims/logging.,74,P2,medium,E041;E042,src/backend/database/index.ts; console/TODO/any/catch scan,Keep Bangla and English readiness under regression coverage and improve where noted.,XS,medium,May reduce polish or scalability if left unmonitored.,none,no
CP-04-32,"Code readability, naming, modularity, and maintainability","Does Code readability, naming, modularity, and maintainability meet the launch standard for Merchant Center readiness?","Evidence-backed production readiness for Merchant Center readiness, preserving current visual design unless necessary.",Organized by app/backend/frontend; cleanup needed around shims/logging.,74,P2,medium,E041;E042,src/backend/database/index.ts; console/TODO/any/catch scan,Keep Merchant Center readiness under regression coverage and improve where noted.,XS,medium,May reduce polish or scalability if left unmonitored.,none,no
CP-04-33,"Code readability, naming, modularity, and maintainability","Does Code readability, naming, modularity, and maintainability meet the launch standard for webhook readiness?","Evidence-backed production readiness for webhook readiness, preserving current visual design unless necessary.","Payment env variables exist, but no webhook route was found.",45,P1,medium,E043;E050,webhook route scan; src/app/api/admin/orders/[id]/payment-status/route.ts,Fix webhook readiness before launch or before enabling related feature.,S,medium,Launch risk remains around webhook readiness.,none,no
CP-04-34,"Code readability, naming, modularity, and maintainability","Does Code readability, naming, modularity, and maintainability meet the launch standard for shipment tracking readiness?","Evidence-backed production readiness for shipment tracking readiness, preserving current visual design unless necessary.",Organized by app/backend/frontend; cleanup needed around shims/logging.,74,P2,medium,E041;E042,src/backend/database/index.ts; console/TODO/any/catch scan,Keep shipment tracking readiness under regression coverage and improve where noted.,XS,medium,May reduce polish or scalability if left unmonitored.,none,no
CP-04-35,"Code readability, naming, modularity, and maintainability","Does Code readability, naming, modularity, and maintainability meet the launch standard for fraud and moderation readiness?","Evidence-backed production readiness for fraud and moderation readiness, preserving current visual design unless necessary.",Organized by app/backend/frontend; cleanup needed around shims/logging.,74,P2,medium,E041;E042,src/backend/database/index.ts; console/TODO/any/catch scan,Keep fraud and moderation readiness under regression coverage and improve where noted.,XS,medium,May reduce polish or scalability if left unmonitored.,none,no
CP-04-36,"Code readability, naming, modularity, and maintainability","Does Code readability, naming, modularity, and maintainability meet the launch standard for cache and revalidation?","Evidence-backed production readiness for cache and revalidation, preserving current visual design unless necessary.",Organized by app/backend/frontend; cleanup needed around shims/logging.,74,P2,medium,E041;E042,src/backend/database/index.ts; console/TODO/any/catch scan,Keep cache and revalidation under regression coverage and improve where noted.,XS,medium,May reduce polish or scalability if left unmonitored.,none,no
CP-04-37,"Code readability, naming, modularity, and maintainability","Does Code readability, naming, modularity, and maintainability meet the launch standard for N+1 or bulk-fetch risk?","Evidence-backed production readiness for N+1 or bulk-fetch risk, preserving current visual design unless necessary.",Organized by app/backend/frontend; cleanup needed around shims/logging.,74,P2,medium,E041;E042,src/backend/database/index.ts; console/TODO/any/catch scan,Keep N+1 or bulk-fetch risk under regression coverage and improve where noted.,XS,medium,May reduce polish or scalability if left unmonitored.,none,no
CP-04-38,"Code readability, naming, modularity, and maintainability","Does Code readability, naming, modularity, and maintainability meet the launch standard for payment status integrity?","Evidence-backed production readiness for payment status integrity, preserving current visual design unless necessary.",Organized by app/backend/frontend; cleanup needed around shims/logging.,74,P2,medium,E041;E042,src/backend/database/index.ts; console/TODO/any/catch scan,Keep payment status integrity under regression coverage and improve where noted.,XS,medium,May reduce polish or scalability if left unmonitored.,none,no
CP-04-39,"Code readability, naming, modularity, and maintainability","Does Code readability, naming, modularity, and maintainability meet the launch standard for guest and buyer flow?","Evidence-backed production readiness for guest and buyer flow, preserving current visual design unless necessary.",Organized by app/backend/frontend; cleanup needed around shims/logging.,74,P2,medium,E041;E042,src/backend/database/index.ts; console/TODO/any/catch scan,Keep guest and buyer flow under regression coverage and improve where noted.,XS,medium,May reduce polish or scalability if left unmonitored.,none,no
CP-04-40,"Code readability, naming, modularity, and maintainability","Does Code readability, naming, modularity, and maintainability meet the launch standard for account privacy?","Evidence-backed production readiness for account privacy, preserving current visual design unless necessary.","Account order detail is owner-scoped, but public confirmation exposes PII by orderNumber.",35,P0,medium,E022;E023;E010,src/app/(store)/order/[orderNumber]/confirmation/page.tsx; src/app/(store)/account/orders/[id]/page.tsx; .gitignore / git ls-files .env,Fix account privacy before launch or before enabling related feature.,M,critical,Launch risk remains around account privacy.,none,yes
CP-04-41,"Code readability, naming, modularity, and maintainability","Does Code readability, naming, modularity, and maintainability meet the launch standard for product SEO fields?","Evidence-backed production readiness for product SEO fields, preserving current visual design unless necessary.",Organized by app/backend/frontend; cleanup needed around shims/logging.,74,P2,medium,E041;E042,src/backend/database/index.ts; console/TODO/any/catch scan,Keep product SEO fields under regression coverage and improve where noted.,XS,medium,May reduce polish or scalability if left unmonitored.,none,no
CP-04-42,"Code readability, naming, modularity, and maintainability","Does Code readability, naming, modularity, and maintainability meet the launch standard for category taxonomy?","Evidence-backed production readiness for category taxonomy, preserving current visual design unless necessary.",Organized by app/backend/frontend; cleanup needed around shims/logging.,74,P2,medium,E041;E042,src/backend/database/index.ts; console/TODO/any/catch scan,Keep category taxonomy under regression coverage and improve where noted.,XS,medium,May reduce polish or scalability if left unmonitored.,none,no
CP-04-43,"Code readability, naming, modularity, and maintainability","Does Code readability, naming, modularity, and maintainability meet the launch standard for internal linking?","Evidence-backed production readiness for internal linking, preserving current visual design unless necessary.",Organized by app/backend/frontend; cleanup needed around shims/logging.,74,P2,medium,E041;E042,src/backend/database/index.ts; console/TODO/any/catch scan,Keep internal linking under regression coverage and improve where noted.,XS,medium,May reduce polish or scalability if left unmonitored.,none,no
CP-04-44,"Code readability, naming, modularity, and maintainability","Does Code readability, naming, modularity, and maintainability meet the launch standard for reviews and ratings?","Evidence-backed production readiness for reviews and ratings, preserving current visual design unless necessary.",Organized by app/backend/frontend; cleanup needed around shims/logging.,74,P2,medium,E041;E042,src/backend/database/index.ts; console/TODO/any/catch scan,Keep reviews and ratings under regression coverage and improve where noted.,XS,medium,May reduce polish or scalability if left unmonitored.,none,no
CP-04-45,"Code readability, naming, modularity, and maintainability","Does Code readability, naming, modularity, and maintainability meet the launch standard for returns and refunds?","Evidence-backed production readiness for returns and refunds, preserving current visual design unless necessary.",Organized by app/backend/frontend; cleanup needed around shims/logging.,74,P2,medium,E041;E042,src/backend/database/index.ts; console/TODO/any/catch scan,Keep returns and refunds under regression coverage and improve where noted.,XS,medium,May reduce polish or scalability if left unmonitored.,none,no
CP-04-46,"Code readability, naming, modularity, and maintainability","Does Code readability, naming, modularity, and maintainability meet the launch standard for deployment headers?","Evidence-backed production readiness for deployment headers, preserving current visual design unless necessary.",Organized by app/backend/frontend; cleanup needed around shims/logging.,74,P2,medium,E041;E042,src/backend/database/index.ts; console/TODO/any/catch scan,Keep deployment headers under regression coverage and improve where noted.,XS,medium,May reduce polish or scalability if left unmonitored.,none,no
CP-04-47,"Code readability, naming, modularity, and maintainability","Does Code readability, naming, modularity, and maintainability meet the launch standard for dependency deprecation?","Evidence-backed production readiness for dependency deprecation, preserving current visual design unless necessary.",Organized by app/backend/frontend; cleanup needed around shims/logging.,74,P2,medium,E041;E042,src/backend/database/index.ts; console/TODO/any/catch scan,Keep dependency deprecation under regression coverage and improve where noted.,XS,medium,May reduce polish or scalability if left unmonitored.,none,no
CP-04-48,"Code readability, naming, modularity, and maintainability","Does Code readability, naming, modularity, and maintainability meet the launch standard for observability?","Evidence-backed production readiness for observability, preserving current visual design unless necessary.",Organized by app/backend/frontend; cleanup needed around shims/logging.,74,P2,medium,E041;E042,src/backend/database/index.ts; console/TODO/any/catch scan,Keep observability under regression coverage and improve where noted.,XS,medium,May reduce polish or scalability if left unmonitored.,none,no
CP-04-49,"Code readability, naming, modularity, and maintainability","Does Code readability, naming, modularity, and maintainability meet the launch standard for visual preservation?","Evidence-backed production readiness for visual preservation, preserving current visual design unless necessary.",Organized by app/backend/frontend; cleanup needed around shims/logging.,74,P2,medium,E041;E042,src/backend/database/index.ts; console/TODO/any/catch scan,Keep visual preservation under regression coverage and improve where noted.,XS,medium,May reduce polish or scalability if left unmonitored.,none,no
CP-04-50,"Code readability, naming, modularity, and maintainability","Does Code readability, naming, modularity, and maintainability meet the launch standard for launch risk?","Evidence-backed production readiness for launch risk, preserving current visual design unless necessary.",Organized by app/backend/frontend; cleanup needed around shims/logging.,74,P2,medium,E041;E042,src/backend/database/index.ts; console/TODO/any/catch scan,Keep launch risk under regression coverage and improve where noted.,XS,medium,May reduce polish or scalability if left unmonitored.,none,no
CP-05-01,"Dead code, duplicate code, unused files, unused imports, and AI-generated clutter","Does Dead code, duplicate code, unused files, unused imports, and AI-generated clutter meet the launch standard for route group coverage?","Evidence-backed production readiness for route group coverage, preserving current visual design unless necessary.",No massive generated clutter; README drift/shims/console/broad catches remain.,74,P2,medium,E039;E040;E041;E042,package.json / README.md; prisma/seed.ts; src/backend/database/index.ts; console/TODO/any/catch scan,Keep route group coverage under regression coverage and improve where noted.,XS,medium,May reduce polish or scalability if left unmonitored.,none,no
CP-05-02,"Dead code, duplicate code, unused files, unused imports, and AI-generated clutter","Does Dead code, duplicate code, unused files, unused imports, and AI-generated clutter meet the launch standard for API mutation coverage?","Evidence-backed production readiness for API mutation coverage, preserving current visual design unless necessary.",No massive generated clutter; README drift/shims/console/broad catches remain.,74,P2,medium,E039;E040;E041;E042,package.json / README.md; prisma/seed.ts; src/backend/database/index.ts; console/TODO/any/catch scan,Keep API mutation coverage under regression coverage and improve where noted.,XS,medium,May reduce polish or scalability if left unmonitored.,none,no
CP-05-03,"Dead code, duplicate code, unused files, unused imports, and AI-generated clutter","Does Dead code, duplicate code, unused files, unused imports, and AI-generated clutter meet the launch standard for RBAC enforcement?","Evidence-backed production readiness for RBAC enforcement, preserving current visual design unless necessary.",No massive generated clutter; README drift/shims/console/broad catches remain.,74,P2,medium,E039;E040;E041;E042,package.json / README.md; prisma/seed.ts; src/backend/database/index.ts; console/TODO/any/catch scan,Keep RBAC enforcement under regression coverage and improve where noted.,XS,medium,May reduce polish or scalability if left unmonitored.,none,no
CP-05-04,"Dead code, duplicate code, unused files, unused imports, and AI-generated clutter","Does Dead code, duplicate code, unused files, unused imports, and AI-generated clutter meet the launch standard for authenticated data access?","Evidence-backed production readiness for authenticated data access, preserving current visual design unless necessary.",No massive generated clutter; README drift/shims/console/broad catches remain.,74,P2,medium,E039;E040;E041;E042,package.json / README.md; prisma/seed.ts; src/backend/database/index.ts; console/TODO/any/catch scan,Keep authenticated data access under regression coverage and improve where noted.,XS,medium,May reduce polish or scalability if left unmonitored.,none,no
CP-05-05,"Dead code, duplicate code, unused files, unused imports, and AI-generated clutter","Does Dead code, duplicate code, unused files, unused imports, and AI-generated clutter meet the launch standard for schema support?","Evidence-backed production readiness for schema support, preserving current visual design unless necessary.",No massive generated clutter; README drift/shims/console/broad catches remain.,74,P2,medium,E039;E040;E041;E042,package.json / README.md; prisma/seed.ts; src/backend/database/index.ts; console/TODO/any/catch scan,Keep schema support under regression coverage and improve where noted.,XS,medium,May reduce polish or scalability if left unmonitored.,none,no
CP-05-06,"Dead code, duplicate code, unused files, unused imports, and AI-generated clutter","Does Dead code, duplicate code, unused files, unused imports, and AI-generated clutter meet the launch standard for validation path?","Evidence-backed production readiness for validation path, preserving current visual design unless necessary.",No massive generated clutter; README drift/shims/console/broad catches remain.,74,P2,medium,E039;E040;E041;E042,package.json / README.md; prisma/seed.ts; src/backend/database/index.ts; console/TODO/any/catch scan,Keep validation path under regression coverage and improve where noted.,XS,medium,May reduce polish or scalability if left unmonitored.,none,no
CP-05-07,"Dead code, duplicate code, unused files, unused imports, and AI-generated clutter","Does Dead code, duplicate code, unused files, unused imports, and AI-generated clutter meet the launch standard for error handling?","Evidence-backed production readiness for error handling, preserving current visual design unless necessary.",No massive generated clutter; README drift/shims/console/broad catches remain.,74,P2,medium,E039;E040;E041;E042,package.json / README.md; prisma/seed.ts; src/backend/database/index.ts; console/TODO/any/catch scan,Keep error handling under regression coverage and improve where noted.,XS,medium,May reduce polish or scalability if left unmonitored.,none,no
CP-05-08,"Dead code, duplicate code, unused files, unused imports, and AI-generated clutter","Does Dead code, duplicate code, unused files, unused imports, and AI-generated clutter meet the launch standard for audit logging?","Evidence-backed production readiness for audit logging, preserving current visual design unless necessary.",No massive generated clutter; README drift/shims/console/broad catches remain.,74,P2,medium,E039;E040;E041;E042,package.json / README.md; prisma/seed.ts; src/backend/database/index.ts; console/TODO/any/catch scan,Keep audit logging under regression coverage and improve where noted.,XS,medium,May reduce polish or scalability if left unmonitored.,none,no
CP-05-09,"Dead code, duplicate code, unused files, unused imports, and AI-generated clutter","Does Dead code, duplicate code, unused files, unused imports, and AI-generated clutter meet the launch standard for environment dependency?","Evidence-backed production readiness for environment dependency, preserving current visual design unless necessary.",No massive generated clutter; README drift/shims/console/broad catches remain.,74,P2,medium,E039;E040;E041;E042,package.json / README.md; prisma/seed.ts; src/backend/database/index.ts; console/TODO/any/catch scan,Keep environment dependency under regression coverage and improve where noted.,XS,medium,May reduce polish or scalability if left unmonitored.,none,no
CP-05-10,"Dead code, duplicate code, unused files, unused imports, and AI-generated clutter","Does Dead code, duplicate code, unused files, unused imports, and AI-generated clutter meet the launch standard for command verification?","Evidence-backed production readiness for command verification, preserving current visual design unless necessary.",No massive generated clutter; README drift/shims/console/broad catches remain.,74,P2,medium,E039;E040;E041;E042,package.json / README.md; prisma/seed.ts; src/backend/database/index.ts; console/TODO/any/catch scan,Keep command verification under regression coverage and improve where noted.,XS,medium,May reduce polish or scalability if left unmonitored.,none,no
CP-05-11,"Dead code, duplicate code, unused files, unused imports, and AI-generated clutter","Does Dead code, duplicate code, unused files, unused imports, and AI-generated clutter meet the launch standard for test coverage?","Evidence-backed production readiness for test coverage, preserving current visual design unless necessary.",No massive generated clutter; README drift/shims/console/broad catches remain.,74,P2,medium,E039;E040;E041;E042,package.json / README.md; prisma/seed.ts; src/backend/database/index.ts; console/TODO/any/catch scan,Keep test coverage under regression coverage and improve where noted.,XS,medium,May reduce polish or scalability if left unmonitored.,none,no
CP-05-12,"Dead code, duplicate code, unused files, unused imports, and AI-generated clutter","Does Dead code, duplicate code, unused files, unused imports, and AI-generated clutter meet the launch standard for data fetching strategy?","Evidence-backed production readiness for data fetching strategy, preserving current visual design unless necessary.",In-memory route limiter exists but is not distributed.,58,P1,medium,E008,src/backend/security/rate-limit.ts,Fix data fetching strategy before launch or before enabling related feature.,S,medium,Launch risk remains around data fetching strategy.,none,no
CP-05-13,"Dead code, duplicate code, unused files, unused imports, and AI-generated clutter","Does Dead code, duplicate code, unused files, unused imports, and AI-generated clutter meet the launch standard for image/media handling?","Evidence-backed production readiness for image/media handling, preserving current visual design unless necessary.",No massive generated clutter; README drift/shims/console/broad catches remain.,74,P2,medium,E039;E040;E041;E042,package.json / README.md; prisma/seed.ts; src/backend/database/index.ts; console/TODO/any/catch scan,Keep image/media handling under regression coverage and improve where noted.,XS,medium,May reduce polish or scalability if left unmonitored.,none,no
CP-05-14,"Dead code, duplicate code, unused files, unused imports, and AI-generated clutter","Does Dead code, duplicate code, unused files, unused imports, and AI-generated clutter meet the launch standard for metadata and canonical handling?","Evidence-backed production readiness for metadata and canonical handling, preserving current visual design unless necessary.",No massive generated clutter; README drift/shims/console/broad catches remain.,74,P2,medium,E011;E017;E018,src/backend/seo/metadata.ts; src/app/(store)/category/[slug]/page.tsx; src/app/(store)/search/page.tsx,Keep metadata and canonical handling under regression coverage and improve where noted.,XS,medium,May reduce polish or scalability if left unmonitored.,none,no
CP-05-15,"Dead code, duplicate code, unused files, unused imports, and AI-generated clutter","Does Dead code, duplicate code, unused files, unused imports, and AI-generated clutter meet the launch standard for structured data handling?","Evidence-backed production readiness for structured data handling, preserving current visual design unless necessary.",No massive generated clutter; README drift/shims/console/broad catches remain.,74,P2,medium,E014;E016;E017,src/backend/seo/structured-data.ts; src/app/(store)/products/[slug]/page.tsx; src/app/(store)/category/[slug]/page.tsx,Keep structured data handling under regression coverage and improve where noted.,XS,medium,May reduce polish or scalability if left unmonitored.,none,no
CP-05-16,"Dead code, duplicate code, unused files, unused imports, and AI-generated clutter","Does Dead code, duplicate code, unused files, unused imports, and AI-generated clutter meet the launch standard for sitemap and robots handling?","Evidence-backed production readiness for sitemap and robots handling, preserving current visual design unless necessary.",No massive generated clutter; README drift/shims/console/broad catches remain.,74,P2,medium,E039;E040;E041;E042,package.json / README.md; prisma/seed.ts; src/backend/database/index.ts; console/TODO/any/catch scan,Keep sitemap and robots handling under regression coverage and improve where noted.,XS,medium,May reduce polish or scalability if left unmonitored.,none,no
CP-05-17,"Dead code, duplicate code, unused files, unused imports, and AI-generated clutter","Does Dead code, duplicate code, unused files, unused imports, and AI-generated clutter meet the launch standard for pagination and facets?","Evidence-backed production readiness for pagination and facets, preserving current visual design unless necessary.",No massive generated clutter; README drift/shims/console/broad catches remain.,74,P2,medium,E039;E040;E041;E042,package.json / README.md; prisma/seed.ts; src/backend/database/index.ts; console/TODO/any/catch scan,Keep pagination and facets under regression coverage and improve where noted.,XS,medium,May reduce polish or scalability if left unmonitored.,none,no
CP-05-18,"Dead code, duplicate code, unused files, unused imports, and AI-generated clutter","Does Dead code, duplicate code, unused files, unused imports, and AI-generated clutter meet the launch standard for seller ownership?","Evidence-backed production readiness for seller ownership, preserving current visual design unless necessary.","Seller schema exists, but no seller route area was found and product writes are first-party/admin-managed.",45,P1,medium,E031;E026;E003,src/app route scan and README.md; src/backend/admin/product-editor.ts; prisma/schema.prisma,Fix seller ownership before launch or before enabling related feature.,S,medium,Launch risk remains around seller ownership.,minor,no
CP-05-19,"Dead code, duplicate code, unused files, unused imports, and AI-generated clutter","Does Dead code, duplicate code, unused files, unused imports, and AI-generated clutter meet the launch standard for admin versus super-admin split?","Evidence-backed production readiness for admin versus super-admin split, preserving current visual design unless necessary.",No massive generated clutter; README drift/shims/console/broad catches remain.,74,P2,medium,E039;E040;E041;E042,package.json / README.md; prisma/seed.ts; src/backend/database/index.ts; console/TODO/any/catch scan,Keep admin versus super-admin split under regression coverage and improve where noted.,XS,medium,May reduce polish or scalability if left unmonitored.,none,no
CP-05-20,"Dead code, duplicate code, unused files, unused imports, and AI-generated clutter","Does Dead code, duplicate code, unused files, unused imports, and AI-generated clutter meet the launch standard for order payment shipment status?","Evidence-backed production readiness for order payment shipment status, preserving current visual design unless necessary.",No massive generated clutter; README drift/shims/console/broad catches remain.,74,P2,medium,E039;E040;E041;E042,package.json / README.md; prisma/seed.ts; src/backend/database/index.ts; console/TODO/any/catch scan,Keep order payment shipment status under regression coverage and improve where noted.,XS,medium,May reduce polish or scalability if left unmonitored.,none,no
CP-05-21,"Dead code, duplicate code, unused files, unused imports, and AI-generated clutter","Does Dead code, duplicate code, unused files, unused imports, and AI-generated clutter meet the launch standard for rate limiting?","Evidence-backed production readiness for rate limiting, preserving current visual design unless necessary.",In-memory route limiter exists but is not distributed.,58,P1,medium,E008,src/backend/security/rate-limit.ts,Fix rate limiting before launch or before enabling related feature.,S,medium,Launch risk remains around rate limiting.,none,no
CP-05-22,"Dead code, duplicate code, unused files, unused imports, and AI-generated clutter","Does Dead code, duplicate code, unused files, unused imports, and AI-generated clutter meet the launch standard for CSRF and origin control?","Evidence-backed production readiness for CSRF and origin control, preserving current visual design unless necessary.",No explicit CSRF token or Origin/Referer check found in sampled custom mutation APIs.,55,P1,medium,E060,custom mutation CSRF/origin scan,Fix CSRF and origin control before launch or before enabling related feature.,S,medium,Launch risk remains around CSRF and origin control.,none,no
CP-05-23,"Dead code, duplicate code, unused files, unused imports, and AI-generated clutter","Does Dead code, duplicate code, unused files, unused imports, and AI-generated clutter meet the launch standard for secret exposure?","Evidence-backed production readiness for secret exposure, preserving current visual design unless necessary.",No massive generated clutter; README drift/shims/console/broad catches remain.,74,P2,medium,E039;E040;E041;E042,package.json / README.md; prisma/seed.ts; src/backend/database/index.ts; console/TODO/any/catch scan,Keep secret exposure under regression coverage and improve where noted.,XS,medium,May reduce polish or scalability if left unmonitored.,none,no
CP-05-24,"Dead code, duplicate code, unused files, unused imports, and AI-generated clutter","Does Dead code, duplicate code, unused files, unused imports, and AI-generated clutter meet the launch standard for console and logging hygiene?","Evidence-backed production readiness for console and logging hygiene, preserving current visual design unless necessary.",No massive generated clutter; README drift/shims/console/broad catches remain.,74,P2,medium,E039;E040;E041;E042,package.json / README.md; prisma/seed.ts; src/backend/database/index.ts; console/TODO/any/catch scan,Keep console and logging hygiene under regression coverage and improve where noted.,XS,medium,May reduce polish or scalability if left unmonitored.,none,no
CP-05-25,"Dead code, duplicate code, unused files, unused imports, and AI-generated clutter","Does Dead code, duplicate code, unused files, unused imports, and AI-generated clutter meet the launch standard for type safety?","Evidence-backed production readiness for type safety, preserving current visual design unless necessary.",No massive generated clutter; README drift/shims/console/broad catches remain.,74,P2,medium,E039;E040;E041;E042,package.json / README.md; prisma/seed.ts; src/backend/database/index.ts; console/TODO/any/catch scan,Keep type safety under regression coverage and improve where noted.,XS,medium,May reduce polish or scalability if left unmonitored.,none,no
CP-05-26,"Dead code, duplicate code, unused files, unused imports, and AI-generated clutter","Does Dead code, duplicate code, unused files, unused imports, and AI-generated clutter meet the launch standard for duplicate or dead code risk?","Evidence-backed production readiness for duplicate or dead code risk, preserving current visual design unless necessary.",No massive generated clutter; README drift/shims/console/broad catches remain.,74,P2,medium,E039;E040;E041;E042,package.json / README.md; prisma/seed.ts; src/backend/database/index.ts; console/TODO/any/catch scan,Keep duplicate or dead code risk under regression coverage and improve where noted.,XS,medium,May reduce polish or scalability if left unmonitored.,none,no
CP-05-27,"Dead code, duplicate code, unused files, unused imports, and AI-generated clutter","Does Dead code, duplicate code, unused files, unused imports, and AI-generated clutter meet the launch standard for README and implementation alignment?","Evidence-backed production readiness for README and implementation alignment, preserving current visual design unless necessary.",No massive generated clutter; README drift/shims/console/broad catches remain.,74,P2,medium,E039;E040;E041;E042,package.json / README.md; prisma/seed.ts; src/backend/database/index.ts; console/TODO/any/catch scan,Keep README and implementation alignment under regression coverage and improve where noted.,XS,medium,May reduce polish or scalability if left unmonitored.,none,no
CP-05-28,"Dead code, duplicate code, unused files, unused imports, and AI-generated clutter","Does Dead code, duplicate code, unused files, unused imports, and AI-generated clutter meet the launch standard for accessibility controls?","Evidence-backed production readiness for accessibility controls, preserving current visual design unless necessary.",No massive generated clutter; README drift/shims/console/broad catches remain.,74,P2,medium,E039;E040;E041;E042,package.json / README.md; prisma/seed.ts; src/backend/database/index.ts; console/TODO/any/catch scan,Keep accessibility controls under regression coverage and improve where noted.,XS,medium,May reduce polish or scalability if left unmonitored.,none,no
CP-05-29,"Dead code, duplicate code, unused files, unused imports, and AI-generated clutter","Does Dead code, duplicate code, unused files, unused imports, and AI-generated clutter meet the launch standard for mobile layout behavior?","Evidence-backed production readiness for mobile layout behavior, preserving current visual design unless necessary.",No massive generated clutter; README drift/shims/console/broad catches remain.,74,P2,medium,E039;E040;E041;E042,package.json / README.md; prisma/seed.ts; src/backend/database/index.ts; console/TODO/any/catch scan,Keep mobile layout behavior under regression coverage and improve where noted.,XS,medium,May reduce polish or scalability if left unmonitored.,none,no
CP-05-30,"Dead code, duplicate code, unused files, unused imports, and AI-generated clutter","Does Dead code, duplicate code, unused files, unused imports, and AI-generated clutter meet the launch standard for Bangladesh localization?","Evidence-backed production readiness for Bangladesh localization, preserving current visual design unless necessary.",No massive generated clutter; README drift/shims/console/broad catches remain.,74,P2,medium,E039;E040;E041;E042,package.json / README.md; prisma/seed.ts; src/backend/database/index.ts; console/TODO/any/catch scan,Keep Bangladesh localization under regression coverage and improve where noted.,XS,medium,May reduce polish or scalability if left unmonitored.,none,no
CP-05-31,"Dead code, duplicate code, unused files, unused imports, and AI-generated clutter","Does Dead code, duplicate code, unused files, unused imports, and AI-generated clutter meet the launch standard for Bangla and English readiness?","Evidence-backed production readiness for Bangla and English readiness, preserving current visual design unless necessary.",No massive generated clutter; README drift/shims/console/broad catches remain.,74,P2,medium,E039;E040;E041;E042,package.json / README.md; prisma/seed.ts; src/backend/database/index.ts; console/TODO/any/catch scan,Keep Bangla and English readiness under regression coverage and improve where noted.,XS,medium,May reduce polish or scalability if left unmonitored.,none,no
CP-05-32,"Dead code, duplicate code, unused files, unused imports, and AI-generated clutter","Does Dead code, duplicate code, unused files, unused imports, and AI-generated clutter meet the launch standard for Merchant Center readiness?","Evidence-backed production readiness for Merchant Center readiness, preserving current visual design unless necessary.",No massive generated clutter; README drift/shims/console/broad catches remain.,74,P2,medium,E039;E040;E041;E042,package.json / README.md; prisma/seed.ts; src/backend/database/index.ts; console/TODO/any/catch scan,Keep Merchant Center readiness under regression coverage and improve where noted.,XS,medium,May reduce polish or scalability if left unmonitored.,none,no
CP-05-33,"Dead code, duplicate code, unused files, unused imports, and AI-generated clutter","Does Dead code, duplicate code, unused files, unused imports, and AI-generated clutter meet the launch standard for webhook readiness?","Evidence-backed production readiness for webhook readiness, preserving current visual design unless necessary.","Payment env variables exist, but no webhook route was found.",45,P1,medium,E043;E050,webhook route scan; src/app/api/admin/orders/[id]/payment-status/route.ts,Fix webhook readiness before launch or before enabling related feature.,S,medium,Launch risk remains around webhook readiness.,none,no
CP-05-34,"Dead code, duplicate code, unused files, unused imports, and AI-generated clutter","Does Dead code, duplicate code, unused files, unused imports, and AI-generated clutter meet the launch standard for shipment tracking readiness?","Evidence-backed production readiness for shipment tracking readiness, preserving current visual design unless necessary.",No massive generated clutter; README drift/shims/console/broad catches remain.,74,P2,medium,E039;E040;E041;E042,package.json / README.md; prisma/seed.ts; src/backend/database/index.ts; console/TODO/any/catch scan,Keep shipment tracking readiness under regression coverage and improve where noted.,XS,medium,May reduce polish or scalability if left unmonitored.,none,no
CP-05-35,"Dead code, duplicate code, unused files, unused imports, and AI-generated clutter","Does Dead code, duplicate code, unused files, unused imports, and AI-generated clutter meet the launch standard for fraud and moderation readiness?","Evidence-backed production readiness for fraud and moderation readiness, preserving current visual design unless necessary.",No massive generated clutter; README drift/shims/console/broad catches remain.,74,P2,medium,E039;E040;E041;E042,package.json / README.md; prisma/seed.ts; src/backend/database/index.ts; console/TODO/any/catch scan,Keep fraud and moderation readiness under regression coverage and improve where noted.,XS,medium,May reduce polish or scalability if left unmonitored.,none,no
CP-05-36,"Dead code, duplicate code, unused files, unused imports, and AI-generated clutter","Does Dead code, duplicate code, unused files, unused imports, and AI-generated clutter meet the launch standard for cache and revalidation?","Evidence-backed production readiness for cache and revalidation, preserving current visual design unless necessary.",No massive generated clutter; README drift/shims/console/broad catches remain.,74,P2,medium,E039;E040;E041;E042,package.json / README.md; prisma/seed.ts; src/backend/database/index.ts; console/TODO/any/catch scan,Keep cache and revalidation under regression coverage and improve where noted.,XS,medium,May reduce polish or scalability if left unmonitored.,none,no
CP-05-37,"Dead code, duplicate code, unused files, unused imports, and AI-generated clutter","Does Dead code, duplicate code, unused files, unused imports, and AI-generated clutter meet the launch standard for N+1 or bulk-fetch risk?","Evidence-backed production readiness for N+1 or bulk-fetch risk, preserving current visual design unless necessary.",No massive generated clutter; README drift/shims/console/broad catches remain.,74,P2,medium,E039;E040;E041;E042,package.json / README.md; prisma/seed.ts; src/backend/database/index.ts; console/TODO/any/catch scan,Keep N+1 or bulk-fetch risk under regression coverage and improve where noted.,XS,medium,May reduce polish or scalability if left unmonitored.,none,no
CP-05-38,"Dead code, duplicate code, unused files, unused imports, and AI-generated clutter","Does Dead code, duplicate code, unused files, unused imports, and AI-generated clutter meet the launch standard for payment status integrity?","Evidence-backed production readiness for payment status integrity, preserving current visual design unless necessary.",No massive generated clutter; README drift/shims/console/broad catches remain.,74,P2,medium,E039;E040;E041;E042,package.json / README.md; prisma/seed.ts; src/backend/database/index.ts; console/TODO/any/catch scan,Keep payment status integrity under regression coverage and improve where noted.,XS,medium,May reduce polish or scalability if left unmonitored.,none,no
CP-05-39,"Dead code, duplicate code, unused files, unused imports, and AI-generated clutter","Does Dead code, duplicate code, unused files, unused imports, and AI-generated clutter meet the launch standard for guest and buyer flow?","Evidence-backed production readiness for guest and buyer flow, preserving current visual design unless necessary.",No massive generated clutter; README drift/shims/console/broad catches remain.,74,P2,medium,E039;E040;E041;E042,package.json / README.md; prisma/seed.ts; src/backend/database/index.ts; console/TODO/any/catch scan,Keep guest and buyer flow under regression coverage and improve where noted.,XS,medium,May reduce polish or scalability if left unmonitored.,none,no
CP-05-40,"Dead code, duplicate code, unused files, unused imports, and AI-generated clutter","Does Dead code, duplicate code, unused files, unused imports, and AI-generated clutter meet the launch standard for account privacy?","Evidence-backed production readiness for account privacy, preserving current visual design unless necessary.","Account order detail is owner-scoped, but public confirmation exposes PII by orderNumber.",35,P0,medium,E022;E023;E010,src/app/(store)/order/[orderNumber]/confirmation/page.tsx; src/app/(store)/account/orders/[id]/page.tsx; .gitignore / git ls-files .env,Fix account privacy before launch or before enabling related feature.,M,critical,Launch risk remains around account privacy.,none,yes
CP-05-41,"Dead code, duplicate code, unused files, unused imports, and AI-generated clutter","Does Dead code, duplicate code, unused files, unused imports, and AI-generated clutter meet the launch standard for product SEO fields?","Evidence-backed production readiness for product SEO fields, preserving current visual design unless necessary.",No massive generated clutter; README drift/shims/console/broad catches remain.,74,P2,medium,E039;E040;E041;E042,package.json / README.md; prisma/seed.ts; src/backend/database/index.ts; console/TODO/any/catch scan,Keep product SEO fields under regression coverage and improve where noted.,XS,medium,May reduce polish or scalability if left unmonitored.,none,no
CP-05-42,"Dead code, duplicate code, unused files, unused imports, and AI-generated clutter","Does Dead code, duplicate code, unused files, unused imports, and AI-generated clutter meet the launch standard for category taxonomy?","Evidence-backed production readiness for category taxonomy, preserving current visual design unless necessary.",No massive generated clutter; README drift/shims/console/broad catches remain.,74,P2,medium,E039;E040;E041;E042,package.json / README.md; prisma/seed.ts; src/backend/database/index.ts; console/TODO/any/catch scan,Keep category taxonomy under regression coverage and improve where noted.,XS,medium,May reduce polish or scalability if left unmonitored.,none,no
CP-05-43,"Dead code, duplicate code, unused files, unused imports, and AI-generated clutter","Does Dead code, duplicate code, unused files, unused imports, and AI-generated clutter meet the launch standard for internal linking?","Evidence-backed production readiness for internal linking, preserving current visual design unless necessary.",No massive generated clutter; README drift/shims/console/broad catches remain.,74,P2,medium,E039;E040;E041;E042,package.json / README.md; prisma/seed.ts; src/backend/database/index.ts; console/TODO/any/catch scan,Keep internal linking under regression coverage and improve where noted.,XS,medium,May reduce polish or scalability if left unmonitored.,none,no
CP-05-44,"Dead code, duplicate code, unused files, unused imports, and AI-generated clutter","Does Dead code, duplicate code, unused files, unused imports, and AI-generated clutter meet the launch standard for reviews and ratings?","Evidence-backed production readiness for reviews and ratings, preserving current visual design unless necessary.",No massive generated clutter; README drift/shims/console/broad catches remain.,74,P2,medium,E039;E040;E041;E042,package.json / README.md; prisma/seed.ts; src/backend/database/index.ts; console/TODO/any/catch scan,Keep reviews and ratings under regression coverage and improve where noted.,XS,medium,May reduce polish or scalability if left unmonitored.,none,no
CP-05-45,"Dead code, duplicate code, unused files, unused imports, and AI-generated clutter","Does Dead code, duplicate code, unused files, unused imports, and AI-generated clutter meet the launch standard for returns and refunds?","Evidence-backed production readiness for returns and refunds, preserving current visual design unless necessary.",No massive generated clutter; README drift/shims/console/broad catches remain.,74,P2,medium,E039;E040;E041;E042,package.json / README.md; prisma/seed.ts; src/backend/database/index.ts; console/TODO/any/catch scan,Keep returns and refunds under regression coverage and improve where noted.,XS,medium,May reduce polish or scalability if left unmonitored.,none,no
CP-05-46,"Dead code, duplicate code, unused files, unused imports, and AI-generated clutter","Does Dead code, duplicate code, unused files, unused imports, and AI-generated clutter meet the launch standard for deployment headers?","Evidence-backed production readiness for deployment headers, preserving current visual design unless necessary.",No massive generated clutter; README drift/shims/console/broad catches remain.,74,P2,medium,E039;E040;E041;E042,package.json / README.md; prisma/seed.ts; src/backend/database/index.ts; console/TODO/any/catch scan,Keep deployment headers under regression coverage and improve where noted.,XS,medium,May reduce polish or scalability if left unmonitored.,none,no
CP-05-47,"Dead code, duplicate code, unused files, unused imports, and AI-generated clutter","Does Dead code, duplicate code, unused files, unused imports, and AI-generated clutter meet the launch standard for dependency deprecation?","Evidence-backed production readiness for dependency deprecation, preserving current visual design unless necessary.",No massive generated clutter; README drift/shims/console/broad catches remain.,74,P2,medium,E039;E040;E041;E042,package.json / README.md; prisma/seed.ts; src/backend/database/index.ts; console/TODO/any/catch scan,Keep dependency deprecation under regression coverage and improve where noted.,XS,medium,May reduce polish or scalability if left unmonitored.,none,no
CP-05-48,"Dead code, duplicate code, unused files, unused imports, and AI-generated clutter","Does Dead code, duplicate code, unused files, unused imports, and AI-generated clutter meet the launch standard for observability?","Evidence-backed production readiness for observability, preserving current visual design unless necessary.",No massive generated clutter; README drift/shims/console/broad catches remain.,74,P2,medium,E039;E040;E041;E042,package.json / README.md; prisma/seed.ts; src/backend/database/index.ts; console/TODO/any/catch scan,Keep observability under regression coverage and improve where noted.,XS,medium,May reduce polish or scalability if left unmonitored.,none,no
CP-05-49,"Dead code, duplicate code, unused files, unused imports, and AI-generated clutter","Does Dead code, duplicate code, unused files, unused imports, and AI-generated clutter meet the launch standard for visual preservation?","Evidence-backed production readiness for visual preservation, preserving current visual design unless necessary.",No massive generated clutter; README drift/shims/console/broad catches remain.,74,P2,medium,E039;E040;E041;E042,package.json / README.md; prisma/seed.ts; src/backend/database/index.ts; console/TODO/any/catch scan,Keep visual preservation under regression coverage and improve where noted.,XS,medium,May reduce polish or scalability if left unmonitored.,none,no
CP-05-50,"Dead code, duplicate code, unused files, unused imports, and AI-generated clutter","Does Dead code, duplicate code, unused files, unused imports, and AI-generated clutter meet the launch standard for launch risk?","Evidence-backed production readiness for launch risk, preserving current visual design unless necessary.",No massive generated clutter; README drift/shims/console/broad catches remain.,74,P2,medium,E039;E040;E041;E042,package.json / README.md; prisma/seed.ts; src/backend/database/index.ts; console/TODO/any/catch scan,Keep launch risk under regression coverage and improve where noted.,XS,medium,May reduce polish or scalability if left unmonitored.,none,no
CP-06-01,"UI consistency, design system discipline, layout polish, and visual regression risk","Does UI consistency, design system discipline, layout polish, and visual regression risk meet the launch standard for route group coverage?","Evidence-backed production readiness for route group coverage, preserving current visual design unless necessary.",Visual source is componentized; screenshots not taken.,74,P2,medium,E015;E016;E045,src/app/(store)/page.tsx; src/app/(store)/products/[slug]/page.tsx; browser rendering/Core Web Vitals,Keep route group coverage under regression coverage and improve where noted.,XS,medium,May reduce polish or scalability if left unmonitored.,minor,no
CP-06-02,"UI consistency, design system discipline, layout polish, and visual regression risk","Does UI consistency, design system discipline, layout polish, and visual regression risk meet the launch standard for API mutation coverage?","Evidence-backed production readiness for API mutation coverage, preserving current visual design unless necessary.",Visual source is componentized; screenshots not taken.,74,P2,medium,E015;E016;E045,src/app/(store)/page.tsx; src/app/(store)/products/[slug]/page.tsx; browser rendering/Core Web Vitals,Keep API mutation coverage under regression coverage and improve where noted.,XS,medium,May reduce polish or scalability if left unmonitored.,minor,no
CP-06-03,"UI consistency, design system discipline, layout polish, and visual regression risk","Does UI consistency, design system discipline, layout polish, and visual regression risk meet the launch standard for RBAC enforcement?","Evidence-backed production readiness for RBAC enforcement, preserving current visual design unless necessary.",Visual source is componentized; screenshots not taken.,74,P2,medium,E015;E016;E045,src/app/(store)/page.tsx; src/app/(store)/products/[slug]/page.tsx; browser rendering/Core Web Vitals,Keep RBAC enforcement under regression coverage and improve where noted.,XS,medium,May reduce polish or scalability if left unmonitored.,minor,no
CP-06-04,"UI consistency, design system discipline, layout polish, and visual regression risk","Does UI consistency, design system discipline, layout polish, and visual regression risk meet the launch standard for authenticated data access?","Evidence-backed production readiness for authenticated data access, preserving current visual design unless necessary.",Visual source is componentized; screenshots not taken.,74,P2,medium,E015;E016;E045,src/app/(store)/page.tsx; src/app/(store)/products/[slug]/page.tsx; browser rendering/Core Web Vitals,Keep authenticated data access under regression coverage and improve where noted.,XS,medium,May reduce polish or scalability if left unmonitored.,minor,no
CP-06-05,"UI consistency, design system discipline, layout polish, and visual regression risk","Does UI consistency, design system discipline, layout polish, and visual regression risk meet the launch standard for schema support?","Evidence-backed production readiness for schema support, preserving current visual design unless necessary.",Visual source is componentized; screenshots not taken.,74,P2,medium,E015;E016;E045,src/app/(store)/page.tsx; src/app/(store)/products/[slug]/page.tsx; browser rendering/Core Web Vitals,Keep schema support under regression coverage and improve where noted.,XS,medium,May reduce polish or scalability if left unmonitored.,minor,no
CP-06-06,"UI consistency, design system discipline, layout polish, and visual regression risk","Does UI consistency, design system discipline, layout polish, and visual regression risk meet the launch standard for validation path?","Evidence-backed production readiness for validation path, preserving current visual design unless necessary.",Visual source is componentized; screenshots not taken.,74,P2,medium,E015;E016;E045,src/app/(store)/page.tsx; src/app/(store)/products/[slug]/page.tsx; browser rendering/Core Web Vitals,Keep validation path under regression coverage and improve where noted.,XS,medium,May reduce polish or scalability if left unmonitored.,minor,no
CP-06-07,"UI consistency, design system discipline, layout polish, and visual regression risk","Does UI consistency, design system discipline, layout polish, and visual regression risk meet the launch standard for error handling?","Evidence-backed production readiness for error handling, preserving current visual design unless necessary.",Visual source is componentized; screenshots not taken.,74,P2,medium,E015;E016;E045,src/app/(store)/page.tsx; src/app/(store)/products/[slug]/page.tsx; browser rendering/Core Web Vitals,Keep error handling under regression coverage and improve where noted.,XS,medium,May reduce polish or scalability if left unmonitored.,minor,no
CP-06-08,"UI consistency, design system discipline, layout polish, and visual regression risk","Does UI consistency, design system discipline, layout polish, and visual regression risk meet the launch standard for audit logging?","Evidence-backed production readiness for audit logging, preserving current visual design unless necessary.",Visual source is componentized; screenshots not taken.,74,P2,medium,E015;E016;E045,src/app/(store)/page.tsx; src/app/(store)/products/[slug]/page.tsx; browser rendering/Core Web Vitals,Keep audit logging under regression coverage and improve where noted.,XS,medium,May reduce polish or scalability if left unmonitored.,minor,no
CP-06-09,"UI consistency, design system discipline, layout polish, and visual regression risk","Does UI consistency, design system discipline, layout polish, and visual regression risk meet the launch standard for environment dependency?","Evidence-backed production readiness for environment dependency, preserving current visual design unless necessary.",Visual source is componentized; screenshots not taken.,74,P2,medium,E015;E016;E045,src/app/(store)/page.tsx; src/app/(store)/products/[slug]/page.tsx; browser rendering/Core Web Vitals,Keep environment dependency under regression coverage and improve where noted.,XS,medium,May reduce polish or scalability if left unmonitored.,minor,no
CP-06-10,"UI consistency, design system discipline, layout polish, and visual regression risk","Does UI consistency, design system discipline, layout polish, and visual regression risk meet the launch standard for command verification?","Evidence-backed production readiness for command verification, preserving current visual design unless necessary.",Visual source is componentized; screenshots not taken.,74,P2,medium,E015;E016;E045,src/app/(store)/page.tsx; src/app/(store)/products/[slug]/page.tsx; browser rendering/Core Web Vitals,Keep command verification under regression coverage and improve where noted.,XS,medium,May reduce polish or scalability if left unmonitored.,minor,no
CP-06-11,"UI consistency, design system discipline, layout polish, and visual regression risk","Does UI consistency, design system discipline, layout polish, and visual regression risk meet the launch standard for test coverage?","Evidence-backed production readiness for test coverage, preserving current visual design unless necessary.",Visual source is componentized; screenshots not taken.,74,P2,medium,E015;E016;E045,src/app/(store)/page.tsx; src/app/(store)/products/[slug]/page.tsx; browser rendering/Core Web Vitals,Keep test coverage under regression coverage and improve where noted.,XS,medium,May reduce polish or scalability if left unmonitored.,minor,no
CP-06-12,"UI consistency, design system discipline, layout polish, and visual regression risk","Does UI consistency, design system discipline, layout polish, and visual regression risk meet the launch standard for data fetching strategy?","Evidence-backed production readiness for data fetching strategy, preserving current visual design unless necessary.",In-memory route limiter exists but is not distributed.,58,P1,medium,E008,src/backend/security/rate-limit.ts,Fix data fetching strategy before launch or before enabling related feature.,S,medium,Launch risk remains around data fetching strategy.,minor,no
CP-06-13,"UI consistency, design system discipline, layout polish, and visual regression risk","Does UI consistency, design system discipline, layout polish, and visual regression risk meet the launch standard for image/media handling?","Evidence-backed production readiness for image/media handling, preserving current visual design unless necessary.",Visual source is componentized; screenshots not taken.,74,P2,medium,E015;E016;E045,src/app/(store)/page.tsx; src/app/(store)/products/[slug]/page.tsx; browser rendering/Core Web Vitals,Keep image/media handling under regression coverage and improve where noted.,XS,medium,May reduce polish or scalability if left unmonitored.,minor,no
CP-06-14,"UI consistency, design system discipline, layout polish, and visual regression risk","Does UI consistency, design system discipline, layout polish, and visual regression risk meet the launch standard for metadata and canonical handling?","Evidence-backed production readiness for metadata and canonical handling, preserving current visual design unless necessary.",Visual source is componentized; screenshots not taken.,74,P2,medium,E011;E017;E018,src/backend/seo/metadata.ts; src/app/(store)/category/[slug]/page.tsx; src/app/(store)/search/page.tsx,Keep metadata and canonical handling under regression coverage and improve where noted.,XS,medium,May reduce polish or scalability if left unmonitored.,minor,no
CP-06-15,"UI consistency, design system discipline, layout polish, and visual regression risk","Does UI consistency, design system discipline, layout polish, and visual regression risk meet the launch standard for structured data handling?","Evidence-backed production readiness for structured data handling, preserving current visual design unless necessary.",Visual source is componentized; screenshots not taken.,74,P2,medium,E014;E016;E017,src/backend/seo/structured-data.ts; src/app/(store)/products/[slug]/page.tsx; src/app/(store)/category/[slug]/page.tsx,Keep structured data handling under regression coverage and improve where noted.,XS,medium,May reduce polish or scalability if left unmonitored.,minor,no
CP-06-16,"UI consistency, design system discipline, layout polish, and visual regression risk","Does UI consistency, design system discipline, layout polish, and visual regression risk meet the launch standard for sitemap and robots handling?","Evidence-backed production readiness for sitemap and robots handling, preserving current visual design unless necessary.",Visual source is componentized; screenshots not taken.,74,P2,medium,E015;E016;E045,src/app/(store)/page.tsx; src/app/(store)/products/[slug]/page.tsx; browser rendering/Core Web Vitals,Keep sitemap and robots handling under regression coverage and improve where noted.,XS,medium,May reduce polish or scalability if left unmonitored.,minor,no
CP-06-17,"UI consistency, design system discipline, layout polish, and visual regression risk","Does UI consistency, design system discipline, layout polish, and visual regression risk meet the launch standard for pagination and facets?","Evidence-backed production readiness for pagination and facets, preserving current visual design unless necessary.",Visual source is componentized; screenshots not taken.,74,P2,medium,E015;E016;E045,src/app/(store)/page.tsx; src/app/(store)/products/[slug]/page.tsx; browser rendering/Core Web Vitals,Keep pagination and facets under regression coverage and improve where noted.,XS,medium,May reduce polish or scalability if left unmonitored.,minor,no
CP-06-18,"UI consistency, design system discipline, layout polish, and visual regression risk","Does UI consistency, design system discipline, layout polish, and visual regression risk meet the launch standard for seller ownership?","Evidence-backed production readiness for seller ownership, preserving current visual design unless necessary.","Seller schema exists, but no seller route area was found and product writes are first-party/admin-managed.",45,P1,medium,E031;E026;E003,src/app route scan and README.md; src/backend/admin/product-editor.ts; prisma/schema.prisma,Fix seller ownership before launch or before enabling related feature.,S,medium,Launch risk remains around seller ownership.,minor,no
CP-06-19,"UI consistency, design system discipline, layout polish, and visual regression risk","Does UI consistency, design system discipline, layout polish, and visual regression risk meet the launch standard for admin versus super-admin split?","Evidence-backed production readiness for admin versus super-admin split, preserving current visual design unless necessary.",Visual source is componentized; screenshots not taken.,74,P2,medium,E015;E016;E045,src/app/(store)/page.tsx; src/app/(store)/products/[slug]/page.tsx; browser rendering/Core Web Vitals,Keep admin versus super-admin split under regression coverage and improve where noted.,XS,medium,May reduce polish or scalability if left unmonitored.,minor,no
CP-06-20,"UI consistency, design system discipline, layout polish, and visual regression risk","Does UI consistency, design system discipline, layout polish, and visual regression risk meet the launch standard for order payment shipment status?","Evidence-backed production readiness for order payment shipment status, preserving current visual design unless necessary.",Visual source is componentized; screenshots not taken.,74,P2,medium,E015;E016;E045,src/app/(store)/page.tsx; src/app/(store)/products/[slug]/page.tsx; browser rendering/Core Web Vitals,Keep order payment shipment status under regression coverage and improve where noted.,XS,medium,May reduce polish or scalability if left unmonitored.,minor,no
CP-06-21,"UI consistency, design system discipline, layout polish, and visual regression risk","Does UI consistency, design system discipline, layout polish, and visual regression risk meet the launch standard for rate limiting?","Evidence-backed production readiness for rate limiting, preserving current visual design unless necessary.",In-memory route limiter exists but is not distributed.,58,P1,medium,E008,src/backend/security/rate-limit.ts,Fix rate limiting before launch or before enabling related feature.,S,medium,Launch risk remains around rate limiting.,minor,no
CP-06-22,"UI consistency, design system discipline, layout polish, and visual regression risk","Does UI consistency, design system discipline, layout polish, and visual regression risk meet the launch standard for CSRF and origin control?","Evidence-backed production readiness for CSRF and origin control, preserving current visual design unless necessary.",No explicit CSRF token or Origin/Referer check found in sampled custom mutation APIs.,55,P1,medium,E060,custom mutation CSRF/origin scan,Fix CSRF and origin control before launch or before enabling related feature.,S,medium,Launch risk remains around CSRF and origin control.,minor,no
CP-06-23,"UI consistency, design system discipline, layout polish, and visual regression risk","Does UI consistency, design system discipline, layout polish, and visual regression risk meet the launch standard for secret exposure?","Evidence-backed production readiness for secret exposure, preserving current visual design unless necessary.",Visual source is componentized; screenshots not taken.,74,P2,medium,E015;E016;E045,src/app/(store)/page.tsx; src/app/(store)/products/[slug]/page.tsx; browser rendering/Core Web Vitals,Keep secret exposure under regression coverage and improve where noted.,XS,medium,May reduce polish or scalability if left unmonitored.,minor,no
CP-06-24,"UI consistency, design system discipline, layout polish, and visual regression risk","Does UI consistency, design system discipline, layout polish, and visual regression risk meet the launch standard for console and logging hygiene?","Evidence-backed production readiness for console and logging hygiene, preserving current visual design unless necessary.",Visual source is componentized; screenshots not taken.,74,P2,medium,E015;E016;E045,src/app/(store)/page.tsx; src/app/(store)/products/[slug]/page.tsx; browser rendering/Core Web Vitals,Keep console and logging hygiene under regression coverage and improve where noted.,XS,medium,May reduce polish or scalability if left unmonitored.,minor,no
CP-06-25,"UI consistency, design system discipline, layout polish, and visual regression risk","Does UI consistency, design system discipline, layout polish, and visual regression risk meet the launch standard for type safety?","Evidence-backed production readiness for type safety, preserving current visual design unless necessary.",Visual source is componentized; screenshots not taken.,74,P2,medium,E015;E016;E045,src/app/(store)/page.tsx; src/app/(store)/products/[slug]/page.tsx; browser rendering/Core Web Vitals,Keep type safety under regression coverage and improve where noted.,XS,medium,May reduce polish or scalability if left unmonitored.,minor,no
CP-06-26,"UI consistency, design system discipline, layout polish, and visual regression risk","Does UI consistency, design system discipline, layout polish, and visual regression risk meet the launch standard for duplicate or dead code risk?","Evidence-backed production readiness for duplicate or dead code risk, preserving current visual design unless necessary.",Visual source is componentized; screenshots not taken.,74,P2,medium,E015;E016;E045,src/app/(store)/page.tsx; src/app/(store)/products/[slug]/page.tsx; browser rendering/Core Web Vitals,Keep duplicate or dead code risk under regression coverage and improve where noted.,XS,medium,May reduce polish or scalability if left unmonitored.,minor,no
CP-06-27,"UI consistency, design system discipline, layout polish, and visual regression risk","Does UI consistency, design system discipline, layout polish, and visual regression risk meet the launch standard for README and implementation alignment?","Evidence-backed production readiness for README and implementation alignment, preserving current visual design unless necessary.",Visual source is componentized; screenshots not taken.,74,P2,medium,E015;E016;E045,src/app/(store)/page.tsx; src/app/(store)/products/[slug]/page.tsx; browser rendering/Core Web Vitals,Keep README and implementation alignment under regression coverage and improve where noted.,XS,medium,May reduce polish or scalability if left unmonitored.,minor,no
CP-06-28,"UI consistency, design system discipline, layout polish, and visual regression risk","Does UI consistency, design system discipline, layout polish, and visual regression risk meet the launch standard for accessibility controls?","Evidence-backed production readiness for accessibility controls, preserving current visual design unless necessary.",Visual source is componentized; screenshots not taken.,74,P2,medium,E015;E016;E045,src/app/(store)/page.tsx; src/app/(store)/products/[slug]/page.tsx; browser rendering/Core Web Vitals,Keep accessibility controls under regression coverage and improve where noted.,XS,medium,May reduce polish or scalability if left unmonitored.,minor,no
CP-06-29,"UI consistency, design system discipline, layout polish, and visual regression risk","Does UI consistency, design system discipline, layout polish, and visual regression risk meet the launch standard for mobile layout behavior?","Evidence-backed production readiness for mobile layout behavior, preserving current visual design unless necessary.",Visual source is componentized; screenshots not taken.,74,P2,medium,E015;E016;E045,src/app/(store)/page.tsx; src/app/(store)/products/[slug]/page.tsx; browser rendering/Core Web Vitals,Keep mobile layout behavior under regression coverage and improve where noted.,XS,medium,May reduce polish or scalability if left unmonitored.,minor,no
CP-06-30,"UI consistency, design system discipline, layout polish, and visual regression risk","Does UI consistency, design system discipline, layout polish, and visual regression risk meet the launch standard for Bangladesh localization?","Evidence-backed production readiness for Bangladesh localization, preserving current visual design unless necessary.",Visual source is componentized; screenshots not taken.,74,P2,medium,E015;E016;E045,src/app/(store)/page.tsx; src/app/(store)/products/[slug]/page.tsx; browser rendering/Core Web Vitals,Keep Bangladesh localization under regression coverage and improve where noted.,XS,medium,May reduce polish or scalability if left unmonitored.,minor,no
CP-06-31,"UI consistency, design system discipline, layout polish, and visual regression risk","Does UI consistency, design system discipline, layout polish, and visual regression risk meet the launch standard for Bangla and English readiness?","Evidence-backed production readiness for Bangla and English readiness, preserving current visual design unless necessary.",Visual source is componentized; screenshots not taken.,74,P2,medium,E015;E016;E045,src/app/(store)/page.tsx; src/app/(store)/products/[slug]/page.tsx; browser rendering/Core Web Vitals,Keep Bangla and English readiness under regression coverage and improve where noted.,XS,medium,May reduce polish or scalability if left unmonitored.,minor,no
CP-06-32,"UI consistency, design system discipline, layout polish, and visual regression risk","Does UI consistency, design system discipline, layout polish, and visual regression risk meet the launch standard for Merchant Center readiness?","Evidence-backed production readiness for Merchant Center readiness, preserving current visual design unless necessary.",Visual source is componentized; screenshots not taken.,74,P2,medium,E015;E016;E045,src/app/(store)/page.tsx; src/app/(store)/products/[slug]/page.tsx; browser rendering/Core Web Vitals,Keep Merchant Center readiness under regression coverage and improve where noted.,XS,medium,May reduce polish or scalability if left unmonitored.,minor,no
CP-06-33,"UI consistency, design system discipline, layout polish, and visual regression risk","Does UI consistency, design system discipline, layout polish, and visual regression risk meet the launch standard for webhook readiness?","Evidence-backed production readiness for webhook readiness, preserving current visual design unless necessary.","Payment env variables exist, but no webhook route was found.",45,P1,medium,E043;E050,webhook route scan; src/app/api/admin/orders/[id]/payment-status/route.ts,Fix webhook readiness before launch or before enabling related feature.,S,medium,Launch risk remains around webhook readiness.,minor,no
CP-06-34,"UI consistency, design system discipline, layout polish, and visual regression risk","Does UI consistency, design system discipline, layout polish, and visual regression risk meet the launch standard for shipment tracking readiness?","Evidence-backed production readiness for shipment tracking readiness, preserving current visual design unless necessary.",Visual source is componentized; screenshots not taken.,74,P2,medium,E015;E016;E045,src/app/(store)/page.tsx; src/app/(store)/products/[slug]/page.tsx; browser rendering/Core Web Vitals,Keep shipment tracking readiness under regression coverage and improve where noted.,XS,medium,May reduce polish or scalability if left unmonitored.,minor,no
CP-06-35,"UI consistency, design system discipline, layout polish, and visual regression risk","Does UI consistency, design system discipline, layout polish, and visual regression risk meet the launch standard for fraud and moderation readiness?","Evidence-backed production readiness for fraud and moderation readiness, preserving current visual design unless necessary.",Visual source is componentized; screenshots not taken.,74,P2,medium,E015;E016;E045,src/app/(store)/page.tsx; src/app/(store)/products/[slug]/page.tsx; browser rendering/Core Web Vitals,Keep fraud and moderation readiness under regression coverage and improve where noted.,XS,medium,May reduce polish or scalability if left unmonitored.,minor,no
CP-06-36,"UI consistency, design system discipline, layout polish, and visual regression risk","Does UI consistency, design system discipline, layout polish, and visual regression risk meet the launch standard for cache and revalidation?","Evidence-backed production readiness for cache and revalidation, preserving current visual design unless necessary.",Visual source is componentized; screenshots not taken.,74,P2,medium,E015;E016;E045,src/app/(store)/page.tsx; src/app/(store)/products/[slug]/page.tsx; browser rendering/Core Web Vitals,Keep cache and revalidation under regression coverage and improve where noted.,XS,medium,May reduce polish or scalability if left unmonitored.,minor,no
CP-06-37,"UI consistency, design system discipline, layout polish, and visual regression risk","Does UI consistency, design system discipline, layout polish, and visual regression risk meet the launch standard for N+1 or bulk-fetch risk?","Evidence-backed production readiness for N+1 or bulk-fetch risk, preserving current visual design unless necessary.",Visual source is componentized; screenshots not taken.,74,P2,medium,E015;E016;E045,src/app/(store)/page.tsx; src/app/(store)/products/[slug]/page.tsx; browser rendering/Core Web Vitals,Keep N+1 or bulk-fetch risk under regression coverage and improve where noted.,XS,medium,May reduce polish or scalability if left unmonitored.,minor,no
CP-06-38,"UI consistency, design system discipline, layout polish, and visual regression risk","Does UI consistency, design system discipline, layout polish, and visual regression risk meet the launch standard for payment status integrity?","Evidence-backed production readiness for payment status integrity, preserving current visual design unless necessary.",Visual source is componentized; screenshots not taken.,74,P2,medium,E015;E016;E045,src/app/(store)/page.tsx; src/app/(store)/products/[slug]/page.tsx; browser rendering/Core Web Vitals,Keep payment status integrity under regression coverage and improve where noted.,XS,medium,May reduce polish or scalability if left unmonitored.,minor,no
CP-06-39,"UI consistency, design system discipline, layout polish, and visual regression risk","Does UI consistency, design system discipline, layout polish, and visual regression risk meet the launch standard for guest and buyer flow?","Evidence-backed production readiness for guest and buyer flow, preserving current visual design unless necessary.",Visual source is componentized; screenshots not taken.,74,P2,medium,E015;E016;E045,src/app/(store)/page.tsx; src/app/(store)/products/[slug]/page.tsx; browser rendering/Core Web Vitals,Keep guest and buyer flow under regression coverage and improve where noted.,XS,medium,May reduce polish or scalability if left unmonitored.,minor,no
CP-06-40,"UI consistency, design system discipline, layout polish, and visual regression risk","Does UI consistency, design system discipline, layout polish, and visual regression risk meet the launch standard for account privacy?","Evidence-backed production readiness for account privacy, preserving current visual design unless necessary.","Account order detail is owner-scoped, but public confirmation exposes PII by orderNumber.",35,P0,medium,E022;E023;E010,src/app/(store)/order/[orderNumber]/confirmation/page.tsx; src/app/(store)/account/orders/[id]/page.tsx; .gitignore / git ls-files .env,Fix account privacy before launch or before enabling related feature.,M,critical,Launch risk remains around account privacy.,minor,yes
CP-06-41,"UI consistency, design system discipline, layout polish, and visual regression risk","Does UI consistency, design system discipline, layout polish, and visual regression risk meet the launch standard for product SEO fields?","Evidence-backed production readiness for product SEO fields, preserving current visual design unless necessary.",Visual source is componentized; screenshots not taken.,74,P2,medium,E015;E016;E045,src/app/(store)/page.tsx; src/app/(store)/products/[slug]/page.tsx; browser rendering/Core Web Vitals,Keep product SEO fields under regression coverage and improve where noted.,XS,medium,May reduce polish or scalability if left unmonitored.,minor,no
CP-06-42,"UI consistency, design system discipline, layout polish, and visual regression risk","Does UI consistency, design system discipline, layout polish, and visual regression risk meet the launch standard for category taxonomy?","Evidence-backed production readiness for category taxonomy, preserving current visual design unless necessary.",Visual source is componentized; screenshots not taken.,74,P2,medium,E015;E016;E045,src/app/(store)/page.tsx; src/app/(store)/products/[slug]/page.tsx; browser rendering/Core Web Vitals,Keep category taxonomy under regression coverage and improve where noted.,XS,medium,May reduce polish or scalability if left unmonitored.,minor,no
CP-06-43,"UI consistency, design system discipline, layout polish, and visual regression risk","Does UI consistency, design system discipline, layout polish, and visual regression risk meet the launch standard for internal linking?","Evidence-backed production readiness for internal linking, preserving current visual design unless necessary.",Visual source is componentized; screenshots not taken.,74,P2,medium,E015;E016;E045,src/app/(store)/page.tsx; src/app/(store)/products/[slug]/page.tsx; browser rendering/Core Web Vitals,Keep internal linking under regression coverage and improve where noted.,XS,medium,May reduce polish or scalability if left unmonitored.,minor,no
CP-06-44,"UI consistency, design system discipline, layout polish, and visual regression risk","Does UI consistency, design system discipline, layout polish, and visual regression risk meet the launch standard for reviews and ratings?","Evidence-backed production readiness for reviews and ratings, preserving current visual design unless necessary.",Visual source is componentized; screenshots not taken.,74,P2,medium,E015;E016;E045,src/app/(store)/page.tsx; src/app/(store)/products/[slug]/page.tsx; browser rendering/Core Web Vitals,Keep reviews and ratings under regression coverage and improve where noted.,XS,medium,May reduce polish or scalability if left unmonitored.,minor,no
CP-06-45,"UI consistency, design system discipline, layout polish, and visual regression risk","Does UI consistency, design system discipline, layout polish, and visual regression risk meet the launch standard for returns and refunds?","Evidence-backed production readiness for returns and refunds, preserving current visual design unless necessary.",Visual source is componentized; screenshots not taken.,74,P2,medium,E015;E016;E045,src/app/(store)/page.tsx; src/app/(store)/products/[slug]/page.tsx; browser rendering/Core Web Vitals,Keep returns and refunds under regression coverage and improve where noted.,XS,medium,May reduce polish or scalability if left unmonitored.,minor,no
CP-06-46,"UI consistency, design system discipline, layout polish, and visual regression risk","Does UI consistency, design system discipline, layout polish, and visual regression risk meet the launch standard for deployment headers?","Evidence-backed production readiness for deployment headers, preserving current visual design unless necessary.",Visual source is componentized; screenshots not taken.,74,P2,medium,E015;E016;E045,src/app/(store)/page.tsx; src/app/(store)/products/[slug]/page.tsx; browser rendering/Core Web Vitals,Keep deployment headers under regression coverage and improve where noted.,XS,medium,May reduce polish or scalability if left unmonitored.,minor,no
CP-06-47,"UI consistency, design system discipline, layout polish, and visual regression risk","Does UI consistency, design system discipline, layout polish, and visual regression risk meet the launch standard for dependency deprecation?","Evidence-backed production readiness for dependency deprecation, preserving current visual design unless necessary.",Visual source is componentized; screenshots not taken.,74,P2,medium,E015;E016;E045,src/app/(store)/page.tsx; src/app/(store)/products/[slug]/page.tsx; browser rendering/Core Web Vitals,Keep dependency deprecation under regression coverage and improve where noted.,XS,medium,May reduce polish or scalability if left unmonitored.,minor,no
CP-06-48,"UI consistency, design system discipline, layout polish, and visual regression risk","Does UI consistency, design system discipline, layout polish, and visual regression risk meet the launch standard for observability?","Evidence-backed production readiness for observability, preserving current visual design unless necessary.",Visual source is componentized; screenshots not taken.,74,P2,medium,E015;E016;E045,src/app/(store)/page.tsx; src/app/(store)/products/[slug]/page.tsx; browser rendering/Core Web Vitals,Keep observability under regression coverage and improve where noted.,XS,medium,May reduce polish or scalability if left unmonitored.,minor,no
CP-06-49,"UI consistency, design system discipline, layout polish, and visual regression risk","Does UI consistency, design system discipline, layout polish, and visual regression risk meet the launch standard for visual preservation?","Evidence-backed production readiness for visual preservation, preserving current visual design unless necessary.",Visual source is componentized; screenshots not taken.,74,P2,medium,E015;E016;E045,src/app/(store)/page.tsx; src/app/(store)/products/[slug]/page.tsx; browser rendering/Core Web Vitals,Keep visual preservation under regression coverage and improve where noted.,XS,medium,May reduce polish or scalability if left unmonitored.,minor,no
CP-06-50,"UI consistency, design system discipline, layout polish, and visual regression risk","Does UI consistency, design system discipline, layout polish, and visual regression risk meet the launch standard for launch risk?","Evidence-backed production readiness for launch risk, preserving current visual design unless necessary.",Visual source is componentized; screenshots not taken.,74,P2,medium,E015;E016;E045,src/app/(store)/page.tsx; src/app/(store)/products/[slug]/page.tsx; browser rendering/Core Web Vitals,Keep launch risk under regression coverage and improve where noted.,XS,medium,May reduce polish or scalability if left unmonitored.,minor,no
CP-07-01,"Responsiveness across mobile, tablet, laptop, desktop, and low-end devices","Does Responsiveness across mobile, tablet, laptop, desktop, and low-end devices meet the launch standard for route group coverage?","Evidence-backed production readiness for route group coverage, preserving current visual design unless necessary.",Responsive classes exist; device behavior not browser-verified.,62,P2,low,E045;E054,browser rendering/Core Web Vitals; live buyer/seller/admin flows,Keep route group coverage under regression coverage and improve where noted.,XS,medium,May reduce polish or scalability if left unmonitored.,minor,no
CP-07-02,"Responsiveness across mobile, tablet, laptop, desktop, and low-end devices","Does Responsiveness across mobile, tablet, laptop, desktop, and low-end devices meet the launch standard for API mutation coverage?","Evidence-backed production readiness for API mutation coverage, preserving current visual design unless necessary.",Responsive classes exist; device behavior not browser-verified.,62,P2,low,E045;E054,browser rendering/Core Web Vitals; live buyer/seller/admin flows,Keep API mutation coverage under regression coverage and improve where noted.,XS,medium,May reduce polish or scalability if left unmonitored.,minor,no
CP-07-03,"Responsiveness across mobile, tablet, laptop, desktop, and low-end devices","Does Responsiveness across mobile, tablet, laptop, desktop, and low-end devices meet the launch standard for RBAC enforcement?","Evidence-backed production readiness for RBAC enforcement, preserving current visual design unless necessary.",Responsive classes exist; device behavior not browser-verified.,62,P2,low,E045;E054,browser rendering/Core Web Vitals; live buyer/seller/admin flows,Keep RBAC enforcement under regression coverage and improve where noted.,XS,medium,May reduce polish or scalability if left unmonitored.,minor,no
CP-07-04,"Responsiveness across mobile, tablet, laptop, desktop, and low-end devices","Does Responsiveness across mobile, tablet, laptop, desktop, and low-end devices meet the launch standard for authenticated data access?","Evidence-backed production readiness for authenticated data access, preserving current visual design unless necessary.",Responsive classes exist; device behavior not browser-verified.,62,P2,low,E045;E054,browser rendering/Core Web Vitals; live buyer/seller/admin flows,Keep authenticated data access under regression coverage and improve where noted.,XS,medium,May reduce polish or scalability if left unmonitored.,minor,no
CP-07-05,"Responsiveness across mobile, tablet, laptop, desktop, and low-end devices","Does Responsiveness across mobile, tablet, laptop, desktop, and low-end devices meet the launch standard for schema support?","Evidence-backed production readiness for schema support, preserving current visual design unless necessary.",Responsive classes exist; device behavior not browser-verified.,62,P2,low,E045;E054,browser rendering/Core Web Vitals; live buyer/seller/admin flows,Keep schema support under regression coverage and improve where noted.,XS,medium,May reduce polish or scalability if left unmonitored.,minor,no
CP-07-06,"Responsiveness across mobile, tablet, laptop, desktop, and low-end devices","Does Responsiveness across mobile, tablet, laptop, desktop, and low-end devices meet the launch standard for validation path?","Evidence-backed production readiness for validation path, preserving current visual design unless necessary.",Responsive classes exist; device behavior not browser-verified.,62,P2,low,E045;E054,browser rendering/Core Web Vitals; live buyer/seller/admin flows,Keep validation path under regression coverage and improve where noted.,XS,medium,May reduce polish or scalability if left unmonitored.,minor,no
CP-07-07,"Responsiveness across mobile, tablet, laptop, desktop, and low-end devices","Does Responsiveness across mobile, tablet, laptop, desktop, and low-end devices meet the launch standard for error handling?","Evidence-backed production readiness for error handling, preserving current visual design unless necessary.",Responsive classes exist; device behavior not browser-verified.,62,P2,low,E045;E054,browser rendering/Core Web Vitals; live buyer/seller/admin flows,Keep error handling under regression coverage and improve where noted.,XS,medium,May reduce polish or scalability if left unmonitored.,minor,no
CP-07-08,"Responsiveness across mobile, tablet, laptop, desktop, and low-end devices","Does Responsiveness across mobile, tablet, laptop, desktop, and low-end devices meet the launch standard for audit logging?","Evidence-backed production readiness for audit logging, preserving current visual design unless necessary.",Responsive classes exist; device behavior not browser-verified.,62,P2,low,E045;E054,browser rendering/Core Web Vitals; live buyer/seller/admin flows,Keep audit logging under regression coverage and improve where noted.,XS,medium,May reduce polish or scalability if left unmonitored.,minor,no
CP-07-09,"Responsiveness across mobile, tablet, laptop, desktop, and low-end devices","Does Responsiveness across mobile, tablet, laptop, desktop, and low-end devices meet the launch standard for environment dependency?","Evidence-backed production readiness for environment dependency, preserving current visual design unless necessary.",Responsive classes exist; device behavior not browser-verified.,62,P2,low,E045;E054,browser rendering/Core Web Vitals; live buyer/seller/admin flows,Keep environment dependency under regression coverage and improve where noted.,XS,medium,May reduce polish or scalability if left unmonitored.,minor,no
CP-07-10,"Responsiveness across mobile, tablet, laptop, desktop, and low-end devices","Does Responsiveness across mobile, tablet, laptop, desktop, and low-end devices meet the launch standard for command verification?","Evidence-backed production readiness for command verification, preserving current visual design unless necessary.",Responsive classes exist; device behavior not browser-verified.,62,P2,low,E045;E054,browser rendering/Core Web Vitals; live buyer/seller/admin flows,Keep command verification under regression coverage and improve where noted.,XS,medium,May reduce polish or scalability if left unmonitored.,minor,no
CP-07-11,"Responsiveness across mobile, tablet, laptop, desktop, and low-end devices","Does Responsiveness across mobile, tablet, laptop, desktop, and low-end devices meet the launch standard for test coverage?","Evidence-backed production readiness for test coverage, preserving current visual design unless necessary.",Responsive classes exist; device behavior not browser-verified.,62,P2,low,E045;E054,browser rendering/Core Web Vitals; live buyer/seller/admin flows,Keep test coverage under regression coverage and improve where noted.,XS,medium,May reduce polish or scalability if left unmonitored.,minor,no
CP-07-12,"Responsiveness across mobile, tablet, laptop, desktop, and low-end devices","Does Responsiveness across mobile, tablet, laptop, desktop, and low-end devices meet the launch standard for data fetching strategy?","Evidence-backed production readiness for data fetching strategy, preserving current visual design unless necessary.",In-memory route limiter exists but is not distributed.,58,P1,low,E008,src/backend/security/rate-limit.ts,Fix data fetching strategy before launch or before enabling related feature.,S,medium,Launch risk remains around data fetching strategy.,minor,no
CP-07-13,"Responsiveness across mobile, tablet, laptop, desktop, and low-end devices","Does Responsiveness across mobile, tablet, laptop, desktop, and low-end devices meet the launch standard for image/media handling?","Evidence-backed production readiness for image/media handling, preserving current visual design unless necessary.",Responsive classes exist; device behavior not browser-verified.,62,P2,low,E045;E054,browser rendering/Core Web Vitals; live buyer/seller/admin flows,Keep image/media handling under regression coverage and improve where noted.,XS,medium,May reduce polish or scalability if left unmonitored.,minor,no
CP-07-14,"Responsiveness across mobile, tablet, laptop, desktop, and low-end devices","Does Responsiveness across mobile, tablet, laptop, desktop, and low-end devices meet the launch standard for metadata and canonical handling?","Evidence-backed production readiness for metadata and canonical handling, preserving current visual design unless necessary.",Responsive classes exist; device behavior not browser-verified.,62,P2,low,E011;E017;E018,src/backend/seo/metadata.ts; src/app/(store)/category/[slug]/page.tsx; src/app/(store)/search/page.tsx,Keep metadata and canonical handling under regression coverage and improve where noted.,XS,medium,May reduce polish or scalability if left unmonitored.,minor,no
CP-07-15,"Responsiveness across mobile, tablet, laptop, desktop, and low-end devices","Does Responsiveness across mobile, tablet, laptop, desktop, and low-end devices meet the launch standard for structured data handling?","Evidence-backed production readiness for structured data handling, preserving current visual design unless necessary.",Responsive classes exist; device behavior not browser-verified.,62,P2,low,E014;E016;E017,src/backend/seo/structured-data.ts; src/app/(store)/products/[slug]/page.tsx; src/app/(store)/category/[slug]/page.tsx,Keep structured data handling under regression coverage and improve where noted.,XS,medium,May reduce polish or scalability if left unmonitored.,minor,no
CP-07-16,"Responsiveness across mobile, tablet, laptop, desktop, and low-end devices","Does Responsiveness across mobile, tablet, laptop, desktop, and low-end devices meet the launch standard for sitemap and robots handling?","Evidence-backed production readiness for sitemap and robots handling, preserving current visual design unless necessary.",Responsive classes exist; device behavior not browser-verified.,62,P2,low,E045;E054,browser rendering/Core Web Vitals; live buyer/seller/admin flows,Keep sitemap and robots handling under regression coverage and improve where noted.,XS,medium,May reduce polish or scalability if left unmonitored.,minor,no
CP-07-17,"Responsiveness across mobile, tablet, laptop, desktop, and low-end devices","Does Responsiveness across mobile, tablet, laptop, desktop, and low-end devices meet the launch standard for pagination and facets?","Evidence-backed production readiness for pagination and facets, preserving current visual design unless necessary.",Responsive classes exist; device behavior not browser-verified.,62,P2,low,E045;E054,browser rendering/Core Web Vitals; live buyer/seller/admin flows,Keep pagination and facets under regression coverage and improve where noted.,XS,medium,May reduce polish or scalability if left unmonitored.,minor,no
CP-07-18,"Responsiveness across mobile, tablet, laptop, desktop, and low-end devices","Does Responsiveness across mobile, tablet, laptop, desktop, and low-end devices meet the launch standard for seller ownership?","Evidence-backed production readiness for seller ownership, preserving current visual design unless necessary.","Seller schema exists, but no seller route area was found and product writes are first-party/admin-managed.",45,P1,low,E031;E026;E003,src/app route scan and README.md; src/backend/admin/product-editor.ts; prisma/schema.prisma,Fix seller ownership before launch or before enabling related feature.,S,medium,Launch risk remains around seller ownership.,minor,no
CP-07-19,"Responsiveness across mobile, tablet, laptop, desktop, and low-end devices","Does Responsiveness across mobile, tablet, laptop, desktop, and low-end devices meet the launch standard for admin versus super-admin split?","Evidence-backed production readiness for admin versus super-admin split, preserving current visual design unless necessary.",Responsive classes exist; device behavior not browser-verified.,62,P2,low,E045;E054,browser rendering/Core Web Vitals; live buyer/seller/admin flows,Keep admin versus super-admin split under regression coverage and improve where noted.,XS,medium,May reduce polish or scalability if left unmonitored.,minor,no
CP-07-20,"Responsiveness across mobile, tablet, laptop, desktop, and low-end devices","Does Responsiveness across mobile, tablet, laptop, desktop, and low-end devices meet the launch standard for order payment shipment status?","Evidence-backed production readiness for order payment shipment status, preserving current visual design unless necessary.",Responsive classes exist; device behavior not browser-verified.,62,P2,low,E045;E054,browser rendering/Core Web Vitals; live buyer/seller/admin flows,Keep order payment shipment status under regression coverage and improve where noted.,XS,medium,May reduce polish or scalability if left unmonitored.,minor,no
CP-07-21,"Responsiveness across mobile, tablet, laptop, desktop, and low-end devices","Does Responsiveness across mobile, tablet, laptop, desktop, and low-end devices meet the launch standard for rate limiting?","Evidence-backed production readiness for rate limiting, preserving current visual design unless necessary.",In-memory route limiter exists but is not distributed.,58,P1,low,E008,src/backend/security/rate-limit.ts,Fix rate limiting before launch or before enabling related feature.,S,medium,Launch risk remains around rate limiting.,minor,no
CP-07-22,"Responsiveness across mobile, tablet, laptop, desktop, and low-end devices","Does Responsiveness across mobile, tablet, laptop, desktop, and low-end devices meet the launch standard for CSRF and origin control?","Evidence-backed production readiness for CSRF and origin control, preserving current visual design unless necessary.",No explicit CSRF token or Origin/Referer check found in sampled custom mutation APIs.,55,P1,low,E060,custom mutation CSRF/origin scan,Fix CSRF and origin control before launch or before enabling related feature.,S,medium,Launch risk remains around CSRF and origin control.,minor,no
CP-07-23,"Responsiveness across mobile, tablet, laptop, desktop, and low-end devices","Does Responsiveness across mobile, tablet, laptop, desktop, and low-end devices meet the launch standard for secret exposure?","Evidence-backed production readiness for secret exposure, preserving current visual design unless necessary.",Responsive classes exist; device behavior not browser-verified.,62,P2,low,E045;E054,browser rendering/Core Web Vitals; live buyer/seller/admin flows,Keep secret exposure under regression coverage and improve where noted.,XS,medium,May reduce polish or scalability if left unmonitored.,minor,no
CP-07-24,"Responsiveness across mobile, tablet, laptop, desktop, and low-end devices","Does Responsiveness across mobile, tablet, laptop, desktop, and low-end devices meet the launch standard for console and logging hygiene?","Evidence-backed production readiness for console and logging hygiene, preserving current visual design unless necessary.",Responsive classes exist; device behavior not browser-verified.,62,P2,low,E045;E054,browser rendering/Core Web Vitals; live buyer/seller/admin flows,Keep console and logging hygiene under regression coverage and improve where noted.,XS,medium,May reduce polish or scalability if left unmonitored.,minor,no
CP-07-25,"Responsiveness across mobile, tablet, laptop, desktop, and low-end devices","Does Responsiveness across mobile, tablet, laptop, desktop, and low-end devices meet the launch standard for type safety?","Evidence-backed production readiness for type safety, preserving current visual design unless necessary.",Responsive classes exist; device behavior not browser-verified.,62,P2,low,E045;E054,browser rendering/Core Web Vitals; live buyer/seller/admin flows,Keep type safety under regression coverage and improve where noted.,XS,medium,May reduce polish or scalability if left unmonitored.,minor,no
CP-07-26,"Responsiveness across mobile, tablet, laptop, desktop, and low-end devices","Does Responsiveness across mobile, tablet, laptop, desktop, and low-end devices meet the launch standard for duplicate or dead code risk?","Evidence-backed production readiness for duplicate or dead code risk, preserving current visual design unless necessary.",Responsive classes exist; device behavior not browser-verified.,62,P2,low,E045;E054,browser rendering/Core Web Vitals; live buyer/seller/admin flows,Keep duplicate or dead code risk under regression coverage and improve where noted.,XS,medium,May reduce polish or scalability if left unmonitored.,minor,no
CP-07-27,"Responsiveness across mobile, tablet, laptop, desktop, and low-end devices","Does Responsiveness across mobile, tablet, laptop, desktop, and low-end devices meet the launch standard for README and implementation alignment?","Evidence-backed production readiness for README and implementation alignment, preserving current visual design unless necessary.",Responsive classes exist; device behavior not browser-verified.,62,P2,low,E045;E054,browser rendering/Core Web Vitals; live buyer/seller/admin flows,Keep README and implementation alignment under regression coverage and improve where noted.,XS,medium,May reduce polish or scalability if left unmonitored.,minor,no
CP-07-28,"Responsiveness across mobile, tablet, laptop, desktop, and low-end devices","Does Responsiveness across mobile, tablet, laptop, desktop, and low-end devices meet the launch standard for accessibility controls?","Evidence-backed production readiness for accessibility controls, preserving current visual design unless necessary.",Responsive classes exist; device behavior not browser-verified.,62,P2,low,E045;E054,browser rendering/Core Web Vitals; live buyer/seller/admin flows,Keep accessibility controls under regression coverage and improve where noted.,XS,medium,May reduce polish or scalability if left unmonitored.,minor,no
CP-07-29,"Responsiveness across mobile, tablet, laptop, desktop, and low-end devices","Does Responsiveness across mobile, tablet, laptop, desktop, and low-end devices meet the launch standard for mobile layout behavior?","Evidence-backed production readiness for mobile layout behavior, preserving current visual design unless necessary.",Responsive classes exist; device behavior not browser-verified.,62,P2,low,E045;E054,browser rendering/Core Web Vitals; live buyer/seller/admin flows,Keep mobile layout behavior under regression coverage and improve where noted.,XS,medium,May reduce polish or scalability if left unmonitored.,minor,no
CP-07-30,"Responsiveness across mobile, tablet, laptop, desktop, and low-end devices","Does Responsiveness across mobile, tablet, laptop, desktop, and low-end devices meet the launch standard for Bangladesh localization?","Evidence-backed production readiness for Bangladesh localization, preserving current visual design unless necessary.",Responsive classes exist; device behavior not browser-verified.,62,P2,low,E045;E054,browser rendering/Core Web Vitals; live buyer/seller/admin flows,Keep Bangladesh localization under regression coverage and improve where noted.,XS,medium,May reduce polish or scalability if left unmonitored.,minor,no
CP-07-31,"Responsiveness across mobile, tablet, laptop, desktop, and low-end devices","Does Responsiveness across mobile, tablet, laptop, desktop, and low-end devices meet the launch standard for Bangla and English readiness?","Evidence-backed production readiness for Bangla and English readiness, preserving current visual design unless necessary.",Responsive classes exist; device behavior not browser-verified.,62,P2,low,E045;E054,browser rendering/Core Web Vitals; live buyer/seller/admin flows,Keep Bangla and English readiness under regression coverage and improve where noted.,XS,medium,May reduce polish or scalability if left unmonitored.,minor,no
CP-07-32,"Responsiveness across mobile, tablet, laptop, desktop, and low-end devices","Does Responsiveness across mobile, tablet, laptop, desktop, and low-end devices meet the launch standard for Merchant Center readiness?","Evidence-backed production readiness for Merchant Center readiness, preserving current visual design unless necessary.",Responsive classes exist; device behavior not browser-verified.,62,P2,low,E045;E054,browser rendering/Core Web Vitals; live buyer/seller/admin flows,Keep Merchant Center readiness under regression coverage and improve where noted.,XS,medium,May reduce polish or scalability if left unmonitored.,minor,no
CP-07-33,"Responsiveness across mobile, tablet, laptop, desktop, and low-end devices","Does Responsiveness across mobile, tablet, laptop, desktop, and low-end devices meet the launch standard for webhook readiness?","Evidence-backed production readiness for webhook readiness, preserving current visual design unless necessary.","Payment env variables exist, but no webhook route was found.",45,P1,low,E043;E050,webhook route scan; src/app/api/admin/orders/[id]/payment-status/route.ts,Fix webhook readiness before launch or before enabling related feature.,S,medium,Launch risk remains around webhook readiness.,minor,no
CP-07-34,"Responsiveness across mobile, tablet, laptop, desktop, and low-end devices","Does Responsiveness across mobile, tablet, laptop, desktop, and low-end devices meet the launch standard for shipment tracking readiness?","Evidence-backed production readiness for shipment tracking readiness, preserving current visual design unless necessary.",Responsive classes exist; device behavior not browser-verified.,62,P2,low,E045;E054,browser rendering/Core Web Vitals; live buyer/seller/admin flows,Keep shipment tracking readiness under regression coverage and improve where noted.,XS,medium,May reduce polish or scalability if left unmonitored.,minor,no
CP-07-35,"Responsiveness across mobile, tablet, laptop, desktop, and low-end devices","Does Responsiveness across mobile, tablet, laptop, desktop, and low-end devices meet the launch standard for fraud and moderation readiness?","Evidence-backed production readiness for fraud and moderation readiness, preserving current visual design unless necessary.",Responsive classes exist; device behavior not browser-verified.,62,P2,low,E045;E054,browser rendering/Core Web Vitals; live buyer/seller/admin flows,Keep fraud and moderation readiness under regression coverage and improve where noted.,XS,medium,May reduce polish or scalability if left unmonitored.,minor,no
CP-07-36,"Responsiveness across mobile, tablet, laptop, desktop, and low-end devices","Does Responsiveness across mobile, tablet, laptop, desktop, and low-end devices meet the launch standard for cache and revalidation?","Evidence-backed production readiness for cache and revalidation, preserving current visual design unless necessary.",Responsive classes exist; device behavior not browser-verified.,62,P2,low,E045;E054,browser rendering/Core Web Vitals; live buyer/seller/admin flows,Keep cache and revalidation under regression coverage and improve where noted.,XS,medium,May reduce polish or scalability if left unmonitored.,minor,no
CP-07-37,"Responsiveness across mobile, tablet, laptop, desktop, and low-end devices","Does Responsiveness across mobile, tablet, laptop, desktop, and low-end devices meet the launch standard for N+1 or bulk-fetch risk?","Evidence-backed production readiness for N+1 or bulk-fetch risk, preserving current visual design unless necessary.",Responsive classes exist; device behavior not browser-verified.,62,P2,low,E045;E054,browser rendering/Core Web Vitals; live buyer/seller/admin flows,Keep N+1 or bulk-fetch risk under regression coverage and improve where noted.,XS,medium,May reduce polish or scalability if left unmonitored.,minor,no
CP-07-38,"Responsiveness across mobile, tablet, laptop, desktop, and low-end devices","Does Responsiveness across mobile, tablet, laptop, desktop, and low-end devices meet the launch standard for payment status integrity?","Evidence-backed production readiness for payment status integrity, preserving current visual design unless necessary.",Responsive classes exist; device behavior not browser-verified.,62,P2,low,E045;E054,browser rendering/Core Web Vitals; live buyer/seller/admin flows,Keep payment status integrity under regression coverage and improve where noted.,XS,medium,May reduce polish or scalability if left unmonitored.,minor,no
CP-07-39,"Responsiveness across mobile, tablet, laptop, desktop, and low-end devices","Does Responsiveness across mobile, tablet, laptop, desktop, and low-end devices meet the launch standard for guest and buyer flow?","Evidence-backed production readiness for guest and buyer flow, preserving current visual design unless necessary.",Responsive classes exist; device behavior not browser-verified.,62,P2,low,E045;E054,browser rendering/Core Web Vitals; live buyer/seller/admin flows,Keep guest and buyer flow under regression coverage and improve where noted.,XS,medium,May reduce polish or scalability if left unmonitored.,minor,no
CP-07-40,"Responsiveness across mobile, tablet, laptop, desktop, and low-end devices","Does Responsiveness across mobile, tablet, laptop, desktop, and low-end devices meet the launch standard for account privacy?","Evidence-backed production readiness for account privacy, preserving current visual design unless necessary.","Account order detail is owner-scoped, but public confirmation exposes PII by orderNumber.",35,P0,low,E022;E023;E010,src/app/(store)/order/[orderNumber]/confirmation/page.tsx; src/app/(store)/account/orders/[id]/page.tsx; .gitignore / git ls-files .env,Fix account privacy before launch or before enabling related feature.,M,critical,Launch risk remains around account privacy.,minor,yes
CP-07-41,"Responsiveness across mobile, tablet, laptop, desktop, and low-end devices","Does Responsiveness across mobile, tablet, laptop, desktop, and low-end devices meet the launch standard for product SEO fields?","Evidence-backed production readiness for product SEO fields, preserving current visual design unless necessary.",Responsive classes exist; device behavior not browser-verified.,62,P2,low,E045;E054,browser rendering/Core Web Vitals; live buyer/seller/admin flows,Keep product SEO fields under regression coverage and improve where noted.,XS,medium,May reduce polish or scalability if left unmonitored.,minor,no
CP-07-42,"Responsiveness across mobile, tablet, laptop, desktop, and low-end devices","Does Responsiveness across mobile, tablet, laptop, desktop, and low-end devices meet the launch standard for category taxonomy?","Evidence-backed production readiness for category taxonomy, preserving current visual design unless necessary.",Responsive classes exist; device behavior not browser-verified.,62,P2,low,E045;E054,browser rendering/Core Web Vitals; live buyer/seller/admin flows,Keep category taxonomy under regression coverage and improve where noted.,XS,medium,May reduce polish or scalability if left unmonitored.,minor,no
CP-07-43,"Responsiveness across mobile, tablet, laptop, desktop, and low-end devices","Does Responsiveness across mobile, tablet, laptop, desktop, and low-end devices meet the launch standard for internal linking?","Evidence-backed production readiness for internal linking, preserving current visual design unless necessary.",Responsive classes exist; device behavior not browser-verified.,62,P2,low,E045;E054,browser rendering/Core Web Vitals; live buyer/seller/admin flows,Keep internal linking under regression coverage and improve where noted.,XS,medium,May reduce polish or scalability if left unmonitored.,minor,no
CP-07-44,"Responsiveness across mobile, tablet, laptop, desktop, and low-end devices","Does Responsiveness across mobile, tablet, laptop, desktop, and low-end devices meet the launch standard for reviews and ratings?","Evidence-backed production readiness for reviews and ratings, preserving current visual design unless necessary.",Responsive classes exist; device behavior not browser-verified.,62,P2,low,E045;E054,browser rendering/Core Web Vitals; live buyer/seller/admin flows,Keep reviews and ratings under regression coverage and improve where noted.,XS,medium,May reduce polish or scalability if left unmonitored.,minor,no
CP-07-45,"Responsiveness across mobile, tablet, laptop, desktop, and low-end devices","Does Responsiveness across mobile, tablet, laptop, desktop, and low-end devices meet the launch standard for returns and refunds?","Evidence-backed production readiness for returns and refunds, preserving current visual design unless necessary.",Responsive classes exist; device behavior not browser-verified.,62,P2,low,E045;E054,browser rendering/Core Web Vitals; live buyer/seller/admin flows,Keep returns and refunds under regression coverage and improve where noted.,XS,medium,May reduce polish or scalability if left unmonitored.,minor,no
CP-07-46,"Responsiveness across mobile, tablet, laptop, desktop, and low-end devices","Does Responsiveness across mobile, tablet, laptop, desktop, and low-end devices meet the launch standard for deployment headers?","Evidence-backed production readiness for deployment headers, preserving current visual design unless necessary.",Responsive classes exist; device behavior not browser-verified.,62,P2,low,E045;E054,browser rendering/Core Web Vitals; live buyer/seller/admin flows,Keep deployment headers under regression coverage and improve where noted.,XS,medium,May reduce polish or scalability if left unmonitored.,minor,no
CP-07-47,"Responsiveness across mobile, tablet, laptop, desktop, and low-end devices","Does Responsiveness across mobile, tablet, laptop, desktop, and low-end devices meet the launch standard for dependency deprecation?","Evidence-backed production readiness for dependency deprecation, preserving current visual design unless necessary.",Responsive classes exist; device behavior not browser-verified.,62,P2,low,E045;E054,browser rendering/Core Web Vitals; live buyer/seller/admin flows,Keep dependency deprecation under regression coverage and improve where noted.,XS,medium,May reduce polish or scalability if left unmonitored.,minor,no
CP-07-48,"Responsiveness across mobile, tablet, laptop, desktop, and low-end devices","Does Responsiveness across mobile, tablet, laptop, desktop, and low-end devices meet the launch standard for observability?","Evidence-backed production readiness for observability, preserving current visual design unless necessary.",Responsive classes exist; device behavior not browser-verified.,62,P2,low,E045;E054,browser rendering/Core Web Vitals; live buyer/seller/admin flows,Keep observability under regression coverage and improve where noted.,XS,medium,May reduce polish or scalability if left unmonitored.,minor,no
CP-07-49,"Responsiveness across mobile, tablet, laptop, desktop, and low-end devices","Does Responsiveness across mobile, tablet, laptop, desktop, and low-end devices meet the launch standard for visual preservation?","Evidence-backed production readiness for visual preservation, preserving current visual design unless necessary.",Responsive classes exist; device behavior not browser-verified.,62,P2,low,E045;E054,browser rendering/Core Web Vitals; live buyer/seller/admin flows,Keep visual preservation under regression coverage and improve where noted.,XS,medium,May reduce polish or scalability if left unmonitored.,minor,no
CP-07-50,"Responsiveness across mobile, tablet, laptop, desktop, and low-end devices","Does Responsiveness across mobile, tablet, laptop, desktop, and low-end devices meet the launch standard for launch risk?","Evidence-backed production readiness for launch risk, preserving current visual design unless necessary.",Responsive classes exist; device behavior not browser-verified.,62,P2,low,E045;E054,browser rendering/Core Web Vitals; live buyer/seller/admin flows,Keep launch risk under regression coverage and improve where noted.,XS,medium,May reduce polish or scalability if left unmonitored.,minor,no
CP-08-01,Accessibility using WCAG principles,Does Accessibility using WCAG principles meet the launch standard for route group coverage?,"Evidence-backed production readiness for route group coverage, preserving current visual design unless necessary.",Labels/aria appear in places; accessibility scan not run.,62,P2,low,E045;E054,browser rendering/Core Web Vitals; live buyer/seller/admin flows,Keep route group coverage under regression coverage and improve where noted.,XS,medium,May reduce polish or scalability if left unmonitored.,minor,no
CP-08-02,Accessibility using WCAG principles,Does Accessibility using WCAG principles meet the launch standard for API mutation coverage?,"Evidence-backed production readiness for API mutation coverage, preserving current visual design unless necessary.",Labels/aria appear in places; accessibility scan not run.,62,P2,low,E045;E054,browser rendering/Core Web Vitals; live buyer/seller/admin flows,Keep API mutation coverage under regression coverage and improve where noted.,XS,medium,May reduce polish or scalability if left unmonitored.,minor,no
CP-08-03,Accessibility using WCAG principles,Does Accessibility using WCAG principles meet the launch standard for RBAC enforcement?,"Evidence-backed production readiness for RBAC enforcement, preserving current visual design unless necessary.",Labels/aria appear in places; accessibility scan not run.,62,P2,low,E045;E054,browser rendering/Core Web Vitals; live buyer/seller/admin flows,Keep RBAC enforcement under regression coverage and improve where noted.,XS,medium,May reduce polish or scalability if left unmonitored.,minor,no
CP-08-04,Accessibility using WCAG principles,Does Accessibility using WCAG principles meet the launch standard for authenticated data access?,"Evidence-backed production readiness for authenticated data access, preserving current visual design unless necessary.",Labels/aria appear in places; accessibility scan not run.,62,P2,low,E045;E054,browser rendering/Core Web Vitals; live buyer/seller/admin flows,Keep authenticated data access under regression coverage and improve where noted.,XS,medium,May reduce polish or scalability if left unmonitored.,minor,no
CP-08-05,Accessibility using WCAG principles,Does Accessibility using WCAG principles meet the launch standard for schema support?,"Evidence-backed production readiness for schema support, preserving current visual design unless necessary.",Labels/aria appear in places; accessibility scan not run.,62,P2,low,E045;E054,browser rendering/Core Web Vitals; live buyer/seller/admin flows,Keep schema support under regression coverage and improve where noted.,XS,medium,May reduce polish or scalability if left unmonitored.,minor,no
CP-08-06,Accessibility using WCAG principles,Does Accessibility using WCAG principles meet the launch standard for validation path?,"Evidence-backed production readiness for validation path, preserving current visual design unless necessary.",Labels/aria appear in places; accessibility scan not run.,62,P2,low,E045;E054,browser rendering/Core Web Vitals; live buyer/seller/admin flows,Keep validation path under regression coverage and improve where noted.,XS,medium,May reduce polish or scalability if left unmonitored.,minor,no
CP-08-07,Accessibility using WCAG principles,Does Accessibility using WCAG principles meet the launch standard for error handling?,"Evidence-backed production readiness for error handling, preserving current visual design unless necessary.",Labels/aria appear in places; accessibility scan not run.,62,P2,low,E045;E054,browser rendering/Core Web Vitals; live buyer/seller/admin flows,Keep error handling under regression coverage and improve where noted.,XS,medium,May reduce polish or scalability if left unmonitored.,minor,no
CP-08-08,Accessibility using WCAG principles,Does Accessibility using WCAG principles meet the launch standard for audit logging?,"Evidence-backed production readiness for audit logging, preserving current visual design unless necessary.",Labels/aria appear in places; accessibility scan not run.,62,P2,low,E045;E054,browser rendering/Core Web Vitals; live buyer/seller/admin flows,Keep audit logging under regression coverage and improve where noted.,XS,medium,May reduce polish or scalability if left unmonitored.,minor,no
CP-08-09,Accessibility using WCAG principles,Does Accessibility using WCAG principles meet the launch standard for environment dependency?,"Evidence-backed production readiness for environment dependency, preserving current visual design unless necessary.",Labels/aria appear in places; accessibility scan not run.,62,P2,low,E045;E054,browser rendering/Core Web Vitals; live buyer/seller/admin flows,Keep environment dependency under regression coverage and improve where noted.,XS,medium,May reduce polish or scalability if left unmonitored.,minor,no
CP-08-10,Accessibility using WCAG principles,Does Accessibility using WCAG principles meet the launch standard for command verification?,"Evidence-backed production readiness for command verification, preserving current visual design unless necessary.",Labels/aria appear in places; accessibility scan not run.,62,P2,low,E045;E054,browser rendering/Core Web Vitals; live buyer/seller/admin flows,Keep command verification under regression coverage and improve where noted.,XS,medium,May reduce polish or scalability if left unmonitored.,minor,no
CP-08-11,Accessibility using WCAG principles,Does Accessibility using WCAG principles meet the launch standard for test coverage?,"Evidence-backed production readiness for test coverage, preserving current visual design unless necessary.",Labels/aria appear in places; accessibility scan not run.,62,P2,low,E045;E054,browser rendering/Core Web Vitals; live buyer/seller/admin flows,Keep test coverage under regression coverage and improve where noted.,XS,medium,May reduce polish or scalability if left unmonitored.,minor,no
CP-08-12,Accessibility using WCAG principles,Does Accessibility using WCAG principles meet the launch standard for data fetching strategy?,"Evidence-backed production readiness for data fetching strategy, preserving current visual design unless necessary.",In-memory route limiter exists but is not distributed.,58,P1,low,E008,src/backend/security/rate-limit.ts,Fix data fetching strategy before launch or before enabling related feature.,S,medium,Launch risk remains around data fetching strategy.,minor,no
CP-08-13,Accessibility using WCAG principles,Does Accessibility using WCAG principles meet the launch standard for image/media handling?,"Evidence-backed production readiness for image/media handling, preserving current visual design unless necessary.",Labels/aria appear in places; accessibility scan not run.,62,P2,low,E045;E054,browser rendering/Core Web Vitals; live buyer/seller/admin flows,Keep image/media handling under regression coverage and improve where noted.,XS,medium,May reduce polish or scalability if left unmonitored.,minor,no
CP-08-14,Accessibility using WCAG principles,Does Accessibility using WCAG principles meet the launch standard for metadata and canonical handling?,"Evidence-backed production readiness for metadata and canonical handling, preserving current visual design unless necessary.",Labels/aria appear in places; accessibility scan not run.,62,P2,low,E011;E017;E018,src/backend/seo/metadata.ts; src/app/(store)/category/[slug]/page.tsx; src/app/(store)/search/page.tsx,Keep metadata and canonical handling under regression coverage and improve where noted.,XS,medium,May reduce polish or scalability if left unmonitored.,minor,no
CP-08-15,Accessibility using WCAG principles,Does Accessibility using WCAG principles meet the launch standard for structured data handling?,"Evidence-backed production readiness for structured data handling, preserving current visual design unless necessary.",Labels/aria appear in places; accessibility scan not run.,62,P2,low,E014;E016;E017,src/backend/seo/structured-data.ts; src/app/(store)/products/[slug]/page.tsx; src/app/(store)/category/[slug]/page.tsx,Keep structured data handling under regression coverage and improve where noted.,XS,medium,May reduce polish or scalability if left unmonitored.,minor,no
CP-08-16,Accessibility using WCAG principles,Does Accessibility using WCAG principles meet the launch standard for sitemap and robots handling?,"Evidence-backed production readiness for sitemap and robots handling, preserving current visual design unless necessary.",Labels/aria appear in places; accessibility scan not run.,62,P2,low,E045;E054,browser rendering/Core Web Vitals; live buyer/seller/admin flows,Keep sitemap and robots handling under regression coverage and improve where noted.,XS,medium,May reduce polish or scalability if left unmonitored.,minor,no
CP-08-17,Accessibility using WCAG principles,Does Accessibility using WCAG principles meet the launch standard for pagination and facets?,"Evidence-backed production readiness for pagination and facets, preserving current visual design unless necessary.",Labels/aria appear in places; accessibility scan not run.,62,P2,low,E045;E054,browser rendering/Core Web Vitals; live buyer/seller/admin flows,Keep pagination and facets under regression coverage and improve where noted.,XS,medium,May reduce polish or scalability if left unmonitored.,minor,no
CP-08-18,Accessibility using WCAG principles,Does Accessibility using WCAG principles meet the launch standard for seller ownership?,"Evidence-backed production readiness for seller ownership, preserving current visual design unless necessary.","Seller schema exists, but no seller route area was found and product writes are first-party/admin-managed.",45,P1,low,E031;E026;E003,src/app route scan and README.md; src/backend/admin/product-editor.ts; prisma/schema.prisma,Fix seller ownership before launch or before enabling related feature.,S,medium,Launch risk remains around seller ownership.,minor,no
CP-08-19,Accessibility using WCAG principles,Does Accessibility using WCAG principles meet the launch standard for admin versus super-admin split?,"Evidence-backed production readiness for admin versus super-admin split, preserving current visual design unless necessary.",Labels/aria appear in places; accessibility scan not run.,62,P2,low,E045;E054,browser rendering/Core Web Vitals; live buyer/seller/admin flows,Keep admin versus super-admin split under regression coverage and improve where noted.,XS,medium,May reduce polish or scalability if left unmonitored.,minor,no
CP-08-20,Accessibility using WCAG principles,Does Accessibility using WCAG principles meet the launch standard for order payment shipment status?,"Evidence-backed production readiness for order payment shipment status, preserving current visual design unless necessary.",Labels/aria appear in places; accessibility scan not run.,62,P2,low,E045;E054,browser rendering/Core Web Vitals; live buyer/seller/admin flows,Keep order payment shipment status under regression coverage and improve where noted.,XS,medium,May reduce polish or scalability if left unmonitored.,minor,no
CP-08-21,Accessibility using WCAG principles,Does Accessibility using WCAG principles meet the launch standard for rate limiting?,"Evidence-backed production readiness for rate limiting, preserving current visual design unless necessary.",In-memory route limiter exists but is not distributed.,58,P1,low,E008,src/backend/security/rate-limit.ts,Fix rate limiting before launch or before enabling related feature.,S,medium,Launch risk remains around rate limiting.,minor,no
CP-08-22,Accessibility using WCAG principles,Does Accessibility using WCAG principles meet the launch standard for CSRF and origin control?,"Evidence-backed production readiness for CSRF and origin control, preserving current visual design unless necessary.",No explicit CSRF token or Origin/Referer check found in sampled custom mutation APIs.,55,P1,low,E060,custom mutation CSRF/origin scan,Fix CSRF and origin control before launch or before enabling related feature.,S,medium,Launch risk remains around CSRF and origin control.,minor,no
CP-08-23,Accessibility using WCAG principles,Does Accessibility using WCAG principles meet the launch standard for secret exposure?,"Evidence-backed production readiness for secret exposure, preserving current visual design unless necessary.",Labels/aria appear in places; accessibility scan not run.,62,P2,low,E045;E054,browser rendering/Core Web Vitals; live buyer/seller/admin flows,Keep secret exposure under regression coverage and improve where noted.,XS,medium,May reduce polish or scalability if left unmonitored.,minor,no
CP-08-24,Accessibility using WCAG principles,Does Accessibility using WCAG principles meet the launch standard for console and logging hygiene?,"Evidence-backed production readiness for console and logging hygiene, preserving current visual design unless necessary.",Labels/aria appear in places; accessibility scan not run.,62,P2,low,E045;E054,browser rendering/Core Web Vitals; live buyer/seller/admin flows,Keep console and logging hygiene under regression coverage and improve where noted.,XS,medium,May reduce polish or scalability if left unmonitored.,minor,no
CP-08-25,Accessibility using WCAG principles,Does Accessibility using WCAG principles meet the launch standard for type safety?,"Evidence-backed production readiness for type safety, preserving current visual design unless necessary.",Labels/aria appear in places; accessibility scan not run.,62,P2,low,E045;E054,browser rendering/Core Web Vitals; live buyer/seller/admin flows,Keep type safety under regression coverage and improve where noted.,XS,medium,May reduce polish or scalability if left unmonitored.,minor,no
CP-08-26,Accessibility using WCAG principles,Does Accessibility using WCAG principles meet the launch standard for duplicate or dead code risk?,"Evidence-backed production readiness for duplicate or dead code risk, preserving current visual design unless necessary.",Labels/aria appear in places; accessibility scan not run.,62,P2,low,E045;E054,browser rendering/Core Web Vitals; live buyer/seller/admin flows,Keep duplicate or dead code risk under regression coverage and improve where noted.,XS,medium,May reduce polish or scalability if left unmonitored.,minor,no
CP-08-27,Accessibility using WCAG principles,Does Accessibility using WCAG principles meet the launch standard for README and implementation alignment?,"Evidence-backed production readiness for README and implementation alignment, preserving current visual design unless necessary.",Labels/aria appear in places; accessibility scan not run.,62,P2,low,E045;E054,browser rendering/Core Web Vitals; live buyer/seller/admin flows,Keep README and implementation alignment under regression coverage and improve where noted.,XS,medium,May reduce polish or scalability if left unmonitored.,minor,no
CP-08-28,Accessibility using WCAG principles,Does Accessibility using WCAG principles meet the launch standard for accessibility controls?,"Evidence-backed production readiness for accessibility controls, preserving current visual design unless necessary.",Labels/aria appear in places; accessibility scan not run.,62,P2,low,E045;E054,browser rendering/Core Web Vitals; live buyer/seller/admin flows,Keep accessibility controls under regression coverage and improve where noted.,XS,medium,May reduce polish or scalability if left unmonitored.,minor,no
CP-08-29,Accessibility using WCAG principles,Does Accessibility using WCAG principles meet the launch standard for mobile layout behavior?,"Evidence-backed production readiness for mobile layout behavior, preserving current visual design unless necessary.",Labels/aria appear in places; accessibility scan not run.,62,P2,low,E045;E054,browser rendering/Core Web Vitals; live buyer/seller/admin flows,Keep mobile layout behavior under regression coverage and improve where noted.,XS,medium,May reduce polish or scalability if left unmonitored.,minor,no
CP-08-30,Accessibility using WCAG principles,Does Accessibility using WCAG principles meet the launch standard for Bangladesh localization?,"Evidence-backed production readiness for Bangladesh localization, preserving current visual design unless necessary.",Labels/aria appear in places; accessibility scan not run.,62,P2,low,E045;E054,browser rendering/Core Web Vitals; live buyer/seller/admin flows,Keep Bangladesh localization under regression coverage and improve where noted.,XS,medium,May reduce polish or scalability if left unmonitored.,minor,no
CP-08-31,Accessibility using WCAG principles,Does Accessibility using WCAG principles meet the launch standard for Bangla and English readiness?,"Evidence-backed production readiness for Bangla and English readiness, preserving current visual design unless necessary.",Labels/aria appear in places; accessibility scan not run.,62,P2,low,E045;E054,browser rendering/Core Web Vitals; live buyer/seller/admin flows,Keep Bangla and English readiness under regression coverage and improve where noted.,XS,medium,May reduce polish or scalability if left unmonitored.,minor,no
CP-08-32,Accessibility using WCAG principles,Does Accessibility using WCAG principles meet the launch standard for Merchant Center readiness?,"Evidence-backed production readiness for Merchant Center readiness, preserving current visual design unless necessary.",Labels/aria appear in places; accessibility scan not run.,62,P2,low,E045;E054,browser rendering/Core Web Vitals; live buyer/seller/admin flows,Keep Merchant Center readiness under regression coverage and improve where noted.,XS,medium,May reduce polish or scalability if left unmonitored.,minor,no
CP-08-33,Accessibility using WCAG principles,Does Accessibility using WCAG principles meet the launch standard for webhook readiness?,"Evidence-backed production readiness for webhook readiness, preserving current visual design unless necessary.","Payment env variables exist, but no webhook route was found.",45,P1,low,E043;E050,webhook route scan; src/app/api/admin/orders/[id]/payment-status/route.ts,Fix webhook readiness before launch or before enabling related feature.,S,medium,Launch risk remains around webhook readiness.,minor,no
CP-08-34,Accessibility using WCAG principles,Does Accessibility using WCAG principles meet the launch standard for shipment tracking readiness?,"Evidence-backed production readiness for shipment tracking readiness, preserving current visual design unless necessary.",Labels/aria appear in places; accessibility scan not run.,62,P2,low,E045;E054,browser rendering/Core Web Vitals; live buyer/seller/admin flows,Keep shipment tracking readiness under regression coverage and improve where noted.,XS,medium,May reduce polish or scalability if left unmonitored.,minor,no
CP-08-35,Accessibility using WCAG principles,Does Accessibility using WCAG principles meet the launch standard for fraud and moderation readiness?,"Evidence-backed production readiness for fraud and moderation readiness, preserving current visual design unless necessary.",Labels/aria appear in places; accessibility scan not run.,62,P2,low,E045;E054,browser rendering/Core Web Vitals; live buyer/seller/admin flows,Keep fraud and moderation readiness under regression coverage and improve where noted.,XS,medium,May reduce polish or scalability if left unmonitored.,minor,no
CP-08-36,Accessibility using WCAG principles,Does Accessibility using WCAG principles meet the launch standard for cache and revalidation?,"Evidence-backed production readiness for cache and revalidation, preserving current visual design unless necessary.",Labels/aria appear in places; accessibility scan not run.,62,P2,low,E045;E054,browser rendering/Core Web Vitals; live buyer/seller/admin flows,Keep cache and revalidation under regression coverage and improve where noted.,XS,medium,May reduce polish or scalability if left unmonitored.,minor,no
CP-08-37,Accessibility using WCAG principles,Does Accessibility using WCAG principles meet the launch standard for N+1 or bulk-fetch risk?,"Evidence-backed production readiness for N+1 or bulk-fetch risk, preserving current visual design unless necessary.",Labels/aria appear in places; accessibility scan not run.,62,P2,low,E045;E054,browser rendering/Core Web Vitals; live buyer/seller/admin flows,Keep N+1 or bulk-fetch risk under regression coverage and improve where noted.,XS,medium,May reduce polish or scalability if left unmonitored.,minor,no
CP-08-38,Accessibility using WCAG principles,Does Accessibility using WCAG principles meet the launch standard for payment status integrity?,"Evidence-backed production readiness for payment status integrity, preserving current visual design unless necessary.",Labels/aria appear in places; accessibility scan not run.,62,P2,low,E045;E054,browser rendering/Core Web Vitals; live buyer/seller/admin flows,Keep payment status integrity under regression coverage and improve where noted.,XS,medium,May reduce polish or scalability if left unmonitored.,minor,no
CP-08-39,Accessibility using WCAG principles,Does Accessibility using WCAG principles meet the launch standard for guest and buyer flow?,"Evidence-backed production readiness for guest and buyer flow, preserving current visual design unless necessary.",Labels/aria appear in places; accessibility scan not run.,62,P2,low,E045;E054,browser rendering/Core Web Vitals; live buyer/seller/admin flows,Keep guest and buyer flow under regression coverage and improve where noted.,XS,medium,May reduce polish or scalability if left unmonitored.,minor,no
CP-08-40,Accessibility using WCAG principles,Does Accessibility using WCAG principles meet the launch standard for account privacy?,"Evidence-backed production readiness for account privacy, preserving current visual design unless necessary.","Account order detail is owner-scoped, but public confirmation exposes PII by orderNumber.",35,P0,low,E022;E023;E010,src/app/(store)/order/[orderNumber]/confirmation/page.tsx; src/app/(store)/account/orders/[id]/page.tsx; .gitignore / git ls-files .env,Fix account privacy before launch or before enabling related feature.,M,critical,Launch risk remains around account privacy.,minor,yes
CP-08-41,Accessibility using WCAG principles,Does Accessibility using WCAG principles meet the launch standard for product SEO fields?,"Evidence-backed production readiness for product SEO fields, preserving current visual design unless necessary.",Labels/aria appear in places; accessibility scan not run.,62,P2,low,E045;E054,browser rendering/Core Web Vitals; live buyer/seller/admin flows,Keep product SEO fields under regression coverage and improve where noted.,XS,medium,May reduce polish or scalability if left unmonitored.,minor,no
CP-08-42,Accessibility using WCAG principles,Does Accessibility using WCAG principles meet the launch standard for category taxonomy?,"Evidence-backed production readiness for category taxonomy, preserving current visual design unless necessary.",Labels/aria appear in places; accessibility scan not run.,62,P2,low,E045;E054,browser rendering/Core Web Vitals; live buyer/seller/admin flows,Keep category taxonomy under regression coverage and improve where noted.,XS,medium,May reduce polish or scalability if left unmonitored.,minor,no
CP-08-43,Accessibility using WCAG principles,Does Accessibility using WCAG principles meet the launch standard for internal linking?,"Evidence-backed production readiness for internal linking, preserving current visual design unless necessary.",Labels/aria appear in places; accessibility scan not run.,62,P2,low,E045;E054,browser rendering/Core Web Vitals; live buyer/seller/admin flows,Keep internal linking under regression coverage and improve where noted.,XS,medium,May reduce polish or scalability if left unmonitored.,minor,no
CP-08-44,Accessibility using WCAG principles,Does Accessibility using WCAG principles meet the launch standard for reviews and ratings?,"Evidence-backed production readiness for reviews and ratings, preserving current visual design unless necessary.",Labels/aria appear in places; accessibility scan not run.,62,P2,low,E045;E054,browser rendering/Core Web Vitals; live buyer/seller/admin flows,Keep reviews and ratings under regression coverage and improve where noted.,XS,medium,May reduce polish or scalability if left unmonitored.,minor,no
CP-08-45,Accessibility using WCAG principles,Does Accessibility using WCAG principles meet the launch standard for returns and refunds?,"Evidence-backed production readiness for returns and refunds, preserving current visual design unless necessary.",Labels/aria appear in places; accessibility scan not run.,62,P2,low,E045;E054,browser rendering/Core Web Vitals; live buyer/seller/admin flows,Keep returns and refunds under regression coverage and improve where noted.,XS,medium,May reduce polish or scalability if left unmonitored.,minor,no
CP-08-46,Accessibility using WCAG principles,Does Accessibility using WCAG principles meet the launch standard for deployment headers?,"Evidence-backed production readiness for deployment headers, preserving current visual design unless necessary.",Labels/aria appear in places; accessibility scan not run.,62,P2,low,E045;E054,browser rendering/Core Web Vitals; live buyer/seller/admin flows,Keep deployment headers under regression coverage and improve where noted.,XS,medium,May reduce polish or scalability if left unmonitored.,minor,no
CP-08-47,Accessibility using WCAG principles,Does Accessibility using WCAG principles meet the launch standard for dependency deprecation?,"Evidence-backed production readiness for dependency deprecation, preserving current visual design unless necessary.",Labels/aria appear in places; accessibility scan not run.,62,P2,low,E045;E054,browser rendering/Core Web Vitals; live buyer/seller/admin flows,Keep dependency deprecation under regression coverage and improve where noted.,XS,medium,May reduce polish or scalability if left unmonitored.,minor,no
CP-08-48,Accessibility using WCAG principles,Does Accessibility using WCAG principles meet the launch standard for observability?,"Evidence-backed production readiness for observability, preserving current visual design unless necessary.",Labels/aria appear in places; accessibility scan not run.,62,P2,low,E045;E054,browser rendering/Core Web Vitals; live buyer/seller/admin flows,Keep observability under regression coverage and improve where noted.,XS,medium,May reduce polish or scalability if left unmonitored.,minor,no
CP-08-49,Accessibility using WCAG principles,Does Accessibility using WCAG principles meet the launch standard for visual preservation?,"Evidence-backed production readiness for visual preservation, preserving current visual design unless necessary.",Labels/aria appear in places; accessibility scan not run.,62,P2,low,E045;E054,browser rendering/Core Web Vitals; live buyer/seller/admin flows,Keep visual preservation under regression coverage and improve where noted.,XS,medium,May reduce polish or scalability if left unmonitored.,minor,no
CP-08-50,Accessibility using WCAG principles,Does Accessibility using WCAG principles meet the launch standard for launch risk?,"Evidence-backed production readiness for launch risk, preserving current visual design unless necessary.",Labels/aria appear in places; accessibility scan not run.,62,P2,low,E045;E054,browser rendering/Core Web Vitals; live buyer/seller/admin flows,Keep launch risk under regression coverage and improve where noted.,XS,medium,May reduce polish or scalability if left unmonitored.,minor,no
CP-09-01,"Performance and Core Web Vitals: LCP, INP, CLS, bundle size, hydration, rendering, caching","Does Performance and Core Web Vitals: LCP, INP, CLS, bundle size, hydration, rendering, caching meet the launch standard for route group coverage?","Evidence-backed production readiness for route group coverage, preserving current visual design unless necessary.",ISR/Next Image/Suspense exist; listing sort and unmeasured CWV are risks.,74,P2,medium,E015;E016;E017;E018;E035;E045,src/app/(store)/page.tsx; src/app/(store)/products/[slug]/page.tsx; src/app/(store)/category/[slug]/page.tsx; src/app/(store)/search/page.tsx; npm.cmd run build; browser rendering/Core Web Vitals,Keep route group coverage under regression coverage and improve where noted.,XS,high,May reduce polish or scalability if left unmonitored.,none,no
CP-09-02,"Performance and Core Web Vitals: LCP, INP, CLS, bundle size, hydration, rendering, caching","Does Performance and Core Web Vitals: LCP, INP, CLS, bundle size, hydration, rendering, caching meet the launch standard for API mutation coverage?","Evidence-backed production readiness for API mutation coverage, preserving current visual design unless necessary.",ISR/Next Image/Suspense exist; listing sort and unmeasured CWV are risks.,74,P2,medium,E015;E016;E017;E018;E035;E045,src/app/(store)/page.tsx; src/app/(store)/products/[slug]/page.tsx; src/app/(store)/category/[slug]/page.tsx; src/app/(store)/search/page.tsx; npm.cmd run build; browser rendering/Core Web Vitals,Keep API mutation coverage under regression coverage and improve where noted.,XS,high,May reduce polish or scalability if left unmonitored.,none,no
CP-09-03,"Performance and Core Web Vitals: LCP, INP, CLS, bundle size, hydration, rendering, caching","Does Performance and Core Web Vitals: LCP, INP, CLS, bundle size, hydration, rendering, caching meet the launch standard for RBAC enforcement?","Evidence-backed production readiness for RBAC enforcement, preserving current visual design unless necessary.",ISR/Next Image/Suspense exist; listing sort and unmeasured CWV are risks.,74,P2,medium,E015;E016;E017;E018;E035;E045,src/app/(store)/page.tsx; src/app/(store)/products/[slug]/page.tsx; src/app/(store)/category/[slug]/page.tsx; src/app/(store)/search/page.tsx; npm.cmd run build; browser rendering/Core Web Vitals,Keep RBAC enforcement under regression coverage and improve where noted.,XS,high,May reduce polish or scalability if left unmonitored.,none,no
CP-09-04,"Performance and Core Web Vitals: LCP, INP, CLS, bundle size, hydration, rendering, caching","Does Performance and Core Web Vitals: LCP, INP, CLS, bundle size, hydration, rendering, caching meet the launch standard for authenticated data access?","Evidence-backed production readiness for authenticated data access, preserving current visual design unless necessary.",ISR/Next Image/Suspense exist; listing sort and unmeasured CWV are risks.,74,P2,medium,E015;E016;E017;E018;E035;E045,src/app/(store)/page.tsx; src/app/(store)/products/[slug]/page.tsx; src/app/(store)/category/[slug]/page.tsx; src/app/(store)/search/page.tsx; npm.cmd run build; browser rendering/Core Web Vitals,Keep authenticated data access under regression coverage and improve where noted.,XS,high,May reduce polish or scalability if left unmonitored.,none,no
CP-09-05,"Performance and Core Web Vitals: LCP, INP, CLS, bundle size, hydration, rendering, caching","Does Performance and Core Web Vitals: LCP, INP, CLS, bundle size, hydration, rendering, caching meet the launch standard for schema support?","Evidence-backed production readiness for schema support, preserving current visual design unless necessary.",ISR/Next Image/Suspense exist; listing sort and unmeasured CWV are risks.,74,P2,medium,E015;E016;E017;E018;E035;E045,src/app/(store)/page.tsx; src/app/(store)/products/[slug]/page.tsx; src/app/(store)/category/[slug]/page.tsx; src/app/(store)/search/page.tsx; npm.cmd run build; browser rendering/Core Web Vitals,Keep schema support under regression coverage and improve where noted.,XS,high,May reduce polish or scalability if left unmonitored.,none,no
CP-09-06,"Performance and Core Web Vitals: LCP, INP, CLS, bundle size, hydration, rendering, caching","Does Performance and Core Web Vitals: LCP, INP, CLS, bundle size, hydration, rendering, caching meet the launch standard for validation path?","Evidence-backed production readiness for validation path, preserving current visual design unless necessary.",ISR/Next Image/Suspense exist; listing sort and unmeasured CWV are risks.,74,P2,medium,E015;E016;E017;E018;E035;E045,src/app/(store)/page.tsx; src/app/(store)/products/[slug]/page.tsx; src/app/(store)/category/[slug]/page.tsx; src/app/(store)/search/page.tsx; npm.cmd run build; browser rendering/Core Web Vitals,Keep validation path under regression coverage and improve where noted.,XS,high,May reduce polish or scalability if left unmonitored.,none,no
CP-09-07,"Performance and Core Web Vitals: LCP, INP, CLS, bundle size, hydration, rendering, caching","Does Performance and Core Web Vitals: LCP, INP, CLS, bundle size, hydration, rendering, caching meet the launch standard for error handling?","Evidence-backed production readiness for error handling, preserving current visual design unless necessary.",ISR/Next Image/Suspense exist; listing sort and unmeasured CWV are risks.,74,P2,medium,E015;E016;E017;E018;E035;E045,src/app/(store)/page.tsx; src/app/(store)/products/[slug]/page.tsx; src/app/(store)/category/[slug]/page.tsx; src/app/(store)/search/page.tsx; npm.cmd run build; browser rendering/Core Web Vitals,Keep error handling under regression coverage and improve where noted.,XS,high,May reduce polish or scalability if left unmonitored.,none,no
CP-09-08,"Performance and Core Web Vitals: LCP, INP, CLS, bundle size, hydration, rendering, caching","Does Performance and Core Web Vitals: LCP, INP, CLS, bundle size, hydration, rendering, caching meet the launch standard for audit logging?","Evidence-backed production readiness for audit logging, preserving current visual design unless necessary.",ISR/Next Image/Suspense exist; listing sort and unmeasured CWV are risks.,74,P2,medium,E015;E016;E017;E018;E035;E045,src/app/(store)/page.tsx; src/app/(store)/products/[slug]/page.tsx; src/app/(store)/category/[slug]/page.tsx; src/app/(store)/search/page.tsx; npm.cmd run build; browser rendering/Core Web Vitals,Keep audit logging under regression coverage and improve where noted.,XS,high,May reduce polish or scalability if left unmonitored.,none,no
CP-09-09,"Performance and Core Web Vitals: LCP, INP, CLS, bundle size, hydration, rendering, caching","Does Performance and Core Web Vitals: LCP, INP, CLS, bundle size, hydration, rendering, caching meet the launch standard for environment dependency?","Evidence-backed production readiness for environment dependency, preserving current visual design unless necessary.",ISR/Next Image/Suspense exist; listing sort and unmeasured CWV are risks.,74,P2,medium,E015;E016;E017;E018;E035;E045,src/app/(store)/page.tsx; src/app/(store)/products/[slug]/page.tsx; src/app/(store)/category/[slug]/page.tsx; src/app/(store)/search/page.tsx; npm.cmd run build; browser rendering/Core Web Vitals,Keep environment dependency under regression coverage and improve where noted.,XS,high,May reduce polish or scalability if left unmonitored.,none,no
CP-09-10,"Performance and Core Web Vitals: LCP, INP, CLS, bundle size, hydration, rendering, caching","Does Performance and Core Web Vitals: LCP, INP, CLS, bundle size, hydration, rendering, caching meet the launch standard for command verification?","Evidence-backed production readiness for command verification, preserving current visual design unless necessary.",ISR/Next Image/Suspense exist; listing sort and unmeasured CWV are risks.,74,P2,medium,E015;E016;E017;E018;E035;E045,src/app/(store)/page.tsx; src/app/(store)/products/[slug]/page.tsx; src/app/(store)/category/[slug]/page.tsx; src/app/(store)/search/page.tsx; npm.cmd run build; browser rendering/Core Web Vitals,Keep command verification under regression coverage and improve where noted.,XS,high,May reduce polish or scalability if left unmonitored.,none,no
CP-09-11,"Performance and Core Web Vitals: LCP, INP, CLS, bundle size, hydration, rendering, caching","Does Performance and Core Web Vitals: LCP, INP, CLS, bundle size, hydration, rendering, caching meet the launch standard for test coverage?","Evidence-backed production readiness for test coverage, preserving current visual design unless necessary.",ISR/Next Image/Suspense exist; listing sort and unmeasured CWV are risks.,74,P2,medium,E015;E016;E017;E018;E035;E045,src/app/(store)/page.tsx; src/app/(store)/products/[slug]/page.tsx; src/app/(store)/category/[slug]/page.tsx; src/app/(store)/search/page.tsx; npm.cmd run build; browser rendering/Core Web Vitals,Keep test coverage under regression coverage and improve where noted.,XS,high,May reduce polish or scalability if left unmonitored.,none,no
CP-09-12,"Performance and Core Web Vitals: LCP, INP, CLS, bundle size, hydration, rendering, caching","Does Performance and Core Web Vitals: LCP, INP, CLS, bundle size, hydration, rendering, caching meet the launch standard for data fetching strategy?","Evidence-backed production readiness for data fetching strategy, preserving current visual design unless necessary.",In-memory route limiter exists but is not distributed.,58,P1,medium,E008,src/backend/security/rate-limit.ts,Fix data fetching strategy before launch or before enabling related feature.,S,high,Launch risk remains around data fetching strategy.,none,no
CP-09-13,"Performance and Core Web Vitals: LCP, INP, CLS, bundle size, hydration, rendering, caching","Does Performance and Core Web Vitals: LCP, INP, CLS, bundle size, hydration, rendering, caching meet the launch standard for image/media handling?","Evidence-backed production readiness for image/media handling, preserving current visual design unless necessary.",ISR/Next Image/Suspense exist; listing sort and unmeasured CWV are risks.,74,P2,medium,E015;E016;E017;E018;E035;E045,src/app/(store)/page.tsx; src/app/(store)/products/[slug]/page.tsx; src/app/(store)/category/[slug]/page.tsx; src/app/(store)/search/page.tsx; npm.cmd run build; browser rendering/Core Web Vitals,Keep image/media handling under regression coverage and improve where noted.,XS,high,May reduce polish or scalability if left unmonitored.,none,no
CP-09-14,"Performance and Core Web Vitals: LCP, INP, CLS, bundle size, hydration, rendering, caching","Does Performance and Core Web Vitals: LCP, INP, CLS, bundle size, hydration, rendering, caching meet the launch standard for metadata and canonical handling?","Evidence-backed production readiness for metadata and canonical handling, preserving current visual design unless necessary.",ISR/Next Image/Suspense exist; listing sort and unmeasured CWV are risks.,74,P2,medium,E011;E017;E018,src/backend/seo/metadata.ts; src/app/(store)/category/[slug]/page.tsx; src/app/(store)/search/page.tsx,Keep metadata and canonical handling under regression coverage and improve where noted.,XS,high,May reduce polish or scalability if left unmonitored.,none,no
CP-09-15,"Performance and Core Web Vitals: LCP, INP, CLS, bundle size, hydration, rendering, caching","Does Performance and Core Web Vitals: LCP, INP, CLS, bundle size, hydration, rendering, caching meet the launch standard for structured data handling?","Evidence-backed production readiness for structured data handling, preserving current visual design unless necessary.",ISR/Next Image/Suspense exist; listing sort and unmeasured CWV are risks.,74,P2,medium,E014;E016;E017,src/backend/seo/structured-data.ts; src/app/(store)/products/[slug]/page.tsx; src/app/(store)/category/[slug]/page.tsx,Keep structured data handling under regression coverage and improve where noted.,XS,high,May reduce polish or scalability if left unmonitored.,none,no
CP-09-16,"Performance and Core Web Vitals: LCP, INP, CLS, bundle size, hydration, rendering, caching","Does Performance and Core Web Vitals: LCP, INP, CLS, bundle size, hydration, rendering, caching meet the launch standard for sitemap and robots handling?","Evidence-backed production readiness for sitemap and robots handling, preserving current visual design unless necessary.",ISR/Next Image/Suspense exist; listing sort and unmeasured CWV are risks.,74,P2,medium,E015;E016;E017;E018;E035;E045,src/app/(store)/page.tsx; src/app/(store)/products/[slug]/page.tsx; src/app/(store)/category/[slug]/page.tsx; src/app/(store)/search/page.tsx; npm.cmd run build; browser rendering/Core Web Vitals,Keep sitemap and robots handling under regression coverage and improve where noted.,XS,high,May reduce polish or scalability if left unmonitored.,none,no
CP-09-17,"Performance and Core Web Vitals: LCP, INP, CLS, bundle size, hydration, rendering, caching","Does Performance and Core Web Vitals: LCP, INP, CLS, bundle size, hydration, rendering, caching meet the launch standard for pagination and facets?","Evidence-backed production readiness for pagination and facets, preserving current visual design unless necessary.",ISR/Next Image/Suspense exist; listing sort and unmeasured CWV are risks.,74,P2,medium,E015;E016;E017;E018;E035;E045,src/app/(store)/page.tsx; src/app/(store)/products/[slug]/page.tsx; src/app/(store)/category/[slug]/page.tsx; src/app/(store)/search/page.tsx; npm.cmd run build; browser rendering/Core Web Vitals,Keep pagination and facets under regression coverage and improve where noted.,XS,high,May reduce polish or scalability if left unmonitored.,none,no
CP-09-18,"Performance and Core Web Vitals: LCP, INP, CLS, bundle size, hydration, rendering, caching","Does Performance and Core Web Vitals: LCP, INP, CLS, bundle size, hydration, rendering, caching meet the launch standard for seller ownership?","Evidence-backed production readiness for seller ownership, preserving current visual design unless necessary.","Seller schema exists, but no seller route area was found and product writes are first-party/admin-managed.",45,P1,medium,E031;E026;E003,src/app route scan and README.md; src/backend/admin/product-editor.ts; prisma/schema.prisma,Fix seller ownership before launch or before enabling related feature.,S,high,Launch risk remains around seller ownership.,minor,no
CP-09-19,"Performance and Core Web Vitals: LCP, INP, CLS, bundle size, hydration, rendering, caching","Does Performance and Core Web Vitals: LCP, INP, CLS, bundle size, hydration, rendering, caching meet the launch standard for admin versus super-admin split?","Evidence-backed production readiness for admin versus super-admin split, preserving current visual design unless necessary.",ISR/Next Image/Suspense exist; listing sort and unmeasured CWV are risks.,74,P2,medium,E015;E016;E017;E018;E035;E045,src/app/(store)/page.tsx; src/app/(store)/products/[slug]/page.tsx; src/app/(store)/category/[slug]/page.tsx; src/app/(store)/search/page.tsx; npm.cmd run build; browser rendering/Core Web Vitals,Keep admin versus super-admin split under regression coverage and improve where noted.,XS,high,May reduce polish or scalability if left unmonitored.,none,no
CP-09-20,"Performance and Core Web Vitals: LCP, INP, CLS, bundle size, hydration, rendering, caching","Does Performance and Core Web Vitals: LCP, INP, CLS, bundle size, hydration, rendering, caching meet the launch standard for order payment shipment status?","Evidence-backed production readiness for order payment shipment status, preserving current visual design unless necessary.",ISR/Next Image/Suspense exist; listing sort and unmeasured CWV are risks.,74,P2,medium,E015;E016;E017;E018;E035;E045,src/app/(store)/page.tsx; src/app/(store)/products/[slug]/page.tsx; src/app/(store)/category/[slug]/page.tsx; src/app/(store)/search/page.tsx; npm.cmd run build; browser rendering/Core Web Vitals,Keep order payment shipment status under regression coverage and improve where noted.,XS,high,May reduce polish or scalability if left unmonitored.,none,no
CP-09-21,"Performance and Core Web Vitals: LCP, INP, CLS, bundle size, hydration, rendering, caching","Does Performance and Core Web Vitals: LCP, INP, CLS, bundle size, hydration, rendering, caching meet the launch standard for rate limiting?","Evidence-backed production readiness for rate limiting, preserving current visual design unless necessary.",In-memory route limiter exists but is not distributed.,58,P1,medium,E008,src/backend/security/rate-limit.ts,Fix rate limiting before launch or before enabling related feature.,S,high,Launch risk remains around rate limiting.,none,no
CP-09-22,"Performance and Core Web Vitals: LCP, INP, CLS, bundle size, hydration, rendering, caching","Does Performance and Core Web Vitals: LCP, INP, CLS, bundle size, hydration, rendering, caching meet the launch standard for CSRF and origin control?","Evidence-backed production readiness for CSRF and origin control, preserving current visual design unless necessary.",No explicit CSRF token or Origin/Referer check found in sampled custom mutation APIs.,55,P1,medium,E060,custom mutation CSRF/origin scan,Fix CSRF and origin control before launch or before enabling related feature.,S,high,Launch risk remains around CSRF and origin control.,none,no
CP-09-23,"Performance and Core Web Vitals: LCP, INP, CLS, bundle size, hydration, rendering, caching","Does Performance and Core Web Vitals: LCP, INP, CLS, bundle size, hydration, rendering, caching meet the launch standard for secret exposure?","Evidence-backed production readiness for secret exposure, preserving current visual design unless necessary.",ISR/Next Image/Suspense exist; listing sort and unmeasured CWV are risks.,74,P2,medium,E015;E016;E017;E018;E035;E045,src/app/(store)/page.tsx; src/app/(store)/products/[slug]/page.tsx; src/app/(store)/category/[slug]/page.tsx; src/app/(store)/search/page.tsx; npm.cmd run build; browser rendering/Core Web Vitals,Keep secret exposure under regression coverage and improve where noted.,XS,high,May reduce polish or scalability if left unmonitored.,none,no
CP-09-24,"Performance and Core Web Vitals: LCP, INP, CLS, bundle size, hydration, rendering, caching","Does Performance and Core Web Vitals: LCP, INP, CLS, bundle size, hydration, rendering, caching meet the launch standard for console and logging hygiene?","Evidence-backed production readiness for console and logging hygiene, preserving current visual design unless necessary.",ISR/Next Image/Suspense exist; listing sort and unmeasured CWV are risks.,74,P2,medium,E015;E016;E017;E018;E035;E045,src/app/(store)/page.tsx; src/app/(store)/products/[slug]/page.tsx; src/app/(store)/category/[slug]/page.tsx; src/app/(store)/search/page.tsx; npm.cmd run build; browser rendering/Core Web Vitals,Keep console and logging hygiene under regression coverage and improve where noted.,XS,high,May reduce polish or scalability if left unmonitored.,none,no
CP-09-25,"Performance and Core Web Vitals: LCP, INP, CLS, bundle size, hydration, rendering, caching","Does Performance and Core Web Vitals: LCP, INP, CLS, bundle size, hydration, rendering, caching meet the launch standard for type safety?","Evidence-backed production readiness for type safety, preserving current visual design unless necessary.",ISR/Next Image/Suspense exist; listing sort and unmeasured CWV are risks.,74,P2,medium,E015;E016;E017;E018;E035;E045,src/app/(store)/page.tsx; src/app/(store)/products/[slug]/page.tsx; src/app/(store)/category/[slug]/page.tsx; src/app/(store)/search/page.tsx; npm.cmd run build; browser rendering/Core Web Vitals,Keep type safety under regression coverage and improve where noted.,XS,high,May reduce polish or scalability if left unmonitored.,none,no
CP-09-26,"Performance and Core Web Vitals: LCP, INP, CLS, bundle size, hydration, rendering, caching","Does Performance and Core Web Vitals: LCP, INP, CLS, bundle size, hydration, rendering, caching meet the launch standard for duplicate or dead code risk?","Evidence-backed production readiness for duplicate or dead code risk, preserving current visual design unless necessary.",ISR/Next Image/Suspense exist; listing sort and unmeasured CWV are risks.,74,P2,medium,E015;E016;E017;E018;E035;E045,src/app/(store)/page.tsx; src/app/(store)/products/[slug]/page.tsx; src/app/(store)/category/[slug]/page.tsx; src/app/(store)/search/page.tsx; npm.cmd run build; browser rendering/Core Web Vitals,Keep duplicate or dead code risk under regression coverage and improve where noted.,XS,high,May reduce polish or scalability if left unmonitored.,none,no
CP-09-27,"Performance and Core Web Vitals: LCP, INP, CLS, bundle size, hydration, rendering, caching","Does Performance and Core Web Vitals: LCP, INP, CLS, bundle size, hydration, rendering, caching meet the launch standard for README and implementation alignment?","Evidence-backed production readiness for README and implementation alignment, preserving current visual design unless necessary.",ISR/Next Image/Suspense exist; listing sort and unmeasured CWV are risks.,74,P2,medium,E015;E016;E017;E018;E035;E045,src/app/(store)/page.tsx; src/app/(store)/products/[slug]/page.tsx; src/app/(store)/category/[slug]/page.tsx; src/app/(store)/search/page.tsx; npm.cmd run build; browser rendering/Core Web Vitals,Keep README and implementation alignment under regression coverage and improve where noted.,XS,high,May reduce polish or scalability if left unmonitored.,none,no
CP-09-28,"Performance and Core Web Vitals: LCP, INP, CLS, bundle size, hydration, rendering, caching","Does Performance and Core Web Vitals: LCP, INP, CLS, bundle size, hydration, rendering, caching meet the launch standard for accessibility controls?","Evidence-backed production readiness for accessibility controls, preserving current visual design unless necessary.",ISR/Next Image/Suspense exist; listing sort and unmeasured CWV are risks.,74,P2,medium,E015;E016;E017;E018;E035;E045,src/app/(store)/page.tsx; src/app/(store)/products/[slug]/page.tsx; src/app/(store)/category/[slug]/page.tsx; src/app/(store)/search/page.tsx; npm.cmd run build; browser rendering/Core Web Vitals,Keep accessibility controls under regression coverage and improve where noted.,XS,high,May reduce polish or scalability if left unmonitored.,none,no
CP-09-29,"Performance and Core Web Vitals: LCP, INP, CLS, bundle size, hydration, rendering, caching","Does Performance and Core Web Vitals: LCP, INP, CLS, bundle size, hydration, rendering, caching meet the launch standard for mobile layout behavior?","Evidence-backed production readiness for mobile layout behavior, preserving current visual design unless necessary.",ISR/Next Image/Suspense exist; listing sort and unmeasured CWV are risks.,74,P2,medium,E015;E016;E017;E018;E035;E045,src/app/(store)/page.tsx; src/app/(store)/products/[slug]/page.tsx; src/app/(store)/category/[slug]/page.tsx; src/app/(store)/search/page.tsx; npm.cmd run build; browser rendering/Core Web Vitals,Keep mobile layout behavior under regression coverage and improve where noted.,XS,high,May reduce polish or scalability if left unmonitored.,none,no
CP-09-30,"Performance and Core Web Vitals: LCP, INP, CLS, bundle size, hydration, rendering, caching","Does Performance and Core Web Vitals: LCP, INP, CLS, bundle size, hydration, rendering, caching meet the launch standard for Bangladesh localization?","Evidence-backed production readiness for Bangladesh localization, preserving current visual design unless necessary.",ISR/Next Image/Suspense exist; listing sort and unmeasured CWV are risks.,74,P2,medium,E015;E016;E017;E018;E035;E045,src/app/(store)/page.tsx; src/app/(store)/products/[slug]/page.tsx; src/app/(store)/category/[slug]/page.tsx; src/app/(store)/search/page.tsx; npm.cmd run build; browser rendering/Core Web Vitals,Keep Bangladesh localization under regression coverage and improve where noted.,XS,high,May reduce polish or scalability if left unmonitored.,none,no
CP-09-31,"Performance and Core Web Vitals: LCP, INP, CLS, bundle size, hydration, rendering, caching","Does Performance and Core Web Vitals: LCP, INP, CLS, bundle size, hydration, rendering, caching meet the launch standard for Bangla and English readiness?","Evidence-backed production readiness for Bangla and English readiness, preserving current visual design unless necessary.",ISR/Next Image/Suspense exist; listing sort and unmeasured CWV are risks.,74,P2,medium,E015;E016;E017;E018;E035;E045,src/app/(store)/page.tsx; src/app/(store)/products/[slug]/page.tsx; src/app/(store)/category/[slug]/page.tsx; src/app/(store)/search/page.tsx; npm.cmd run build; browser rendering/Core Web Vitals,Keep Bangla and English readiness under regression coverage and improve where noted.,XS,high,May reduce polish or scalability if left unmonitored.,none,no
CP-09-32,"Performance and Core Web Vitals: LCP, INP, CLS, bundle size, hydration, rendering, caching","Does Performance and Core Web Vitals: LCP, INP, CLS, bundle size, hydration, rendering, caching meet the launch standard for Merchant Center readiness?","Evidence-backed production readiness for Merchant Center readiness, preserving current visual design unless necessary.",ISR/Next Image/Suspense exist; listing sort and unmeasured CWV are risks.,74,P2,medium,E015;E016;E017;E018;E035;E045,src/app/(store)/page.tsx; src/app/(store)/products/[slug]/page.tsx; src/app/(store)/category/[slug]/page.tsx; src/app/(store)/search/page.tsx; npm.cmd run build; browser rendering/Core Web Vitals,Keep Merchant Center readiness under regression coverage and improve where noted.,XS,high,May reduce polish or scalability if left unmonitored.,none,no
CP-09-33,"Performance and Core Web Vitals: LCP, INP, CLS, bundle size, hydration, rendering, caching","Does Performance and Core Web Vitals: LCP, INP, CLS, bundle size, hydration, rendering, caching meet the launch standard for webhook readiness?","Evidence-backed production readiness for webhook readiness, preserving current visual design unless necessary.","Payment env variables exist, but no webhook route was found.",45,P1,medium,E043;E050,webhook route scan; src/app/api/admin/orders/[id]/payment-status/route.ts,Fix webhook readiness before launch or before enabling related feature.,S,high,Launch risk remains around webhook readiness.,none,no
CP-09-34,"Performance and Core Web Vitals: LCP, INP, CLS, bundle size, hydration, rendering, caching","Does Performance and Core Web Vitals: LCP, INP, CLS, bundle size, hydration, rendering, caching meet the launch standard for shipment tracking readiness?","Evidence-backed production readiness for shipment tracking readiness, preserving current visual design unless necessary.",ISR/Next Image/Suspense exist; listing sort and unmeasured CWV are risks.,74,P2,medium,E015;E016;E017;E018;E035;E045,src/app/(store)/page.tsx; src/app/(store)/products/[slug]/page.tsx; src/app/(store)/category/[slug]/page.tsx; src/app/(store)/search/page.tsx; npm.cmd run build; browser rendering/Core Web Vitals,Keep shipment tracking readiness under regression coverage and improve where noted.,XS,high,May reduce polish or scalability if left unmonitored.,none,no
CP-09-35,"Performance and Core Web Vitals: LCP, INP, CLS, bundle size, hydration, rendering, caching","Does Performance and Core Web Vitals: LCP, INP, CLS, bundle size, hydration, rendering, caching meet the launch standard for fraud and moderation readiness?","Evidence-backed production readiness for fraud and moderation readiness, preserving current visual design unless necessary.",ISR/Next Image/Suspense exist; listing sort and unmeasured CWV are risks.,74,P2,medium,E015;E016;E017;E018;E035;E045,src/app/(store)/page.tsx; src/app/(store)/products/[slug]/page.tsx; src/app/(store)/category/[slug]/page.tsx; src/app/(store)/search/page.tsx; npm.cmd run build; browser rendering/Core Web Vitals,Keep fraud and moderation readiness under regression coverage and improve where noted.,XS,high,May reduce polish or scalability if left unmonitored.,none,no
CP-09-36,"Performance and Core Web Vitals: LCP, INP, CLS, bundle size, hydration, rendering, caching","Does Performance and Core Web Vitals: LCP, INP, CLS, bundle size, hydration, rendering, caching meet the launch standard for cache and revalidation?","Evidence-backed production readiness for cache and revalidation, preserving current visual design unless necessary.",ISR/Next Image/Suspense exist; listing sort and unmeasured CWV are risks.,74,P2,medium,E015;E016;E017;E018;E035;E045,src/app/(store)/page.tsx; src/app/(store)/products/[slug]/page.tsx; src/app/(store)/category/[slug]/page.tsx; src/app/(store)/search/page.tsx; npm.cmd run build; browser rendering/Core Web Vitals,Keep cache and revalidation under regression coverage and improve where noted.,XS,high,May reduce polish or scalability if left unmonitored.,none,no
CP-09-37,"Performance and Core Web Vitals: LCP, INP, CLS, bundle size, hydration, rendering, caching","Does Performance and Core Web Vitals: LCP, INP, CLS, bundle size, hydration, rendering, caching meet the launch standard for N+1 or bulk-fetch risk?","Evidence-backed production readiness for N+1 or bulk-fetch risk, preserving current visual design unless necessary.",ISR/Next Image/Suspense exist; listing sort and unmeasured CWV are risks.,74,P2,medium,E015;E016;E017;E018;E035;E045,src/app/(store)/page.tsx; src/app/(store)/products/[slug]/page.tsx; src/app/(store)/category/[slug]/page.tsx; src/app/(store)/search/page.tsx; npm.cmd run build; browser rendering/Core Web Vitals,Keep N+1 or bulk-fetch risk under regression coverage and improve where noted.,XS,high,May reduce polish or scalability if left unmonitored.,none,no
CP-09-38,"Performance and Core Web Vitals: LCP, INP, CLS, bundle size, hydration, rendering, caching","Does Performance and Core Web Vitals: LCP, INP, CLS, bundle size, hydration, rendering, caching meet the launch standard for payment status integrity?","Evidence-backed production readiness for payment status integrity, preserving current visual design unless necessary.",ISR/Next Image/Suspense exist; listing sort and unmeasured CWV are risks.,74,P2,medium,E015;E016;E017;E018;E035;E045,src/app/(store)/page.tsx; src/app/(store)/products/[slug]/page.tsx; src/app/(store)/category/[slug]/page.tsx; src/app/(store)/search/page.tsx; npm.cmd run build; browser rendering/Core Web Vitals,Keep payment status integrity under regression coverage and improve where noted.,XS,high,May reduce polish or scalability if left unmonitored.,none,no
CP-09-39,"Performance and Core Web Vitals: LCP, INP, CLS, bundle size, hydration, rendering, caching","Does Performance and Core Web Vitals: LCP, INP, CLS, bundle size, hydration, rendering, caching meet the launch standard for guest and buyer flow?","Evidence-backed production readiness for guest and buyer flow, preserving current visual design unless necessary.",ISR/Next Image/Suspense exist; listing sort and unmeasured CWV are risks.,74,P2,medium,E015;E016;E017;E018;E035;E045,src/app/(store)/page.tsx; src/app/(store)/products/[slug]/page.tsx; src/app/(store)/category/[slug]/page.tsx; src/app/(store)/search/page.tsx; npm.cmd run build; browser rendering/Core Web Vitals,Keep guest and buyer flow under regression coverage and improve where noted.,XS,high,May reduce polish or scalability if left unmonitored.,none,no
CP-09-40,"Performance and Core Web Vitals: LCP, INP, CLS, bundle size, hydration, rendering, caching","Does Performance and Core Web Vitals: LCP, INP, CLS, bundle size, hydration, rendering, caching meet the launch standard for account privacy?","Evidence-backed production readiness for account privacy, preserving current visual design unless necessary.","Account order detail is owner-scoped, but public confirmation exposes PII by orderNumber.",35,P0,medium,E022;E023;E010,src/app/(store)/order/[orderNumber]/confirmation/page.tsx; src/app/(store)/account/orders/[id]/page.tsx; .gitignore / git ls-files .env,Fix account privacy before launch or before enabling related feature.,M,critical,Launch risk remains around account privacy.,none,yes
CP-09-41,"Performance and Core Web Vitals: LCP, INP, CLS, bundle size, hydration, rendering, caching","Does Performance and Core Web Vitals: LCP, INP, CLS, bundle size, hydration, rendering, caching meet the launch standard for product SEO fields?","Evidence-backed production readiness for product SEO fields, preserving current visual design unless necessary.",ISR/Next Image/Suspense exist; listing sort and unmeasured CWV are risks.,74,P2,medium,E015;E016;E017;E018;E035;E045,src/app/(store)/page.tsx; src/app/(store)/products/[slug]/page.tsx; src/app/(store)/category/[slug]/page.tsx; src/app/(store)/search/page.tsx; npm.cmd run build; browser rendering/Core Web Vitals,Keep product SEO fields under regression coverage and improve where noted.,XS,high,May reduce polish or scalability if left unmonitored.,none,no
CP-09-42,"Performance and Core Web Vitals: LCP, INP, CLS, bundle size, hydration, rendering, caching","Does Performance and Core Web Vitals: LCP, INP, CLS, bundle size, hydration, rendering, caching meet the launch standard for category taxonomy?","Evidence-backed production readiness for category taxonomy, preserving current visual design unless necessary.",ISR/Next Image/Suspense exist; listing sort and unmeasured CWV are risks.,74,P2,medium,E015;E016;E017;E018;E035;E045,src/app/(store)/page.tsx; src/app/(store)/products/[slug]/page.tsx; src/app/(store)/category/[slug]/page.tsx; src/app/(store)/search/page.tsx; npm.cmd run build; browser rendering/Core Web Vitals,Keep category taxonomy under regression coverage and improve where noted.,XS,high,May reduce polish or scalability if left unmonitored.,none,no
CP-09-43,"Performance and Core Web Vitals: LCP, INP, CLS, bundle size, hydration, rendering, caching","Does Performance and Core Web Vitals: LCP, INP, CLS, bundle size, hydration, rendering, caching meet the launch standard for internal linking?","Evidence-backed production readiness for internal linking, preserving current visual design unless necessary.",ISR/Next Image/Suspense exist; listing sort and unmeasured CWV are risks.,74,P2,medium,E015;E016;E017;E018;E035;E045,src/app/(store)/page.tsx; src/app/(store)/products/[slug]/page.tsx; src/app/(store)/category/[slug]/page.tsx; src/app/(store)/search/page.tsx; npm.cmd run build; browser rendering/Core Web Vitals,Keep internal linking under regression coverage and improve where noted.,XS,high,May reduce polish or scalability if left unmonitored.,none,no
CP-09-44,"Performance and Core Web Vitals: LCP, INP, CLS, bundle size, hydration, rendering, caching","Does Performance and Core Web Vitals: LCP, INP, CLS, bundle size, hydration, rendering, caching meet the launch standard for reviews and ratings?","Evidence-backed production readiness for reviews and ratings, preserving current visual design unless necessary.",ISR/Next Image/Suspense exist; listing sort and unmeasured CWV are risks.,74,P2,medium,E015;E016;E017;E018;E035;E045,src/app/(store)/page.tsx; src/app/(store)/products/[slug]/page.tsx; src/app/(store)/category/[slug]/page.tsx; src/app/(store)/search/page.tsx; npm.cmd run build; browser rendering/Core Web Vitals,Keep reviews and ratings under regression coverage and improve where noted.,XS,high,May reduce polish or scalability if left unmonitored.,none,no
CP-09-45,"Performance and Core Web Vitals: LCP, INP, CLS, bundle size, hydration, rendering, caching","Does Performance and Core Web Vitals: LCP, INP, CLS, bundle size, hydration, rendering, caching meet the launch standard for returns and refunds?","Evidence-backed production readiness for returns and refunds, preserving current visual design unless necessary.",ISR/Next Image/Suspense exist; listing sort and unmeasured CWV are risks.,74,P2,medium,E015;E016;E017;E018;E035;E045,src/app/(store)/page.tsx; src/app/(store)/products/[slug]/page.tsx; src/app/(store)/category/[slug]/page.tsx; src/app/(store)/search/page.tsx; npm.cmd run build; browser rendering/Core Web Vitals,Keep returns and refunds under regression coverage and improve where noted.,XS,high,May reduce polish or scalability if left unmonitored.,none,no
CP-09-46,"Performance and Core Web Vitals: LCP, INP, CLS, bundle size, hydration, rendering, caching","Does Performance and Core Web Vitals: LCP, INP, CLS, bundle size, hydration, rendering, caching meet the launch standard for deployment headers?","Evidence-backed production readiness for deployment headers, preserving current visual design unless necessary.",ISR/Next Image/Suspense exist; listing sort and unmeasured CWV are risks.,74,P2,medium,E015;E016;E017;E018;E035;E045,src/app/(store)/page.tsx; src/app/(store)/products/[slug]/page.tsx; src/app/(store)/category/[slug]/page.tsx; src/app/(store)/search/page.tsx; npm.cmd run build; browser rendering/Core Web Vitals,Keep deployment headers under regression coverage and improve where noted.,XS,high,May reduce polish or scalability if left unmonitored.,none,no
CP-09-47,"Performance and Core Web Vitals: LCP, INP, CLS, bundle size, hydration, rendering, caching","Does Performance and Core Web Vitals: LCP, INP, CLS, bundle size, hydration, rendering, caching meet the launch standard for dependency deprecation?","Evidence-backed production readiness for dependency deprecation, preserving current visual design unless necessary.",ISR/Next Image/Suspense exist; listing sort and unmeasured CWV are risks.,74,P2,medium,E015;E016;E017;E018;E035;E045,src/app/(store)/page.tsx; src/app/(store)/products/[slug]/page.tsx; src/app/(store)/category/[slug]/page.tsx; src/app/(store)/search/page.tsx; npm.cmd run build; browser rendering/Core Web Vitals,Keep dependency deprecation under regression coverage and improve where noted.,XS,high,May reduce polish or scalability if left unmonitored.,none,no
CP-09-48,"Performance and Core Web Vitals: LCP, INP, CLS, bundle size, hydration, rendering, caching","Does Performance and Core Web Vitals: LCP, INP, CLS, bundle size, hydration, rendering, caching meet the launch standard for observability?","Evidence-backed production readiness for observability, preserving current visual design unless necessary.",ISR/Next Image/Suspense exist; listing sort and unmeasured CWV are risks.,74,P2,medium,E015;E016;E017;E018;E035;E045,src/app/(store)/page.tsx; src/app/(store)/products/[slug]/page.tsx; src/app/(store)/category/[slug]/page.tsx; src/app/(store)/search/page.tsx; npm.cmd run build; browser rendering/Core Web Vitals,Keep observability under regression coverage and improve where noted.,XS,high,May reduce polish or scalability if left unmonitored.,none,no
CP-09-49,"Performance and Core Web Vitals: LCP, INP, CLS, bundle size, hydration, rendering, caching","Does Performance and Core Web Vitals: LCP, INP, CLS, bundle size, hydration, rendering, caching meet the launch standard for visual preservation?","Evidence-backed production readiness for visual preservation, preserving current visual design unless necessary.",ISR/Next Image/Suspense exist; listing sort and unmeasured CWV are risks.,74,P2,medium,E015;E016;E017;E018;E035;E045,src/app/(store)/page.tsx; src/app/(store)/products/[slug]/page.tsx; src/app/(store)/category/[slug]/page.tsx; src/app/(store)/search/page.tsx; npm.cmd run build; browser rendering/Core Web Vitals,Keep visual preservation under regression coverage and improve where noted.,XS,high,May reduce polish or scalability if left unmonitored.,none,no
CP-09-50,"Performance and Core Web Vitals: LCP, INP, CLS, bundle size, hydration, rendering, caching","Does Performance and Core Web Vitals: LCP, INP, CLS, bundle size, hydration, rendering, caching meet the launch standard for launch risk?","Evidence-backed production readiness for launch risk, preserving current visual design unless necessary.",ISR/Next Image/Suspense exist; listing sort and unmeasured CWV are risks.,74,P2,medium,E015;E016;E017;E018;E035;E045,src/app/(store)/page.tsx; src/app/(store)/products/[slug]/page.tsx; src/app/(store)/category/[slug]/page.tsx; src/app/(store)/search/page.tsx; npm.cmd run build; browser rendering/Core Web Vitals,Keep launch risk under regression coverage and improve where noted.,XS,high,May reduce polish or scalability if left unmonitored.,none,no
CP-10-01,"Technical SEO: crawlability, indexing, canonical URLs, metadata, robots.txt, sitemap, redirects","Does Technical SEO: crawlability, indexing, canonical URLs, metadata, robots.txt, sitemap, redirects meet the launch standard for route group coverage?","Evidence-backed production readiness for route group coverage, preserving current visual design unless necessary.",Sitemap/robots/metadata exist; search/faceted policy incomplete.,72,P2,medium,E011;E012;E013;E017;E018,src/backend/seo/metadata.ts; src/app/sitemap.ts; src/app/robots.ts; src/app/(store)/category/[slug]/page.tsx; src/app/(store)/search/page.tsx,Keep route group coverage under regression coverage and improve where noted.,XS,high,May reduce polish or scalability if left unmonitored.,none,no
CP-10-02,"Technical SEO: crawlability, indexing, canonical URLs, metadata, robots.txt, sitemap, redirects","Does Technical SEO: crawlability, indexing, canonical URLs, metadata, robots.txt, sitemap, redirects meet the launch standard for API mutation coverage?","Evidence-backed production readiness for API mutation coverage, preserving current visual design unless necessary.",Sitemap/robots/metadata exist; search/faceted policy incomplete.,72,P2,medium,E011;E012;E013;E017;E018,src/backend/seo/metadata.ts; src/app/sitemap.ts; src/app/robots.ts; src/app/(store)/category/[slug]/page.tsx; src/app/(store)/search/page.tsx,Keep API mutation coverage under regression coverage and improve where noted.,XS,high,May reduce polish or scalability if left unmonitored.,none,no
CP-10-03,"Technical SEO: crawlability, indexing, canonical URLs, metadata, robots.txt, sitemap, redirects","Does Technical SEO: crawlability, indexing, canonical URLs, metadata, robots.txt, sitemap, redirects meet the launch standard for RBAC enforcement?","Evidence-backed production readiness for RBAC enforcement, preserving current visual design unless necessary.",Sitemap/robots/metadata exist; search/faceted policy incomplete.,72,P2,medium,E011;E012;E013;E017;E018,src/backend/seo/metadata.ts; src/app/sitemap.ts; src/app/robots.ts; src/app/(store)/category/[slug]/page.tsx; src/app/(store)/search/page.tsx,Keep RBAC enforcement under regression coverage and improve where noted.,XS,high,May reduce polish or scalability if left unmonitored.,none,no
CP-10-04,"Technical SEO: crawlability, indexing, canonical URLs, metadata, robots.txt, sitemap, redirects","Does Technical SEO: crawlability, indexing, canonical URLs, metadata, robots.txt, sitemap, redirects meet the launch standard for authenticated data access?","Evidence-backed production readiness for authenticated data access, preserving current visual design unless necessary.",Sitemap/robots/metadata exist; search/faceted policy incomplete.,72,P2,medium,E011;E012;E013;E017;E018,src/backend/seo/metadata.ts; src/app/sitemap.ts; src/app/robots.ts; src/app/(store)/category/[slug]/page.tsx; src/app/(store)/search/page.tsx,Keep authenticated data access under regression coverage and improve where noted.,XS,high,May reduce polish or scalability if left unmonitored.,none,no
CP-10-05,"Technical SEO: crawlability, indexing, canonical URLs, metadata, robots.txt, sitemap, redirects","Does Technical SEO: crawlability, indexing, canonical URLs, metadata, robots.txt, sitemap, redirects meet the launch standard for schema support?","Evidence-backed production readiness for schema support, preserving current visual design unless necessary.",Sitemap/robots/metadata exist; search/faceted policy incomplete.,72,P2,medium,E011;E012;E013;E017;E018,src/backend/seo/metadata.ts; src/app/sitemap.ts; src/app/robots.ts; src/app/(store)/category/[slug]/page.tsx; src/app/(store)/search/page.tsx,Keep schema support under regression coverage and improve where noted.,XS,high,May reduce polish or scalability if left unmonitored.,none,no
CP-10-06,"Technical SEO: crawlability, indexing, canonical URLs, metadata, robots.txt, sitemap, redirects","Does Technical SEO: crawlability, indexing, canonical URLs, metadata, robots.txt, sitemap, redirects meet the launch standard for validation path?","Evidence-backed production readiness for validation path, preserving current visual design unless necessary.",Sitemap/robots/metadata exist; search/faceted policy incomplete.,72,P2,medium,E011;E012;E013;E017;E018,src/backend/seo/metadata.ts; src/app/sitemap.ts; src/app/robots.ts; src/app/(store)/category/[slug]/page.tsx; src/app/(store)/search/page.tsx,Keep validation path under regression coverage and improve where noted.,XS,high,May reduce polish or scalability if left unmonitored.,none,no
CP-10-07,"Technical SEO: crawlability, indexing, canonical URLs, metadata, robots.txt, sitemap, redirects","Does Technical SEO: crawlability, indexing, canonical URLs, metadata, robots.txt, sitemap, redirects meet the launch standard for error handling?","Evidence-backed production readiness for error handling, preserving current visual design unless necessary.",Sitemap/robots/metadata exist; search/faceted policy incomplete.,72,P2,medium,E011;E012;E013;E017;E018,src/backend/seo/metadata.ts; src/app/sitemap.ts; src/app/robots.ts; src/app/(store)/category/[slug]/page.tsx; src/app/(store)/search/page.tsx,Keep error handling under regression coverage and improve where noted.,XS,high,May reduce polish or scalability if left unmonitored.,none,no
CP-10-08,"Technical SEO: crawlability, indexing, canonical URLs, metadata, robots.txt, sitemap, redirects","Does Technical SEO: crawlability, indexing, canonical URLs, metadata, robots.txt, sitemap, redirects meet the launch standard for audit logging?","Evidence-backed production readiness for audit logging, preserving current visual design unless necessary.",Sitemap/robots/metadata exist; search/faceted policy incomplete.,72,P2,medium,E011;E012;E013;E017;E018,src/backend/seo/metadata.ts; src/app/sitemap.ts; src/app/robots.ts; src/app/(store)/category/[slug]/page.tsx; src/app/(store)/search/page.tsx,Keep audit logging under regression coverage and improve where noted.,XS,high,May reduce polish or scalability if left unmonitored.,none,no
CP-10-09,"Technical SEO: crawlability, indexing, canonical URLs, metadata, robots.txt, sitemap, redirects","Does Technical SEO: crawlability, indexing, canonical URLs, metadata, robots.txt, sitemap, redirects meet the launch standard for environment dependency?","Evidence-backed production readiness for environment dependency, preserving current visual design unless necessary.",Sitemap/robots/metadata exist; search/faceted policy incomplete.,72,P2,medium,E011;E012;E013;E017;E018,src/backend/seo/metadata.ts; src/app/sitemap.ts; src/app/robots.ts; src/app/(store)/category/[slug]/page.tsx; src/app/(store)/search/page.tsx,Keep environment dependency under regression coverage and improve where noted.,XS,high,May reduce polish or scalability if left unmonitored.,none,no
CP-10-10,"Technical SEO: crawlability, indexing, canonical URLs, metadata, robots.txt, sitemap, redirects","Does Technical SEO: crawlability, indexing, canonical URLs, metadata, robots.txt, sitemap, redirects meet the launch standard for command verification?","Evidence-backed production readiness for command verification, preserving current visual design unless necessary.",Sitemap/robots/metadata exist; search/faceted policy incomplete.,72,P2,medium,E011;E012;E013;E017;E018,src/backend/seo/metadata.ts; src/app/sitemap.ts; src/app/robots.ts; src/app/(store)/category/[slug]/page.tsx; src/app/(store)/search/page.tsx,Keep command verification under regression coverage and improve where noted.,XS,high,May reduce polish or scalability if left unmonitored.,none,no
CP-10-11,"Technical SEO: crawlability, indexing, canonical URLs, metadata, robots.txt, sitemap, redirects","Does Technical SEO: crawlability, indexing, canonical URLs, metadata, robots.txt, sitemap, redirects meet the launch standard for test coverage?","Evidence-backed production readiness for test coverage, preserving current visual design unless necessary.",Sitemap/robots/metadata exist; search/faceted policy incomplete.,72,P2,medium,E011;E012;E013;E017;E018,src/backend/seo/metadata.ts; src/app/sitemap.ts; src/app/robots.ts; src/app/(store)/category/[slug]/page.tsx; src/app/(store)/search/page.tsx,Keep test coverage under regression coverage and improve where noted.,XS,high,May reduce polish or scalability if left unmonitored.,none,no
CP-10-12,"Technical SEO: crawlability, indexing, canonical URLs, metadata, robots.txt, sitemap, redirects","Does Technical SEO: crawlability, indexing, canonical URLs, metadata, robots.txt, sitemap, redirects meet the launch standard for data fetching strategy?","Evidence-backed production readiness for data fetching strategy, preserving current visual design unless necessary.",In-memory route limiter exists but is not distributed.,58,P1,medium,E008,src/backend/security/rate-limit.ts,Fix data fetching strategy before launch or before enabling related feature.,S,high,Launch risk remains around data fetching strategy.,none,no
CP-10-13,"Technical SEO: crawlability, indexing, canonical URLs, metadata, robots.txt, sitemap, redirects","Does Technical SEO: crawlability, indexing, canonical URLs, metadata, robots.txt, sitemap, redirects meet the launch standard for image/media handling?","Evidence-backed production readiness for image/media handling, preserving current visual design unless necessary.",Sitemap/robots/metadata exist; search/faceted policy incomplete.,72,P2,medium,E011;E012;E013;E017;E018,src/backend/seo/metadata.ts; src/app/sitemap.ts; src/app/robots.ts; src/app/(store)/category/[slug]/page.tsx; src/app/(store)/search/page.tsx,Keep image/media handling under regression coverage and improve where noted.,XS,high,May reduce polish or scalability if left unmonitored.,none,no
CP-10-14,"Technical SEO: crawlability, indexing, canonical URLs, metadata, robots.txt, sitemap, redirects","Does Technical SEO: crawlability, indexing, canonical URLs, metadata, robots.txt, sitemap, redirects meet the launch standard for metadata and canonical handling?","Evidence-backed production readiness for metadata and canonical handling, preserving current visual design unless necessary.",Sitemap/robots/metadata exist; search/faceted policy incomplete.,72,P2,medium,E011;E017;E018,src/backend/seo/metadata.ts; src/app/(store)/category/[slug]/page.tsx; src/app/(store)/search/page.tsx,Keep metadata and canonical handling under regression coverage and improve where noted.,XS,high,May reduce polish or scalability if left unmonitored.,none,no
CP-10-15,"Technical SEO: crawlability, indexing, canonical URLs, metadata, robots.txt, sitemap, redirects","Does Technical SEO: crawlability, indexing, canonical URLs, metadata, robots.txt, sitemap, redirects meet the launch standard for structured data handling?","Evidence-backed production readiness for structured data handling, preserving current visual design unless necessary.",Sitemap/robots/metadata exist; search/faceted policy incomplete.,72,P2,medium,E014;E016;E017,src/backend/seo/structured-data.ts; src/app/(store)/products/[slug]/page.tsx; src/app/(store)/category/[slug]/page.tsx,Keep structured data handling under regression coverage and improve where noted.,XS,high,May reduce polish or scalability if left unmonitored.,none,no
CP-10-16,"Technical SEO: crawlability, indexing, canonical URLs, metadata, robots.txt, sitemap, redirects","Does Technical SEO: crawlability, indexing, canonical URLs, metadata, robots.txt, sitemap, redirects meet the launch standard for sitemap and robots handling?","Evidence-backed production readiness for sitemap and robots handling, preserving current visual design unless necessary.",Sitemap/robots/metadata exist; search/faceted policy incomplete.,72,P2,medium,E011;E012;E013;E017;E018,src/backend/seo/metadata.ts; src/app/sitemap.ts; src/app/robots.ts; src/app/(store)/category/[slug]/page.tsx; src/app/(store)/search/page.tsx,Keep sitemap and robots handling under regression coverage and improve where noted.,XS,high,May reduce polish or scalability if left unmonitored.,none,no
CP-10-17,"Technical SEO: crawlability, indexing, canonical URLs, metadata, robots.txt, sitemap, redirects","Does Technical SEO: crawlability, indexing, canonical URLs, metadata, robots.txt, sitemap, redirects meet the launch standard for pagination and facets?","Evidence-backed production readiness for pagination and facets, preserving current visual design unless necessary.",Sitemap/robots/metadata exist; search/faceted policy incomplete.,72,P2,medium,E011;E012;E013;E017;E018,src/backend/seo/metadata.ts; src/app/sitemap.ts; src/app/robots.ts; src/app/(store)/category/[slug]/page.tsx; src/app/(store)/search/page.tsx,Keep pagination and facets under regression coverage and improve where noted.,XS,high,May reduce polish or scalability if left unmonitored.,none,no
CP-10-18,"Technical SEO: crawlability, indexing, canonical URLs, metadata, robots.txt, sitemap, redirects","Does Technical SEO: crawlability, indexing, canonical URLs, metadata, robots.txt, sitemap, redirects meet the launch standard for seller ownership?","Evidence-backed production readiness for seller ownership, preserving current visual design unless necessary.","Seller schema exists, but no seller route area was found and product writes are first-party/admin-managed.",45,P1,medium,E031;E026;E003,src/app route scan and README.md; src/backend/admin/product-editor.ts; prisma/schema.prisma,Fix seller ownership before launch or before enabling related feature.,S,high,Launch risk remains around seller ownership.,minor,no
CP-10-19,"Technical SEO: crawlability, indexing, canonical URLs, metadata, robots.txt, sitemap, redirects","Does Technical SEO: crawlability, indexing, canonical URLs, metadata, robots.txt, sitemap, redirects meet the launch standard for admin versus super-admin split?","Evidence-backed production readiness for admin versus super-admin split, preserving current visual design unless necessary.",Sitemap/robots/metadata exist; search/faceted policy incomplete.,72,P2,medium,E011;E012;E013;E017;E018,src/backend/seo/metadata.ts; src/app/sitemap.ts; src/app/robots.ts; src/app/(store)/category/[slug]/page.tsx; src/app/(store)/search/page.tsx,Keep admin versus super-admin split under regression coverage and improve where noted.,XS,high,May reduce polish or scalability if left unmonitored.,none,no
CP-10-20,"Technical SEO: crawlability, indexing, canonical URLs, metadata, robots.txt, sitemap, redirects","Does Technical SEO: crawlability, indexing, canonical URLs, metadata, robots.txt, sitemap, redirects meet the launch standard for order payment shipment status?","Evidence-backed production readiness for order payment shipment status, preserving current visual design unless necessary.",Sitemap/robots/metadata exist; search/faceted policy incomplete.,72,P2,medium,E011;E012;E013;E017;E018,src/backend/seo/metadata.ts; src/app/sitemap.ts; src/app/robots.ts; src/app/(store)/category/[slug]/page.tsx; src/app/(store)/search/page.tsx,Keep order payment shipment status under regression coverage and improve where noted.,XS,high,May reduce polish or scalability if left unmonitored.,none,no
CP-10-21,"Technical SEO: crawlability, indexing, canonical URLs, metadata, robots.txt, sitemap, redirects","Does Technical SEO: crawlability, indexing, canonical URLs, metadata, robots.txt, sitemap, redirects meet the launch standard for rate limiting?","Evidence-backed production readiness for rate limiting, preserving current visual design unless necessary.",In-memory route limiter exists but is not distributed.,58,P1,medium,E008,src/backend/security/rate-limit.ts,Fix rate limiting before launch or before enabling related feature.,S,high,Launch risk remains around rate limiting.,none,no
CP-10-22,"Technical SEO: crawlability, indexing, canonical URLs, metadata, robots.txt, sitemap, redirects","Does Technical SEO: crawlability, indexing, canonical URLs, metadata, robots.txt, sitemap, redirects meet the launch standard for CSRF and origin control?","Evidence-backed production readiness for CSRF and origin control, preserving current visual design unless necessary.",No explicit CSRF token or Origin/Referer check found in sampled custom mutation APIs.,55,P1,medium,E060,custom mutation CSRF/origin scan,Fix CSRF and origin control before launch or before enabling related feature.,S,high,Launch risk remains around CSRF and origin control.,none,no
CP-10-23,"Technical SEO: crawlability, indexing, canonical URLs, metadata, robots.txt, sitemap, redirects","Does Technical SEO: crawlability, indexing, canonical URLs, metadata, robots.txt, sitemap, redirects meet the launch standard for secret exposure?","Evidence-backed production readiness for secret exposure, preserving current visual design unless necessary.",Sitemap/robots/metadata exist; search/faceted policy incomplete.,72,P2,medium,E011;E012;E013;E017;E018,src/backend/seo/metadata.ts; src/app/sitemap.ts; src/app/robots.ts; src/app/(store)/category/[slug]/page.tsx; src/app/(store)/search/page.tsx,Keep secret exposure under regression coverage and improve where noted.,XS,high,May reduce polish or scalability if left unmonitored.,none,no
CP-10-24,"Technical SEO: crawlability, indexing, canonical URLs, metadata, robots.txt, sitemap, redirects","Does Technical SEO: crawlability, indexing, canonical URLs, metadata, robots.txt, sitemap, redirects meet the launch standard for console and logging hygiene?","Evidence-backed production readiness for console and logging hygiene, preserving current visual design unless necessary.",Sitemap/robots/metadata exist; search/faceted policy incomplete.,72,P2,medium,E011;E012;E013;E017;E018,src/backend/seo/metadata.ts; src/app/sitemap.ts; src/app/robots.ts; src/app/(store)/category/[slug]/page.tsx; src/app/(store)/search/page.tsx,Keep console and logging hygiene under regression coverage and improve where noted.,XS,high,May reduce polish or scalability if left unmonitored.,none,no
CP-10-25,"Technical SEO: crawlability, indexing, canonical URLs, metadata, robots.txt, sitemap, redirects","Does Technical SEO: crawlability, indexing, canonical URLs, metadata, robots.txt, sitemap, redirects meet the launch standard for type safety?","Evidence-backed production readiness for type safety, preserving current visual design unless necessary.",Sitemap/robots/metadata exist; search/faceted policy incomplete.,72,P2,medium,E011;E012;E013;E017;E018,src/backend/seo/metadata.ts; src/app/sitemap.ts; src/app/robots.ts; src/app/(store)/category/[slug]/page.tsx; src/app/(store)/search/page.tsx,Keep type safety under regression coverage and improve where noted.,XS,high,May reduce polish or scalability if left unmonitored.,none,no
CP-10-26,"Technical SEO: crawlability, indexing, canonical URLs, metadata, robots.txt, sitemap, redirects","Does Technical SEO: crawlability, indexing, canonical URLs, metadata, robots.txt, sitemap, redirects meet the launch standard for duplicate or dead code risk?","Evidence-backed production readiness for duplicate or dead code risk, preserving current visual design unless necessary.",Sitemap/robots/metadata exist; search/faceted policy incomplete.,72,P2,medium,E011;E012;E013;E017;E018,src/backend/seo/metadata.ts; src/app/sitemap.ts; src/app/robots.ts; src/app/(store)/category/[slug]/page.tsx; src/app/(store)/search/page.tsx,Keep duplicate or dead code risk under regression coverage and improve where noted.,XS,high,May reduce polish or scalability if left unmonitored.,none,no
CP-10-27,"Technical SEO: crawlability, indexing, canonical URLs, metadata, robots.txt, sitemap, redirects","Does Technical SEO: crawlability, indexing, canonical URLs, metadata, robots.txt, sitemap, redirects meet the launch standard for README and implementation alignment?","Evidence-backed production readiness for README and implementation alignment, preserving current visual design unless necessary.",Sitemap/robots/metadata exist; search/faceted policy incomplete.,72,P2,medium,E011;E012;E013;E017;E018,src/backend/seo/metadata.ts; src/app/sitemap.ts; src/app/robots.ts; src/app/(store)/category/[slug]/page.tsx; src/app/(store)/search/page.tsx,Keep README and implementation alignment under regression coverage and improve where noted.,XS,high,May reduce polish or scalability if left unmonitored.,none,no
CP-10-28,"Technical SEO: crawlability, indexing, canonical URLs, metadata, robots.txt, sitemap, redirects","Does Technical SEO: crawlability, indexing, canonical URLs, metadata, robots.txt, sitemap, redirects meet the launch standard for accessibility controls?","Evidence-backed production readiness for accessibility controls, preserving current visual design unless necessary.",Sitemap/robots/metadata exist; search/faceted policy incomplete.,72,P2,medium,E011;E012;E013;E017;E018,src/backend/seo/metadata.ts; src/app/sitemap.ts; src/app/robots.ts; src/app/(store)/category/[slug]/page.tsx; src/app/(store)/search/page.tsx,Keep accessibility controls under regression coverage and improve where noted.,XS,high,May reduce polish or scalability if left unmonitored.,none,no
CP-10-29,"Technical SEO: crawlability, indexing, canonical URLs, metadata, robots.txt, sitemap, redirects","Does Technical SEO: crawlability, indexing, canonical URLs, metadata, robots.txt, sitemap, redirects meet the launch standard for mobile layout behavior?","Evidence-backed production readiness for mobile layout behavior, preserving current visual design unless necessary.",Sitemap/robots/metadata exist; search/faceted policy incomplete.,72,P2,medium,E011;E012;E013;E017;E018,src/backend/seo/metadata.ts; src/app/sitemap.ts; src/app/robots.ts; src/app/(store)/category/[slug]/page.tsx; src/app/(store)/search/page.tsx,Keep mobile layout behavior under regression coverage and improve where noted.,XS,high,May reduce polish or scalability if left unmonitored.,none,no
CP-10-30,"Technical SEO: crawlability, indexing, canonical URLs, metadata, robots.txt, sitemap, redirects","Does Technical SEO: crawlability, indexing, canonical URLs, metadata, robots.txt, sitemap, redirects meet the launch standard for Bangladesh localization?","Evidence-backed production readiness for Bangladesh localization, preserving current visual design unless necessary.",Sitemap/robots/metadata exist; search/faceted policy incomplete.,72,P2,medium,E011;E012;E013;E017;E018,src/backend/seo/metadata.ts; src/app/sitemap.ts; src/app/robots.ts; src/app/(store)/category/[slug]/page.tsx; src/app/(store)/search/page.tsx,Keep Bangladesh localization under regression coverage and improve where noted.,XS,high,May reduce polish or scalability if left unmonitored.,none,no
CP-10-31,"Technical SEO: crawlability, indexing, canonical URLs, metadata, robots.txt, sitemap, redirects","Does Technical SEO: crawlability, indexing, canonical URLs, metadata, robots.txt, sitemap, redirects meet the launch standard for Bangla and English readiness?","Evidence-backed production readiness for Bangla and English readiness, preserving current visual design unless necessary.",Sitemap/robots/metadata exist; search/faceted policy incomplete.,72,P2,medium,E011;E012;E013;E017;E018,src/backend/seo/metadata.ts; src/app/sitemap.ts; src/app/robots.ts; src/app/(store)/category/[slug]/page.tsx; src/app/(store)/search/page.tsx,Keep Bangla and English readiness under regression coverage and improve where noted.,XS,high,May reduce polish or scalability if left unmonitored.,none,no
CP-10-32,"Technical SEO: crawlability, indexing, canonical URLs, metadata, robots.txt, sitemap, redirects","Does Technical SEO: crawlability, indexing, canonical URLs, metadata, robots.txt, sitemap, redirects meet the launch standard for Merchant Center readiness?","Evidence-backed production readiness for Merchant Center readiness, preserving current visual design unless necessary.",Sitemap/robots/metadata exist; search/faceted policy incomplete.,72,P2,medium,E011;E012;E013;E017;E018,src/backend/seo/metadata.ts; src/app/sitemap.ts; src/app/robots.ts; src/app/(store)/category/[slug]/page.tsx; src/app/(store)/search/page.tsx,Keep Merchant Center readiness under regression coverage and improve where noted.,XS,high,May reduce polish or scalability if left unmonitored.,none,no
CP-10-33,"Technical SEO: crawlability, indexing, canonical URLs, metadata, robots.txt, sitemap, redirects","Does Technical SEO: crawlability, indexing, canonical URLs, metadata, robots.txt, sitemap, redirects meet the launch standard for webhook readiness?","Evidence-backed production readiness for webhook readiness, preserving current visual design unless necessary.","Payment env variables exist, but no webhook route was found.",45,P1,medium,E043;E050,webhook route scan; src/app/api/admin/orders/[id]/payment-status/route.ts,Fix webhook readiness before launch or before enabling related feature.,S,high,Launch risk remains around webhook readiness.,none,no
CP-10-34,"Technical SEO: crawlability, indexing, canonical URLs, metadata, robots.txt, sitemap, redirects","Does Technical SEO: crawlability, indexing, canonical URLs, metadata, robots.txt, sitemap, redirects meet the launch standard for shipment tracking readiness?","Evidence-backed production readiness for shipment tracking readiness, preserving current visual design unless necessary.",Sitemap/robots/metadata exist; search/faceted policy incomplete.,72,P2,medium,E011;E012;E013;E017;E018,src/backend/seo/metadata.ts; src/app/sitemap.ts; src/app/robots.ts; src/app/(store)/category/[slug]/page.tsx; src/app/(store)/search/page.tsx,Keep shipment tracking readiness under regression coverage and improve where noted.,XS,high,May reduce polish or scalability if left unmonitored.,none,no
CP-10-35,"Technical SEO: crawlability, indexing, canonical URLs, metadata, robots.txt, sitemap, redirects","Does Technical SEO: crawlability, indexing, canonical URLs, metadata, robots.txt, sitemap, redirects meet the launch standard for fraud and moderation readiness?","Evidence-backed production readiness for fraud and moderation readiness, preserving current visual design unless necessary.",Sitemap/robots/metadata exist; search/faceted policy incomplete.,72,P2,medium,E011;E012;E013;E017;E018,src/backend/seo/metadata.ts; src/app/sitemap.ts; src/app/robots.ts; src/app/(store)/category/[slug]/page.tsx; src/app/(store)/search/page.tsx,Keep fraud and moderation readiness under regression coverage and improve where noted.,XS,high,May reduce polish or scalability if left unmonitored.,none,no
CP-10-36,"Technical SEO: crawlability, indexing, canonical URLs, metadata, robots.txt, sitemap, redirects","Does Technical SEO: crawlability, indexing, canonical URLs, metadata, robots.txt, sitemap, redirects meet the launch standard for cache and revalidation?","Evidence-backed production readiness for cache and revalidation, preserving current visual design unless necessary.",Sitemap/robots/metadata exist; search/faceted policy incomplete.,72,P2,medium,E011;E012;E013;E017;E018,src/backend/seo/metadata.ts; src/app/sitemap.ts; src/app/robots.ts; src/app/(store)/category/[slug]/page.tsx; src/app/(store)/search/page.tsx,Keep cache and revalidation under regression coverage and improve where noted.,XS,high,May reduce polish or scalability if left unmonitored.,none,no
CP-10-37,"Technical SEO: crawlability, indexing, canonical URLs, metadata, robots.txt, sitemap, redirects","Does Technical SEO: crawlability, indexing, canonical URLs, metadata, robots.txt, sitemap, redirects meet the launch standard for N+1 or bulk-fetch risk?","Evidence-backed production readiness for N+1 or bulk-fetch risk, preserving current visual design unless necessary.",Sitemap/robots/metadata exist; search/faceted policy incomplete.,72,P2,medium,E011;E012;E013;E017;E018,src/backend/seo/metadata.ts; src/app/sitemap.ts; src/app/robots.ts; src/app/(store)/category/[slug]/page.tsx; src/app/(store)/search/page.tsx,Keep N+1 or bulk-fetch risk under regression coverage and improve where noted.,XS,high,May reduce polish or scalability if left unmonitored.,none,no
CP-10-38,"Technical SEO: crawlability, indexing, canonical URLs, metadata, robots.txt, sitemap, redirects","Does Technical SEO: crawlability, indexing, canonical URLs, metadata, robots.txt, sitemap, redirects meet the launch standard for payment status integrity?","Evidence-backed production readiness for payment status integrity, preserving current visual design unless necessary.",Sitemap/robots/metadata exist; search/faceted policy incomplete.,72,P2,medium,E011;E012;E013;E017;E018,src/backend/seo/metadata.ts; src/app/sitemap.ts; src/app/robots.ts; src/app/(store)/category/[slug]/page.tsx; src/app/(store)/search/page.tsx,Keep payment status integrity under regression coverage and improve where noted.,XS,high,May reduce polish or scalability if left unmonitored.,none,no
CP-10-39,"Technical SEO: crawlability, indexing, canonical URLs, metadata, robots.txt, sitemap, redirects","Does Technical SEO: crawlability, indexing, canonical URLs, metadata, robots.txt, sitemap, redirects meet the launch standard for guest and buyer flow?","Evidence-backed production readiness for guest and buyer flow, preserving current visual design unless necessary.",Sitemap/robots/metadata exist; search/faceted policy incomplete.,72,P2,medium,E011;E012;E013;E017;E018,src/backend/seo/metadata.ts; src/app/sitemap.ts; src/app/robots.ts; src/app/(store)/category/[slug]/page.tsx; src/app/(store)/search/page.tsx,Keep guest and buyer flow under regression coverage and improve where noted.,XS,high,May reduce polish or scalability if left unmonitored.,none,no
CP-10-40,"Technical SEO: crawlability, indexing, canonical URLs, metadata, robots.txt, sitemap, redirects","Does Technical SEO: crawlability, indexing, canonical URLs, metadata, robots.txt, sitemap, redirects meet the launch standard for account privacy?","Evidence-backed production readiness for account privacy, preserving current visual design unless necessary.","Account order detail is owner-scoped, but public confirmation exposes PII by orderNumber.",35,P0,medium,E022;E023;E010,src/app/(store)/order/[orderNumber]/confirmation/page.tsx; src/app/(store)/account/orders/[id]/page.tsx; .gitignore / git ls-files .env,Fix account privacy before launch or before enabling related feature.,M,critical,Launch risk remains around account privacy.,none,yes
CP-10-41,"Technical SEO: crawlability, indexing, canonical URLs, metadata, robots.txt, sitemap, redirects","Does Technical SEO: crawlability, indexing, canonical URLs, metadata, robots.txt, sitemap, redirects meet the launch standard for product SEO fields?","Evidence-backed production readiness for product SEO fields, preserving current visual design unless necessary.",Sitemap/robots/metadata exist; search/faceted policy incomplete.,72,P2,medium,E011;E012;E013;E017;E018,src/backend/seo/metadata.ts; src/app/sitemap.ts; src/app/robots.ts; src/app/(store)/category/[slug]/page.tsx; src/app/(store)/search/page.tsx,Keep product SEO fields under regression coverage and improve where noted.,XS,high,May reduce polish or scalability if left unmonitored.,none,no
CP-10-42,"Technical SEO: crawlability, indexing, canonical URLs, metadata, robots.txt, sitemap, redirects","Does Technical SEO: crawlability, indexing, canonical URLs, metadata, robots.txt, sitemap, redirects meet the launch standard for category taxonomy?","Evidence-backed production readiness for category taxonomy, preserving current visual design unless necessary.",Sitemap/robots/metadata exist; search/faceted policy incomplete.,72,P2,medium,E011;E012;E013;E017;E018,src/backend/seo/metadata.ts; src/app/sitemap.ts; src/app/robots.ts; src/app/(store)/category/[slug]/page.tsx; src/app/(store)/search/page.tsx,Keep category taxonomy under regression coverage and improve where noted.,XS,high,May reduce polish or scalability if left unmonitored.,none,no
CP-10-43,"Technical SEO: crawlability, indexing, canonical URLs, metadata, robots.txt, sitemap, redirects","Does Technical SEO: crawlability, indexing, canonical URLs, metadata, robots.txt, sitemap, redirects meet the launch standard for internal linking?","Evidence-backed production readiness for internal linking, preserving current visual design unless necessary.",Sitemap/robots/metadata exist; search/faceted policy incomplete.,72,P2,medium,E011;E012;E013;E017;E018,src/backend/seo/metadata.ts; src/app/sitemap.ts; src/app/robots.ts; src/app/(store)/category/[slug]/page.tsx; src/app/(store)/search/page.tsx,Keep internal linking under regression coverage and improve where noted.,XS,high,May reduce polish or scalability if left unmonitored.,none,no
CP-10-44,"Technical SEO: crawlability, indexing, canonical URLs, metadata, robots.txt, sitemap, redirects","Does Technical SEO: crawlability, indexing, canonical URLs, metadata, robots.txt, sitemap, redirects meet the launch standard for reviews and ratings?","Evidence-backed production readiness for reviews and ratings, preserving current visual design unless necessary.",Sitemap/robots/metadata exist; search/faceted policy incomplete.,72,P2,medium,E011;E012;E013;E017;E018,src/backend/seo/metadata.ts; src/app/sitemap.ts; src/app/robots.ts; src/app/(store)/category/[slug]/page.tsx; src/app/(store)/search/page.tsx,Keep reviews and ratings under regression coverage and improve where noted.,XS,high,May reduce polish or scalability if left unmonitored.,none,no
CP-10-45,"Technical SEO: crawlability, indexing, canonical URLs, metadata, robots.txt, sitemap, redirects","Does Technical SEO: crawlability, indexing, canonical URLs, metadata, robots.txt, sitemap, redirects meet the launch standard for returns and refunds?","Evidence-backed production readiness for returns and refunds, preserving current visual design unless necessary.",Sitemap/robots/metadata exist; search/faceted policy incomplete.,72,P2,medium,E011;E012;E013;E017;E018,src/backend/seo/metadata.ts; src/app/sitemap.ts; src/app/robots.ts; src/app/(store)/category/[slug]/page.tsx; src/app/(store)/search/page.tsx,Keep returns and refunds under regression coverage and improve where noted.,XS,high,May reduce polish or scalability if left unmonitored.,none,no
CP-10-46,"Technical SEO: crawlability, indexing, canonical URLs, metadata, robots.txt, sitemap, redirects","Does Technical SEO: crawlability, indexing, canonical URLs, metadata, robots.txt, sitemap, redirects meet the launch standard for deployment headers?","Evidence-backed production readiness for deployment headers, preserving current visual design unless necessary.",Sitemap/robots/metadata exist; search/faceted policy incomplete.,72,P2,medium,E011;E012;E013;E017;E018,src/backend/seo/metadata.ts; src/app/sitemap.ts; src/app/robots.ts; src/app/(store)/category/[slug]/page.tsx; src/app/(store)/search/page.tsx,Keep deployment headers under regression coverage and improve where noted.,XS,high,May reduce polish or scalability if left unmonitored.,none,no
CP-10-47,"Technical SEO: crawlability, indexing, canonical URLs, metadata, robots.txt, sitemap, redirects","Does Technical SEO: crawlability, indexing, canonical URLs, metadata, robots.txt, sitemap, redirects meet the launch standard for dependency deprecation?","Evidence-backed production readiness for dependency deprecation, preserving current visual design unless necessary.",Sitemap/robots/metadata exist; search/faceted policy incomplete.,72,P2,medium,E011;E012;E013;E017;E018,src/backend/seo/metadata.ts; src/app/sitemap.ts; src/app/robots.ts; src/app/(store)/category/[slug]/page.tsx; src/app/(store)/search/page.tsx,Keep dependency deprecation under regression coverage and improve where noted.,XS,high,May reduce polish or scalability if left unmonitored.,none,no
CP-10-48,"Technical SEO: crawlability, indexing, canonical URLs, metadata, robots.txt, sitemap, redirects","Does Technical SEO: crawlability, indexing, canonical URLs, metadata, robots.txt, sitemap, redirects meet the launch standard for observability?","Evidence-backed production readiness for observability, preserving current visual design unless necessary.",Sitemap/robots/metadata exist; search/faceted policy incomplete.,72,P2,medium,E011;E012;E013;E017;E018,src/backend/seo/metadata.ts; src/app/sitemap.ts; src/app/robots.ts; src/app/(store)/category/[slug]/page.tsx; src/app/(store)/search/page.tsx,Keep observability under regression coverage and improve where noted.,XS,high,May reduce polish or scalability if left unmonitored.,none,no
CP-10-49,"Technical SEO: crawlability, indexing, canonical URLs, metadata, robots.txt, sitemap, redirects","Does Technical SEO: crawlability, indexing, canonical URLs, metadata, robots.txt, sitemap, redirects meet the launch standard for visual preservation?","Evidence-backed production readiness for visual preservation, preserving current visual design unless necessary.",Sitemap/robots/metadata exist; search/faceted policy incomplete.,72,P2,medium,E011;E012;E013;E017;E018,src/backend/seo/metadata.ts; src/app/sitemap.ts; src/app/robots.ts; src/app/(store)/category/[slug]/page.tsx; src/app/(store)/search/page.tsx,Keep visual preservation under regression coverage and improve where noted.,XS,high,May reduce polish or scalability if left unmonitored.,none,no
CP-10-50,"Technical SEO: crawlability, indexing, canonical URLs, metadata, robots.txt, sitemap, redirects","Does Technical SEO: crawlability, indexing, canonical URLs, metadata, robots.txt, sitemap, redirects meet the launch standard for launch risk?","Evidence-backed production readiness for launch risk, preserving current visual design unless necessary.",Sitemap/robots/metadata exist; search/faceted policy incomplete.,72,P2,medium,E011;E012;E013;E017;E018,src/backend/seo/metadata.ts; src/app/sitemap.ts; src/app/robots.ts; src/app/(store)/category/[slug]/page.tsx; src/app/(store)/search/page.tsx,Keep launch risk under regression coverage and improve where noted.,XS,high,May reduce polish or scalability if left unmonitored.,none,no
CP-11-01,"E-commerce SEO: product pages, category pages, product schema, offers, availability, reviews, breadcrumbs","Does E-commerce SEO: product pages, category pages, product schema, offers, availability, reviews, breadcrumbs meet the launch standard for route group coverage?","Evidence-backed production readiness for route group coverage, preserving current visual design unless necessary.",Product/category schema exists; feed/absolute images/seller SEO incomplete.,72,P2,medium,E014;E016;E017;E024,src/backend/seo/structured-data.ts; src/app/(store)/products/[slug]/page.tsx; src/app/(store)/category/[slug]/page.tsx; src/app/api/reviews/route.ts,Keep route group coverage under regression coverage and improve where noted.,XS,high,May reduce polish or scalability if left unmonitored.,none,no
CP-11-02,"E-commerce SEO: product pages, category pages, product schema, offers, availability, reviews, breadcrumbs","Does E-commerce SEO: product pages, category pages, product schema, offers, availability, reviews, breadcrumbs meet the launch standard for API mutation coverage?","Evidence-backed production readiness for API mutation coverage, preserving current visual design unless necessary.",Product/category schema exists; feed/absolute images/seller SEO incomplete.,72,P2,medium,E014;E016;E017;E024,src/backend/seo/structured-data.ts; src/app/(store)/products/[slug]/page.tsx; src/app/(store)/category/[slug]/page.tsx; src/app/api/reviews/route.ts,Keep API mutation coverage under regression coverage and improve where noted.,XS,high,May reduce polish or scalability if left unmonitored.,none,no
CP-11-03,"E-commerce SEO: product pages, category pages, product schema, offers, availability, reviews, breadcrumbs","Does E-commerce SEO: product pages, category pages, product schema, offers, availability, reviews, breadcrumbs meet the launch standard for RBAC enforcement?","Evidence-backed production readiness for RBAC enforcement, preserving current visual design unless necessary.",Product/category schema exists; feed/absolute images/seller SEO incomplete.,72,P2,medium,E014;E016;E017;E024,src/backend/seo/structured-data.ts; src/app/(store)/products/[slug]/page.tsx; src/app/(store)/category/[slug]/page.tsx; src/app/api/reviews/route.ts,Keep RBAC enforcement under regression coverage and improve where noted.,XS,high,May reduce polish or scalability if left unmonitored.,none,no
CP-11-04,"E-commerce SEO: product pages, category pages, product schema, offers, availability, reviews, breadcrumbs","Does E-commerce SEO: product pages, category pages, product schema, offers, availability, reviews, breadcrumbs meet the launch standard for authenticated data access?","Evidence-backed production readiness for authenticated data access, preserving current visual design unless necessary.",Product/category schema exists; feed/absolute images/seller SEO incomplete.,72,P2,medium,E014;E016;E017;E024,src/backend/seo/structured-data.ts; src/app/(store)/products/[slug]/page.tsx; src/app/(store)/category/[slug]/page.tsx; src/app/api/reviews/route.ts,Keep authenticated data access under regression coverage and improve where noted.,XS,high,May reduce polish or scalability if left unmonitored.,none,no
CP-11-05,"E-commerce SEO: product pages, category pages, product schema, offers, availability, reviews, breadcrumbs","Does E-commerce SEO: product pages, category pages, product schema, offers, availability, reviews, breadcrumbs meet the launch standard for schema support?","Evidence-backed production readiness for schema support, preserving current visual design unless necessary.",Product/category schema exists; feed/absolute images/seller SEO incomplete.,72,P2,medium,E014;E016;E017;E024,src/backend/seo/structured-data.ts; src/app/(store)/products/[slug]/page.tsx; src/app/(store)/category/[slug]/page.tsx; src/app/api/reviews/route.ts,Keep schema support under regression coverage and improve where noted.,XS,high,May reduce polish or scalability if left unmonitored.,none,no
CP-11-06,"E-commerce SEO: product pages, category pages, product schema, offers, availability, reviews, breadcrumbs","Does E-commerce SEO: product pages, category pages, product schema, offers, availability, reviews, breadcrumbs meet the launch standard for validation path?","Evidence-backed production readiness for validation path, preserving current visual design unless necessary.",Product/category schema exists; feed/absolute images/seller SEO incomplete.,72,P2,medium,E014;E016;E017;E024,src/backend/seo/structured-data.ts; src/app/(store)/products/[slug]/page.tsx; src/app/(store)/category/[slug]/page.tsx; src/app/api/reviews/route.ts,Keep validation path under regression coverage and improve where noted.,XS,high,May reduce polish or scalability if left unmonitored.,none,no
CP-11-07,"E-commerce SEO: product pages, category pages, product schema, offers, availability, reviews, breadcrumbs","Does E-commerce SEO: product pages, category pages, product schema, offers, availability, reviews, breadcrumbs meet the launch standard for error handling?","Evidence-backed production readiness for error handling, preserving current visual design unless necessary.",Product/category schema exists; feed/absolute images/seller SEO incomplete.,72,P2,medium,E014;E016;E017;E024,src/backend/seo/structured-data.ts; src/app/(store)/products/[slug]/page.tsx; src/app/(store)/category/[slug]/page.tsx; src/app/api/reviews/route.ts,Keep error handling under regression coverage and improve where noted.,XS,high,May reduce polish or scalability if left unmonitored.,none,no
CP-11-08,"E-commerce SEO: product pages, category pages, product schema, offers, availability, reviews, breadcrumbs","Does E-commerce SEO: product pages, category pages, product schema, offers, availability, reviews, breadcrumbs meet the launch standard for audit logging?","Evidence-backed production readiness for audit logging, preserving current visual design unless necessary.",Product/category schema exists; feed/absolute images/seller SEO incomplete.,72,P2,medium,E014;E016;E017;E024,src/backend/seo/structured-data.ts; src/app/(store)/products/[slug]/page.tsx; src/app/(store)/category/[slug]/page.tsx; src/app/api/reviews/route.ts,Keep audit logging under regression coverage and improve where noted.,XS,high,May reduce polish or scalability if left unmonitored.,none,no
CP-11-09,"E-commerce SEO: product pages, category pages, product schema, offers, availability, reviews, breadcrumbs","Does E-commerce SEO: product pages, category pages, product schema, offers, availability, reviews, breadcrumbs meet the launch standard for environment dependency?","Evidence-backed production readiness for environment dependency, preserving current visual design unless necessary.",Product/category schema exists; feed/absolute images/seller SEO incomplete.,72,P2,medium,E014;E016;E017;E024,src/backend/seo/structured-data.ts; src/app/(store)/products/[slug]/page.tsx; src/app/(store)/category/[slug]/page.tsx; src/app/api/reviews/route.ts,Keep environment dependency under regression coverage and improve where noted.,XS,high,May reduce polish or scalability if left unmonitored.,none,no
CP-11-10,"E-commerce SEO: product pages, category pages, product schema, offers, availability, reviews, breadcrumbs","Does E-commerce SEO: product pages, category pages, product schema, offers, availability, reviews, breadcrumbs meet the launch standard for command verification?","Evidence-backed production readiness for command verification, preserving current visual design unless necessary.",Product/category schema exists; feed/absolute images/seller SEO incomplete.,72,P2,medium,E014;E016;E017;E024,src/backend/seo/structured-data.ts; src/app/(store)/products/[slug]/page.tsx; src/app/(store)/category/[slug]/page.tsx; src/app/api/reviews/route.ts,Keep command verification under regression coverage and improve where noted.,XS,high,May reduce polish or scalability if left unmonitored.,none,no
CP-11-11,"E-commerce SEO: product pages, category pages, product schema, offers, availability, reviews, breadcrumbs","Does E-commerce SEO: product pages, category pages, product schema, offers, availability, reviews, breadcrumbs meet the launch standard for test coverage?","Evidence-backed production readiness for test coverage, preserving current visual design unless necessary.",Product/category schema exists; feed/absolute images/seller SEO incomplete.,72,P2,medium,E014;E016;E017;E024,src/backend/seo/structured-data.ts; src/app/(store)/products/[slug]/page.tsx; src/app/(store)/category/[slug]/page.tsx; src/app/api/reviews/route.ts,Keep test coverage under regression coverage and improve where noted.,XS,high,May reduce polish or scalability if left unmonitored.,none,no
CP-11-12,"E-commerce SEO: product pages, category pages, product schema, offers, availability, reviews, breadcrumbs","Does E-commerce SEO: product pages, category pages, product schema, offers, availability, reviews, breadcrumbs meet the launch standard for data fetching strategy?","Evidence-backed production readiness for data fetching strategy, preserving current visual design unless necessary.",In-memory route limiter exists but is not distributed.,58,P1,medium,E008,src/backend/security/rate-limit.ts,Fix data fetching strategy before launch or before enabling related feature.,S,high,Launch risk remains around data fetching strategy.,none,no
CP-11-13,"E-commerce SEO: product pages, category pages, product schema, offers, availability, reviews, breadcrumbs","Does E-commerce SEO: product pages, category pages, product schema, offers, availability, reviews, breadcrumbs meet the launch standard for image/media handling?","Evidence-backed production readiness for image/media handling, preserving current visual design unless necessary.",Product/category schema exists; feed/absolute images/seller SEO incomplete.,72,P2,medium,E014;E016;E017;E024,src/backend/seo/structured-data.ts; src/app/(store)/products/[slug]/page.tsx; src/app/(store)/category/[slug]/page.tsx; src/app/api/reviews/route.ts,Keep image/media handling under regression coverage and improve where noted.,XS,high,May reduce polish or scalability if left unmonitored.,none,no
CP-11-14,"E-commerce SEO: product pages, category pages, product schema, offers, availability, reviews, breadcrumbs","Does E-commerce SEO: product pages, category pages, product schema, offers, availability, reviews, breadcrumbs meet the launch standard for metadata and canonical handling?","Evidence-backed production readiness for metadata and canonical handling, preserving current visual design unless necessary.",Product/category schema exists; feed/absolute images/seller SEO incomplete.,72,P2,medium,E011;E017;E018,src/backend/seo/metadata.ts; src/app/(store)/category/[slug]/page.tsx; src/app/(store)/search/page.tsx,Keep metadata and canonical handling under regression coverage and improve where noted.,XS,high,May reduce polish or scalability if left unmonitored.,none,no
CP-11-15,"E-commerce SEO: product pages, category pages, product schema, offers, availability, reviews, breadcrumbs","Does E-commerce SEO: product pages, category pages, product schema, offers, availability, reviews, breadcrumbs meet the launch standard for structured data handling?","Evidence-backed production readiness for structured data handling, preserving current visual design unless necessary.",Product/category schema exists; feed/absolute images/seller SEO incomplete.,72,P2,medium,E014;E016;E017,src/backend/seo/structured-data.ts; src/app/(store)/products/[slug]/page.tsx; src/app/(store)/category/[slug]/page.tsx,Keep structured data handling under regression coverage and improve where noted.,XS,high,May reduce polish or scalability if left unmonitored.,none,no
CP-11-16,"E-commerce SEO: product pages, category pages, product schema, offers, availability, reviews, breadcrumbs","Does E-commerce SEO: product pages, category pages, product schema, offers, availability, reviews, breadcrumbs meet the launch standard for sitemap and robots handling?","Evidence-backed production readiness for sitemap and robots handling, preserving current visual design unless necessary.",Product/category schema exists; feed/absolute images/seller SEO incomplete.,72,P2,medium,E014;E016;E017;E024,src/backend/seo/structured-data.ts; src/app/(store)/products/[slug]/page.tsx; src/app/(store)/category/[slug]/page.tsx; src/app/api/reviews/route.ts,Keep sitemap and robots handling under regression coverage and improve where noted.,XS,high,May reduce polish or scalability if left unmonitored.,none,no
CP-11-17,"E-commerce SEO: product pages, category pages, product schema, offers, availability, reviews, breadcrumbs","Does E-commerce SEO: product pages, category pages, product schema, offers, availability, reviews, breadcrumbs meet the launch standard for pagination and facets?","Evidence-backed production readiness for pagination and facets, preserving current visual design unless necessary.",Product/category schema exists; feed/absolute images/seller SEO incomplete.,72,P2,medium,E014;E016;E017;E024,src/backend/seo/structured-data.ts; src/app/(store)/products/[slug]/page.tsx; src/app/(store)/category/[slug]/page.tsx; src/app/api/reviews/route.ts,Keep pagination and facets under regression coverage and improve where noted.,XS,high,May reduce polish or scalability if left unmonitored.,none,no
CP-11-18,"E-commerce SEO: product pages, category pages, product schema, offers, availability, reviews, breadcrumbs","Does E-commerce SEO: product pages, category pages, product schema, offers, availability, reviews, breadcrumbs meet the launch standard for seller ownership?","Evidence-backed production readiness for seller ownership, preserving current visual design unless necessary.","Seller schema exists, but no seller route area was found and product writes are first-party/admin-managed.",45,P1,medium,E031;E026;E003,src/app route scan and README.md; src/backend/admin/product-editor.ts; prisma/schema.prisma,Fix seller ownership before launch or before enabling related feature.,S,high,Launch risk remains around seller ownership.,minor,no
CP-11-19,"E-commerce SEO: product pages, category pages, product schema, offers, availability, reviews, breadcrumbs","Does E-commerce SEO: product pages, category pages, product schema, offers, availability, reviews, breadcrumbs meet the launch standard for admin versus super-admin split?","Evidence-backed production readiness for admin versus super-admin split, preserving current visual design unless necessary.",Product/category schema exists; feed/absolute images/seller SEO incomplete.,72,P2,medium,E014;E016;E017;E024,src/backend/seo/structured-data.ts; src/app/(store)/products/[slug]/page.tsx; src/app/(store)/category/[slug]/page.tsx; src/app/api/reviews/route.ts,Keep admin versus super-admin split under regression coverage and improve where noted.,XS,high,May reduce polish or scalability if left unmonitored.,none,no
CP-11-20,"E-commerce SEO: product pages, category pages, product schema, offers, availability, reviews, breadcrumbs","Does E-commerce SEO: product pages, category pages, product schema, offers, availability, reviews, breadcrumbs meet the launch standard for order payment shipment status?","Evidence-backed production readiness for order payment shipment status, preserving current visual design unless necessary.",Product/category schema exists; feed/absolute images/seller SEO incomplete.,72,P2,medium,E014;E016;E017;E024,src/backend/seo/structured-data.ts; src/app/(store)/products/[slug]/page.tsx; src/app/(store)/category/[slug]/page.tsx; src/app/api/reviews/route.ts,Keep order payment shipment status under regression coverage and improve where noted.,XS,high,May reduce polish or scalability if left unmonitored.,none,no
CP-11-21,"E-commerce SEO: product pages, category pages, product schema, offers, availability, reviews, breadcrumbs","Does E-commerce SEO: product pages, category pages, product schema, offers, availability, reviews, breadcrumbs meet the launch standard for rate limiting?","Evidence-backed production readiness for rate limiting, preserving current visual design unless necessary.",In-memory route limiter exists but is not distributed.,58,P1,medium,E008,src/backend/security/rate-limit.ts,Fix rate limiting before launch or before enabling related feature.,S,high,Launch risk remains around rate limiting.,none,no
CP-11-22,"E-commerce SEO: product pages, category pages, product schema, offers, availability, reviews, breadcrumbs","Does E-commerce SEO: product pages, category pages, product schema, offers, availability, reviews, breadcrumbs meet the launch standard for CSRF and origin control?","Evidence-backed production readiness for CSRF and origin control, preserving current visual design unless necessary.",No explicit CSRF token or Origin/Referer check found in sampled custom mutation APIs.,55,P1,medium,E060,custom mutation CSRF/origin scan,Fix CSRF and origin control before launch or before enabling related feature.,S,high,Launch risk remains around CSRF and origin control.,none,no
CP-11-23,"E-commerce SEO: product pages, category pages, product schema, offers, availability, reviews, breadcrumbs","Does E-commerce SEO: product pages, category pages, product schema, offers, availability, reviews, breadcrumbs meet the launch standard for secret exposure?","Evidence-backed production readiness for secret exposure, preserving current visual design unless necessary.",Product/category schema exists; feed/absolute images/seller SEO incomplete.,72,P2,medium,E014;E016;E017;E024,src/backend/seo/structured-data.ts; src/app/(store)/products/[slug]/page.tsx; src/app/(store)/category/[slug]/page.tsx; src/app/api/reviews/route.ts,Keep secret exposure under regression coverage and improve where noted.,XS,high,May reduce polish or scalability if left unmonitored.,none,no
CP-11-24,"E-commerce SEO: product pages, category pages, product schema, offers, availability, reviews, breadcrumbs","Does E-commerce SEO: product pages, category pages, product schema, offers, availability, reviews, breadcrumbs meet the launch standard for console and logging hygiene?","Evidence-backed production readiness for console and logging hygiene, preserving current visual design unless necessary.",Product/category schema exists; feed/absolute images/seller SEO incomplete.,72,P2,medium,E014;E016;E017;E024,src/backend/seo/structured-data.ts; src/app/(store)/products/[slug]/page.tsx; src/app/(store)/category/[slug]/page.tsx; src/app/api/reviews/route.ts,Keep console and logging hygiene under regression coverage and improve where noted.,XS,high,May reduce polish or scalability if left unmonitored.,none,no
CP-11-25,"E-commerce SEO: product pages, category pages, product schema, offers, availability, reviews, breadcrumbs","Does E-commerce SEO: product pages, category pages, product schema, offers, availability, reviews, breadcrumbs meet the launch standard for type safety?","Evidence-backed production readiness for type safety, preserving current visual design unless necessary.",Product/category schema exists; feed/absolute images/seller SEO incomplete.,72,P2,medium,E014;E016;E017;E024,src/backend/seo/structured-data.ts; src/app/(store)/products/[slug]/page.tsx; src/app/(store)/category/[slug]/page.tsx; src/app/api/reviews/route.ts,Keep type safety under regression coverage and improve where noted.,XS,high,May reduce polish or scalability if left unmonitored.,none,no
CP-11-26,"E-commerce SEO: product pages, category pages, product schema, offers, availability, reviews, breadcrumbs","Does E-commerce SEO: product pages, category pages, product schema, offers, availability, reviews, breadcrumbs meet the launch standard for duplicate or dead code risk?","Evidence-backed production readiness for duplicate or dead code risk, preserving current visual design unless necessary.",Product/category schema exists; feed/absolute images/seller SEO incomplete.,72,P2,medium,E014;E016;E017;E024,src/backend/seo/structured-data.ts; src/app/(store)/products/[slug]/page.tsx; src/app/(store)/category/[slug]/page.tsx; src/app/api/reviews/route.ts,Keep duplicate or dead code risk under regression coverage and improve where noted.,XS,high,May reduce polish or scalability if left unmonitored.,none,no
CP-11-27,"E-commerce SEO: product pages, category pages, product schema, offers, availability, reviews, breadcrumbs","Does E-commerce SEO: product pages, category pages, product schema, offers, availability, reviews, breadcrumbs meet the launch standard for README and implementation alignment?","Evidence-backed production readiness for README and implementation alignment, preserving current visual design unless necessary.",Product/category schema exists; feed/absolute images/seller SEO incomplete.,72,P2,medium,E014;E016;E017;E024,src/backend/seo/structured-data.ts; src/app/(store)/products/[slug]/page.tsx; src/app/(store)/category/[slug]/page.tsx; src/app/api/reviews/route.ts,Keep README and implementation alignment under regression coverage and improve where noted.,XS,high,May reduce polish or scalability if left unmonitored.,none,no
CP-11-28,"E-commerce SEO: product pages, category pages, product schema, offers, availability, reviews, breadcrumbs","Does E-commerce SEO: product pages, category pages, product schema, offers, availability, reviews, breadcrumbs meet the launch standard for accessibility controls?","Evidence-backed production readiness for accessibility controls, preserving current visual design unless necessary.",Product/category schema exists; feed/absolute images/seller SEO incomplete.,72,P2,medium,E014;E016;E017;E024,src/backend/seo/structured-data.ts; src/app/(store)/products/[slug]/page.tsx; src/app/(store)/category/[slug]/page.tsx; src/app/api/reviews/route.ts,Keep accessibility controls under regression coverage and improve where noted.,XS,high,May reduce polish or scalability if left unmonitored.,none,no
CP-11-29,"E-commerce SEO: product pages, category pages, product schema, offers, availability, reviews, breadcrumbs","Does E-commerce SEO: product pages, category pages, product schema, offers, availability, reviews, breadcrumbs meet the launch standard for mobile layout behavior?","Evidence-backed production readiness for mobile layout behavior, preserving current visual design unless necessary.",Product/category schema exists; feed/absolute images/seller SEO incomplete.,72,P2,medium,E014;E016;E017;E024,src/backend/seo/structured-data.ts; src/app/(store)/products/[slug]/page.tsx; src/app/(store)/category/[slug]/page.tsx; src/app/api/reviews/route.ts,Keep mobile layout behavior under regression coverage and improve where noted.,XS,high,May reduce polish or scalability if left unmonitored.,none,no
CP-11-30,"E-commerce SEO: product pages, category pages, product schema, offers, availability, reviews, breadcrumbs","Does E-commerce SEO: product pages, category pages, product schema, offers, availability, reviews, breadcrumbs meet the launch standard for Bangladesh localization?","Evidence-backed production readiness for Bangladesh localization, preserving current visual design unless necessary.",Product/category schema exists; feed/absolute images/seller SEO incomplete.,72,P2,medium,E014;E016;E017;E024,src/backend/seo/structured-data.ts; src/app/(store)/products/[slug]/page.tsx; src/app/(store)/category/[slug]/page.tsx; src/app/api/reviews/route.ts,Keep Bangladesh localization under regression coverage and improve where noted.,XS,high,May reduce polish or scalability if left unmonitored.,none,no
CP-11-31,"E-commerce SEO: product pages, category pages, product schema, offers, availability, reviews, breadcrumbs","Does E-commerce SEO: product pages, category pages, product schema, offers, availability, reviews, breadcrumbs meet the launch standard for Bangla and English readiness?","Evidence-backed production readiness for Bangla and English readiness, preserving current visual design unless necessary.",Product/category schema exists; feed/absolute images/seller SEO incomplete.,72,P2,medium,E014;E016;E017;E024,src/backend/seo/structured-data.ts; src/app/(store)/products/[slug]/page.tsx; src/app/(store)/category/[slug]/page.tsx; src/app/api/reviews/route.ts,Keep Bangla and English readiness under regression coverage and improve where noted.,XS,high,May reduce polish or scalability if left unmonitored.,none,no
CP-11-32,"E-commerce SEO: product pages, category pages, product schema, offers, availability, reviews, breadcrumbs","Does E-commerce SEO: product pages, category pages, product schema, offers, availability, reviews, breadcrumbs meet the launch standard for Merchant Center readiness?","Evidence-backed production readiness for Merchant Center readiness, preserving current visual design unless necessary.",Product/category schema exists; feed/absolute images/seller SEO incomplete.,72,P2,medium,E014;E016;E017;E024,src/backend/seo/structured-data.ts; src/app/(store)/products/[slug]/page.tsx; src/app/(store)/category/[slug]/page.tsx; src/app/api/reviews/route.ts,Keep Merchant Center readiness under regression coverage and improve where noted.,XS,high,May reduce polish or scalability if left unmonitored.,none,no
CP-11-33,"E-commerce SEO: product pages, category pages, product schema, offers, availability, reviews, breadcrumbs","Does E-commerce SEO: product pages, category pages, product schema, offers, availability, reviews, breadcrumbs meet the launch standard for webhook readiness?","Evidence-backed production readiness for webhook readiness, preserving current visual design unless necessary.","Payment env variables exist, but no webhook route was found.",45,P1,medium,E043;E050,webhook route scan; src/app/api/admin/orders/[id]/payment-status/route.ts,Fix webhook readiness before launch or before enabling related feature.,S,high,Launch risk remains around webhook readiness.,none,no
CP-11-34,"E-commerce SEO: product pages, category pages, product schema, offers, availability, reviews, breadcrumbs","Does E-commerce SEO: product pages, category pages, product schema, offers, availability, reviews, breadcrumbs meet the launch standard for shipment tracking readiness?","Evidence-backed production readiness for shipment tracking readiness, preserving current visual design unless necessary.",Product/category schema exists; feed/absolute images/seller SEO incomplete.,72,P2,medium,E014;E016;E017;E024,src/backend/seo/structured-data.ts; src/app/(store)/products/[slug]/page.tsx; src/app/(store)/category/[slug]/page.tsx; src/app/api/reviews/route.ts,Keep shipment tracking readiness under regression coverage and improve where noted.,XS,high,May reduce polish or scalability if left unmonitored.,none,no
CP-11-35,"E-commerce SEO: product pages, category pages, product schema, offers, availability, reviews, breadcrumbs","Does E-commerce SEO: product pages, category pages, product schema, offers, availability, reviews, breadcrumbs meet the launch standard for fraud and moderation readiness?","Evidence-backed production readiness for fraud and moderation readiness, preserving current visual design unless necessary.",Product/category schema exists; feed/absolute images/seller SEO incomplete.,72,P2,medium,E014;E016;E017;E024,src/backend/seo/structured-data.ts; src/app/(store)/products/[slug]/page.tsx; src/app/(store)/category/[slug]/page.tsx; src/app/api/reviews/route.ts,Keep fraud and moderation readiness under regression coverage and improve where noted.,XS,high,May reduce polish or scalability if left unmonitored.,none,no
CP-11-36,"E-commerce SEO: product pages, category pages, product schema, offers, availability, reviews, breadcrumbs","Does E-commerce SEO: product pages, category pages, product schema, offers, availability, reviews, breadcrumbs meet the launch standard for cache and revalidation?","Evidence-backed production readiness for cache and revalidation, preserving current visual design unless necessary.",Product/category schema exists; feed/absolute images/seller SEO incomplete.,72,P2,medium,E014;E016;E017;E024,src/backend/seo/structured-data.ts; src/app/(store)/products/[slug]/page.tsx; src/app/(store)/category/[slug]/page.tsx; src/app/api/reviews/route.ts,Keep cache and revalidation under regression coverage and improve where noted.,XS,high,May reduce polish or scalability if left unmonitored.,none,no
CP-11-37,"E-commerce SEO: product pages, category pages, product schema, offers, availability, reviews, breadcrumbs","Does E-commerce SEO: product pages, category pages, product schema, offers, availability, reviews, breadcrumbs meet the launch standard for N+1 or bulk-fetch risk?","Evidence-backed production readiness for N+1 or bulk-fetch risk, preserving current visual design unless necessary.",Product/category schema exists; feed/absolute images/seller SEO incomplete.,72,P2,medium,E014;E016;E017;E024,src/backend/seo/structured-data.ts; src/app/(store)/products/[slug]/page.tsx; src/app/(store)/category/[slug]/page.tsx; src/app/api/reviews/route.ts,Keep N+1 or bulk-fetch risk under regression coverage and improve where noted.,XS,high,May reduce polish or scalability if left unmonitored.,none,no
CP-11-38,"E-commerce SEO: product pages, category pages, product schema, offers, availability, reviews, breadcrumbs","Does E-commerce SEO: product pages, category pages, product schema, offers, availability, reviews, breadcrumbs meet the launch standard for payment status integrity?","Evidence-backed production readiness for payment status integrity, preserving current visual design unless necessary.",Product/category schema exists; feed/absolute images/seller SEO incomplete.,72,P2,medium,E014;E016;E017;E024,src/backend/seo/structured-data.ts; src/app/(store)/products/[slug]/page.tsx; src/app/(store)/category/[slug]/page.tsx; src/app/api/reviews/route.ts,Keep payment status integrity under regression coverage and improve where noted.,XS,high,May reduce polish or scalability if left unmonitored.,none,no
CP-11-39,"E-commerce SEO: product pages, category pages, product schema, offers, availability, reviews, breadcrumbs","Does E-commerce SEO: product pages, category pages, product schema, offers, availability, reviews, breadcrumbs meet the launch standard for guest and buyer flow?","Evidence-backed production readiness for guest and buyer flow, preserving current visual design unless necessary.",Product/category schema exists; feed/absolute images/seller SEO incomplete.,72,P2,medium,E014;E016;E017;E024,src/backend/seo/structured-data.ts; src/app/(store)/products/[slug]/page.tsx; src/app/(store)/category/[slug]/page.tsx; src/app/api/reviews/route.ts,Keep guest and buyer flow under regression coverage and improve where noted.,XS,high,May reduce polish or scalability if left unmonitored.,none,no
CP-11-40,"E-commerce SEO: product pages, category pages, product schema, offers, availability, reviews, breadcrumbs","Does E-commerce SEO: product pages, category pages, product schema, offers, availability, reviews, breadcrumbs meet the launch standard for account privacy?","Evidence-backed production readiness for account privacy, preserving current visual design unless necessary.","Account order detail is owner-scoped, but public confirmation exposes PII by orderNumber.",35,P0,medium,E022;E023;E010,src/app/(store)/order/[orderNumber]/confirmation/page.tsx; src/app/(store)/account/orders/[id]/page.tsx; .gitignore / git ls-files .env,Fix account privacy before launch or before enabling related feature.,M,critical,Launch risk remains around account privacy.,none,yes
CP-11-41,"E-commerce SEO: product pages, category pages, product schema, offers, availability, reviews, breadcrumbs","Does E-commerce SEO: product pages, category pages, product schema, offers, availability, reviews, breadcrumbs meet the launch standard for product SEO fields?","Evidence-backed production readiness for product SEO fields, preserving current visual design unless necessary.",Product/category schema exists; feed/absolute images/seller SEO incomplete.,72,P2,medium,E014;E016;E017;E024,src/backend/seo/structured-data.ts; src/app/(store)/products/[slug]/page.tsx; src/app/(store)/category/[slug]/page.tsx; src/app/api/reviews/route.ts,Keep product SEO fields under regression coverage and improve where noted.,XS,high,May reduce polish or scalability if left unmonitored.,none,no
CP-11-42,"E-commerce SEO: product pages, category pages, product schema, offers, availability, reviews, breadcrumbs","Does E-commerce SEO: product pages, category pages, product schema, offers, availability, reviews, breadcrumbs meet the launch standard for category taxonomy?","Evidence-backed production readiness for category taxonomy, preserving current visual design unless necessary.",Product/category schema exists; feed/absolute images/seller SEO incomplete.,72,P2,medium,E014;E016;E017;E024,src/backend/seo/structured-data.ts; src/app/(store)/products/[slug]/page.tsx; src/app/(store)/category/[slug]/page.tsx; src/app/api/reviews/route.ts,Keep category taxonomy under regression coverage and improve where noted.,XS,high,May reduce polish or scalability if left unmonitored.,none,no
CP-11-43,"E-commerce SEO: product pages, category pages, product schema, offers, availability, reviews, breadcrumbs","Does E-commerce SEO: product pages, category pages, product schema, offers, availability, reviews, breadcrumbs meet the launch standard for internal linking?","Evidence-backed production readiness for internal linking, preserving current visual design unless necessary.",Product/category schema exists; feed/absolute images/seller SEO incomplete.,72,P2,medium,E014;E016;E017;E024,src/backend/seo/structured-data.ts; src/app/(store)/products/[slug]/page.tsx; src/app/(store)/category/[slug]/page.tsx; src/app/api/reviews/route.ts,Keep internal linking under regression coverage and improve where noted.,XS,high,May reduce polish or scalability if left unmonitored.,none,no
CP-11-44,"E-commerce SEO: product pages, category pages, product schema, offers, availability, reviews, breadcrumbs","Does E-commerce SEO: product pages, category pages, product schema, offers, availability, reviews, breadcrumbs meet the launch standard for reviews and ratings?","Evidence-backed production readiness for reviews and ratings, preserving current visual design unless necessary.",Product/category schema exists; feed/absolute images/seller SEO incomplete.,72,P2,medium,E014;E016;E017;E024,src/backend/seo/structured-data.ts; src/app/(store)/products/[slug]/page.tsx; src/app/(store)/category/[slug]/page.tsx; src/app/api/reviews/route.ts,Keep reviews and ratings under regression coverage and improve where noted.,XS,high,May reduce polish or scalability if left unmonitored.,none,no
CP-11-45,"E-commerce SEO: product pages, category pages, product schema, offers, availability, reviews, breadcrumbs","Does E-commerce SEO: product pages, category pages, product schema, offers, availability, reviews, breadcrumbs meet the launch standard for returns and refunds?","Evidence-backed production readiness for returns and refunds, preserving current visual design unless necessary.",Product/category schema exists; feed/absolute images/seller SEO incomplete.,72,P2,medium,E014;E016;E017;E024,src/backend/seo/structured-data.ts; src/app/(store)/products/[slug]/page.tsx; src/app/(store)/category/[slug]/page.tsx; src/app/api/reviews/route.ts,Keep returns and refunds under regression coverage and improve where noted.,XS,high,May reduce polish or scalability if left unmonitored.,none,no
CP-11-46,"E-commerce SEO: product pages, category pages, product schema, offers, availability, reviews, breadcrumbs","Does E-commerce SEO: product pages, category pages, product schema, offers, availability, reviews, breadcrumbs meet the launch standard for deployment headers?","Evidence-backed production readiness for deployment headers, preserving current visual design unless necessary.",Product/category schema exists; feed/absolute images/seller SEO incomplete.,72,P2,medium,E014;E016;E017;E024,src/backend/seo/structured-data.ts; src/app/(store)/products/[slug]/page.tsx; src/app/(store)/category/[slug]/page.tsx; src/app/api/reviews/route.ts,Keep deployment headers under regression coverage and improve where noted.,XS,high,May reduce polish or scalability if left unmonitored.,none,no
CP-11-47,"E-commerce SEO: product pages, category pages, product schema, offers, availability, reviews, breadcrumbs","Does E-commerce SEO: product pages, category pages, product schema, offers, availability, reviews, breadcrumbs meet the launch standard for dependency deprecation?","Evidence-backed production readiness for dependency deprecation, preserving current visual design unless necessary.",Product/category schema exists; feed/absolute images/seller SEO incomplete.,72,P2,medium,E014;E016;E017;E024,src/backend/seo/structured-data.ts; src/app/(store)/products/[slug]/page.tsx; src/app/(store)/category/[slug]/page.tsx; src/app/api/reviews/route.ts,Keep dependency deprecation under regression coverage and improve where noted.,XS,high,May reduce polish or scalability if left unmonitored.,none,no
CP-11-48,"E-commerce SEO: product pages, category pages, product schema, offers, availability, reviews, breadcrumbs","Does E-commerce SEO: product pages, category pages, product schema, offers, availability, reviews, breadcrumbs meet the launch standard for observability?","Evidence-backed production readiness for observability, preserving current visual design unless necessary.",Product/category schema exists; feed/absolute images/seller SEO incomplete.,72,P2,medium,E014;E016;E017;E024,src/backend/seo/structured-data.ts; src/app/(store)/products/[slug]/page.tsx; src/app/(store)/category/[slug]/page.tsx; src/app/api/reviews/route.ts,Keep observability under regression coverage and improve where noted.,XS,high,May reduce polish or scalability if left unmonitored.,none,no
CP-11-49,"E-commerce SEO: product pages, category pages, product schema, offers, availability, reviews, breadcrumbs","Does E-commerce SEO: product pages, category pages, product schema, offers, availability, reviews, breadcrumbs meet the launch standard for visual preservation?","Evidence-backed production readiness for visual preservation, preserving current visual design unless necessary.",Product/category schema exists; feed/absolute images/seller SEO incomplete.,72,P2,medium,E014;E016;E017;E024,src/backend/seo/structured-data.ts; src/app/(store)/products/[slug]/page.tsx; src/app/(store)/category/[slug]/page.tsx; src/app/api/reviews/route.ts,Keep visual preservation under regression coverage and improve where noted.,XS,high,May reduce polish or scalability if left unmonitored.,none,no
CP-11-50,"E-commerce SEO: product pages, category pages, product schema, offers, availability, reviews, breadcrumbs","Does E-commerce SEO: product pages, category pages, product schema, offers, availability, reviews, breadcrumbs meet the launch standard for launch risk?","Evidence-backed production readiness for launch risk, preserving current visual design unless necessary.",Product/category schema exists; feed/absolute images/seller SEO incomplete.,72,P2,medium,E014;E016;E017;E024,src/backend/seo/structured-data.ts; src/app/(store)/products/[slug]/page.tsx; src/app/(store)/category/[slug]/page.tsx; src/app/api/reviews/route.ts,Keep launch risk under regression coverage and improve where noted.,XS,high,May reduce polish or scalability if left unmonitored.,none,no
CP-12-01,"Content SEO: titles, slugs, descriptions, tags, headings, internal links, Bangladesh search intent","Does Content SEO: titles, slugs, descriptions, tags, headings, internal links, Bangladesh search intent meet the launch standard for route group coverage?","Evidence-backed production readiness for route group coverage, preserving current visual design unless necessary.",Bangladesh intent exists; deeper category/Bangla/seller content incomplete.,72,P2,medium,E011;E017;E018;E031,src/backend/seo/metadata.ts; src/app/(store)/category/[slug]/page.tsx; src/app/(store)/search/page.tsx; src/app route scan and README.md,Keep route group coverage under regression coverage and improve where noted.,XS,high,May reduce polish or scalability if left unmonitored.,none,no
CP-12-02,"Content SEO: titles, slugs, descriptions, tags, headings, internal links, Bangladesh search intent","Does Content SEO: titles, slugs, descriptions, tags, headings, internal links, Bangladesh search intent meet the launch standard for API mutation coverage?","Evidence-backed production readiness for API mutation coverage, preserving current visual design unless necessary.",Bangladesh intent exists; deeper category/Bangla/seller content incomplete.,72,P2,medium,E011;E017;E018;E031,src/backend/seo/metadata.ts; src/app/(store)/category/[slug]/page.tsx; src/app/(store)/search/page.tsx; src/app route scan and README.md,Keep API mutation coverage under regression coverage and improve where noted.,XS,high,May reduce polish or scalability if left unmonitored.,none,no
CP-12-03,"Content SEO: titles, slugs, descriptions, tags, headings, internal links, Bangladesh search intent","Does Content SEO: titles, slugs, descriptions, tags, headings, internal links, Bangladesh search intent meet the launch standard for RBAC enforcement?","Evidence-backed production readiness for RBAC enforcement, preserving current visual design unless necessary.",Bangladesh intent exists; deeper category/Bangla/seller content incomplete.,72,P2,medium,E011;E017;E018;E031,src/backend/seo/metadata.ts; src/app/(store)/category/[slug]/page.tsx; src/app/(store)/search/page.tsx; src/app route scan and README.md,Keep RBAC enforcement under regression coverage and improve where noted.,XS,high,May reduce polish or scalability if left unmonitored.,none,no
CP-12-04,"Content SEO: titles, slugs, descriptions, tags, headings, internal links, Bangladesh search intent","Does Content SEO: titles, slugs, descriptions, tags, headings, internal links, Bangladesh search intent meet the launch standard for authenticated data access?","Evidence-backed production readiness for authenticated data access, preserving current visual design unless necessary.",Bangladesh intent exists; deeper category/Bangla/seller content incomplete.,72,P2,medium,E011;E017;E018;E031,src/backend/seo/metadata.ts; src/app/(store)/category/[slug]/page.tsx; src/app/(store)/search/page.tsx; src/app route scan and README.md,Keep authenticated data access under regression coverage and improve where noted.,XS,high,May reduce polish or scalability if left unmonitored.,none,no
CP-12-05,"Content SEO: titles, slugs, descriptions, tags, headings, internal links, Bangladesh search intent","Does Content SEO: titles, slugs, descriptions, tags, headings, internal links, Bangladesh search intent meet the launch standard for schema support?","Evidence-backed production readiness for schema support, preserving current visual design unless necessary.",Bangladesh intent exists; deeper category/Bangla/seller content incomplete.,72,P2,medium,E011;E017;E018;E031,src/backend/seo/metadata.ts; src/app/(store)/category/[slug]/page.tsx; src/app/(store)/search/page.tsx; src/app route scan and README.md,Keep schema support under regression coverage and improve where noted.,XS,high,May reduce polish or scalability if left unmonitored.,none,no
CP-12-06,"Content SEO: titles, slugs, descriptions, tags, headings, internal links, Bangladesh search intent","Does Content SEO: titles, slugs, descriptions, tags, headings, internal links, Bangladesh search intent meet the launch standard for validation path?","Evidence-backed production readiness for validation path, preserving current visual design unless necessary.",Bangladesh intent exists; deeper category/Bangla/seller content incomplete.,72,P2,medium,E011;E017;E018;E031,src/backend/seo/metadata.ts; src/app/(store)/category/[slug]/page.tsx; src/app/(store)/search/page.tsx; src/app route scan and README.md,Keep validation path under regression coverage and improve where noted.,XS,high,May reduce polish or scalability if left unmonitored.,none,no
CP-12-07,"Content SEO: titles, slugs, descriptions, tags, headings, internal links, Bangladesh search intent","Does Content SEO: titles, slugs, descriptions, tags, headings, internal links, Bangladesh search intent meet the launch standard for error handling?","Evidence-backed production readiness for error handling, preserving current visual design unless necessary.",Bangladesh intent exists; deeper category/Bangla/seller content incomplete.,72,P2,medium,E011;E017;E018;E031,src/backend/seo/metadata.ts; src/app/(store)/category/[slug]/page.tsx; src/app/(store)/search/page.tsx; src/app route scan and README.md,Keep error handling under regression coverage and improve where noted.,XS,high,May reduce polish or scalability if left unmonitored.,none,no
CP-12-08,"Content SEO: titles, slugs, descriptions, tags, headings, internal links, Bangladesh search intent","Does Content SEO: titles, slugs, descriptions, tags, headings, internal links, Bangladesh search intent meet the launch standard for audit logging?","Evidence-backed production readiness for audit logging, preserving current visual design unless necessary.",Bangladesh intent exists; deeper category/Bangla/seller content incomplete.,72,P2,medium,E011;E017;E018;E031,src/backend/seo/metadata.ts; src/app/(store)/category/[slug]/page.tsx; src/app/(store)/search/page.tsx; src/app route scan and README.md,Keep audit logging under regression coverage and improve where noted.,XS,high,May reduce polish or scalability if left unmonitored.,none,no
CP-12-09,"Content SEO: titles, slugs, descriptions, tags, headings, internal links, Bangladesh search intent","Does Content SEO: titles, slugs, descriptions, tags, headings, internal links, Bangladesh search intent meet the launch standard for environment dependency?","Evidence-backed production readiness for environment dependency, preserving current visual design unless necessary.",Bangladesh intent exists; deeper category/Bangla/seller content incomplete.,72,P2,medium,E011;E017;E018;E031,src/backend/seo/metadata.ts; src/app/(store)/category/[slug]/page.tsx; src/app/(store)/search/page.tsx; src/app route scan and README.md,Keep environment dependency under regression coverage and improve where noted.,XS,high,May reduce polish or scalability if left unmonitored.,none,no
CP-12-10,"Content SEO: titles, slugs, descriptions, tags, headings, internal links, Bangladesh search intent","Does Content SEO: titles, slugs, descriptions, tags, headings, internal links, Bangladesh search intent meet the launch standard for command verification?","Evidence-backed production readiness for command verification, preserving current visual design unless necessary.",Bangladesh intent exists; deeper category/Bangla/seller content incomplete.,72,P2,medium,E011;E017;E018;E031,src/backend/seo/metadata.ts; src/app/(store)/category/[slug]/page.tsx; src/app/(store)/search/page.tsx; src/app route scan and README.md,Keep command verification under regression coverage and improve where noted.,XS,high,May reduce polish or scalability if left unmonitored.,none,no
CP-12-11,"Content SEO: titles, slugs, descriptions, tags, headings, internal links, Bangladesh search intent","Does Content SEO: titles, slugs, descriptions, tags, headings, internal links, Bangladesh search intent meet the launch standard for test coverage?","Evidence-backed production readiness for test coverage, preserving current visual design unless necessary.",Bangladesh intent exists; deeper category/Bangla/seller content incomplete.,72,P2,medium,E011;E017;E018;E031,src/backend/seo/metadata.ts; src/app/(store)/category/[slug]/page.tsx; src/app/(store)/search/page.tsx; src/app route scan and README.md,Keep test coverage under regression coverage and improve where noted.,XS,high,May reduce polish or scalability if left unmonitored.,none,no
CP-12-12,"Content SEO: titles, slugs, descriptions, tags, headings, internal links, Bangladesh search intent","Does Content SEO: titles, slugs, descriptions, tags, headings, internal links, Bangladesh search intent meet the launch standard for data fetching strategy?","Evidence-backed production readiness for data fetching strategy, preserving current visual design unless necessary.",In-memory route limiter exists but is not distributed.,58,P1,medium,E008,src/backend/security/rate-limit.ts,Fix data fetching strategy before launch or before enabling related feature.,S,high,Launch risk remains around data fetching strategy.,none,no
CP-12-13,"Content SEO: titles, slugs, descriptions, tags, headings, internal links, Bangladesh search intent","Does Content SEO: titles, slugs, descriptions, tags, headings, internal links, Bangladesh search intent meet the launch standard for image/media handling?","Evidence-backed production readiness for image/media handling, preserving current visual design unless necessary.",Bangladesh intent exists; deeper category/Bangla/seller content incomplete.,72,P2,medium,E011;E017;E018;E031,src/backend/seo/metadata.ts; src/app/(store)/category/[slug]/page.tsx; src/app/(store)/search/page.tsx; src/app route scan and README.md,Keep image/media handling under regression coverage and improve where noted.,XS,high,May reduce polish or scalability if left unmonitored.,none,no
CP-12-14,"Content SEO: titles, slugs, descriptions, tags, headings, internal links, Bangladesh search intent","Does Content SEO: titles, slugs, descriptions, tags, headings, internal links, Bangladesh search intent meet the launch standard for metadata and canonical handling?","Evidence-backed production readiness for metadata and canonical handling, preserving current visual design unless necessary.",Bangladesh intent exists; deeper category/Bangla/seller content incomplete.,72,P2,medium,E011;E017;E018,src/backend/seo/metadata.ts; src/app/(store)/category/[slug]/page.tsx; src/app/(store)/search/page.tsx,Keep metadata and canonical handling under regression coverage and improve where noted.,XS,high,May reduce polish or scalability if left unmonitored.,none,no
CP-12-15,"Content SEO: titles, slugs, descriptions, tags, headings, internal links, Bangladesh search intent","Does Content SEO: titles, slugs, descriptions, tags, headings, internal links, Bangladesh search intent meet the launch standard for structured data handling?","Evidence-backed production readiness for structured data handling, preserving current visual design unless necessary.",Bangladesh intent exists; deeper category/Bangla/seller content incomplete.,72,P2,medium,E014;E016;E017,src/backend/seo/structured-data.ts; src/app/(store)/products/[slug]/page.tsx; src/app/(store)/category/[slug]/page.tsx,Keep structured data handling under regression coverage and improve where noted.,XS,high,May reduce polish or scalability if left unmonitored.,none,no
CP-12-16,"Content SEO: titles, slugs, descriptions, tags, headings, internal links, Bangladesh search intent","Does Content SEO: titles, slugs, descriptions, tags, headings, internal links, Bangladesh search intent meet the launch standard for sitemap and robots handling?","Evidence-backed production readiness for sitemap and robots handling, preserving current visual design unless necessary.",Bangladesh intent exists; deeper category/Bangla/seller content incomplete.,72,P2,medium,E011;E017;E018;E031,src/backend/seo/metadata.ts; src/app/(store)/category/[slug]/page.tsx; src/app/(store)/search/page.tsx; src/app route scan and README.md,Keep sitemap and robots handling under regression coverage and improve where noted.,XS,high,May reduce polish or scalability if left unmonitored.,none,no
CP-12-17,"Content SEO: titles, slugs, descriptions, tags, headings, internal links, Bangladesh search intent","Does Content SEO: titles, slugs, descriptions, tags, headings, internal links, Bangladesh search intent meet the launch standard for pagination and facets?","Evidence-backed production readiness for pagination and facets, preserving current visual design unless necessary.",Bangladesh intent exists; deeper category/Bangla/seller content incomplete.,72,P2,medium,E011;E017;E018;E031,src/backend/seo/metadata.ts; src/app/(store)/category/[slug]/page.tsx; src/app/(store)/search/page.tsx; src/app route scan and README.md,Keep pagination and facets under regression coverage and improve where noted.,XS,high,May reduce polish or scalability if left unmonitored.,none,no
CP-12-18,"Content SEO: titles, slugs, descriptions, tags, headings, internal links, Bangladesh search intent","Does Content SEO: titles, slugs, descriptions, tags, headings, internal links, Bangladesh search intent meet the launch standard for seller ownership?","Evidence-backed production readiness for seller ownership, preserving current visual design unless necessary.","Seller schema exists, but no seller route area was found and product writes are first-party/admin-managed.",45,P1,medium,E031;E026;E003,src/app route scan and README.md; src/backend/admin/product-editor.ts; prisma/schema.prisma,Fix seller ownership before launch or before enabling related feature.,S,high,Launch risk remains around seller ownership.,minor,no
CP-12-19,"Content SEO: titles, slugs, descriptions, tags, headings, internal links, Bangladesh search intent","Does Content SEO: titles, slugs, descriptions, tags, headings, internal links, Bangladesh search intent meet the launch standard for admin versus super-admin split?","Evidence-backed production readiness for admin versus super-admin split, preserving current visual design unless necessary.",Bangladesh intent exists; deeper category/Bangla/seller content incomplete.,72,P2,medium,E011;E017;E018;E031,src/backend/seo/metadata.ts; src/app/(store)/category/[slug]/page.tsx; src/app/(store)/search/page.tsx; src/app route scan and README.md,Keep admin versus super-admin split under regression coverage and improve where noted.,XS,high,May reduce polish or scalability if left unmonitored.,none,no
CP-12-20,"Content SEO: titles, slugs, descriptions, tags, headings, internal links, Bangladesh search intent","Does Content SEO: titles, slugs, descriptions, tags, headings, internal links, Bangladesh search intent meet the launch standard for order payment shipment status?","Evidence-backed production readiness for order payment shipment status, preserving current visual design unless necessary.",Bangladesh intent exists; deeper category/Bangla/seller content incomplete.,72,P2,medium,E011;E017;E018;E031,src/backend/seo/metadata.ts; src/app/(store)/category/[slug]/page.tsx; src/app/(store)/search/page.tsx; src/app route scan and README.md,Keep order payment shipment status under regression coverage and improve where noted.,XS,high,May reduce polish or scalability if left unmonitored.,none,no
CP-12-21,"Content SEO: titles, slugs, descriptions, tags, headings, internal links, Bangladesh search intent","Does Content SEO: titles, slugs, descriptions, tags, headings, internal links, Bangladesh search intent meet the launch standard for rate limiting?","Evidence-backed production readiness for rate limiting, preserving current visual design unless necessary.",In-memory route limiter exists but is not distributed.,58,P1,medium,E008,src/backend/security/rate-limit.ts,Fix rate limiting before launch or before enabling related feature.,S,high,Launch risk remains around rate limiting.,none,no
CP-12-22,"Content SEO: titles, slugs, descriptions, tags, headings, internal links, Bangladesh search intent","Does Content SEO: titles, slugs, descriptions, tags, headings, internal links, Bangladesh search intent meet the launch standard for CSRF and origin control?","Evidence-backed production readiness for CSRF and origin control, preserving current visual design unless necessary.",No explicit CSRF token or Origin/Referer check found in sampled custom mutation APIs.,55,P1,medium,E060,custom mutation CSRF/origin scan,Fix CSRF and origin control before launch or before enabling related feature.,S,high,Launch risk remains around CSRF and origin control.,none,no
CP-12-23,"Content SEO: titles, slugs, descriptions, tags, headings, internal links, Bangladesh search intent","Does Content SEO: titles, slugs, descriptions, tags, headings, internal links, Bangladesh search intent meet the launch standard for secret exposure?","Evidence-backed production readiness for secret exposure, preserving current visual design unless necessary.",Bangladesh intent exists; deeper category/Bangla/seller content incomplete.,72,P2,medium,E011;E017;E018;E031,src/backend/seo/metadata.ts; src/app/(store)/category/[slug]/page.tsx; src/app/(store)/search/page.tsx; src/app route scan and README.md,Keep secret exposure under regression coverage and improve where noted.,XS,high,May reduce polish or scalability if left unmonitored.,none,no
CP-12-24,"Content SEO: titles, slugs, descriptions, tags, headings, internal links, Bangladesh search intent","Does Content SEO: titles, slugs, descriptions, tags, headings, internal links, Bangladesh search intent meet the launch standard for console and logging hygiene?","Evidence-backed production readiness for console and logging hygiene, preserving current visual design unless necessary.",Bangladesh intent exists; deeper category/Bangla/seller content incomplete.,72,P2,medium,E011;E017;E018;E031,src/backend/seo/metadata.ts; src/app/(store)/category/[slug]/page.tsx; src/app/(store)/search/page.tsx; src/app route scan and README.md,Keep console and logging hygiene under regression coverage and improve where noted.,XS,high,May reduce polish or scalability if left unmonitored.,none,no
CP-12-25,"Content SEO: titles, slugs, descriptions, tags, headings, internal links, Bangladesh search intent","Does Content SEO: titles, slugs, descriptions, tags, headings, internal links, Bangladesh search intent meet the launch standard for type safety?","Evidence-backed production readiness for type safety, preserving current visual design unless necessary.",Bangladesh intent exists; deeper category/Bangla/seller content incomplete.,72,P2,medium,E011;E017;E018;E031,src/backend/seo/metadata.ts; src/app/(store)/category/[slug]/page.tsx; src/app/(store)/search/page.tsx; src/app route scan and README.md,Keep type safety under regression coverage and improve where noted.,XS,high,May reduce polish or scalability if left unmonitored.,none,no
CP-12-26,"Content SEO: titles, slugs, descriptions, tags, headings, internal links, Bangladesh search intent","Does Content SEO: titles, slugs, descriptions, tags, headings, internal links, Bangladesh search intent meet the launch standard for duplicate or dead code risk?","Evidence-backed production readiness for duplicate or dead code risk, preserving current visual design unless necessary.",Bangladesh intent exists; deeper category/Bangla/seller content incomplete.,72,P2,medium,E011;E017;E018;E031,src/backend/seo/metadata.ts; src/app/(store)/category/[slug]/page.tsx; src/app/(store)/search/page.tsx; src/app route scan and README.md,Keep duplicate or dead code risk under regression coverage and improve where noted.,XS,high,May reduce polish or scalability if left unmonitored.,none,no
CP-12-27,"Content SEO: titles, slugs, descriptions, tags, headings, internal links, Bangladesh search intent","Does Content SEO: titles, slugs, descriptions, tags, headings, internal links, Bangladesh search intent meet the launch standard for README and implementation alignment?","Evidence-backed production readiness for README and implementation alignment, preserving current visual design unless necessary.",Bangladesh intent exists; deeper category/Bangla/seller content incomplete.,72,P2,medium,E011;E017;E018;E031,src/backend/seo/metadata.ts; src/app/(store)/category/[slug]/page.tsx; src/app/(store)/search/page.tsx; src/app route scan and README.md,Keep README and implementation alignment under regression coverage and improve where noted.,XS,high,May reduce polish or scalability if left unmonitored.,none,no
CP-12-28,"Content SEO: titles, slugs, descriptions, tags, headings, internal links, Bangladesh search intent","Does Content SEO: titles, slugs, descriptions, tags, headings, internal links, Bangladesh search intent meet the launch standard for accessibility controls?","Evidence-backed production readiness for accessibility controls, preserving current visual design unless necessary.",Bangladesh intent exists; deeper category/Bangla/seller content incomplete.,72,P2,medium,E011;E017;E018;E031,src/backend/seo/metadata.ts; src/app/(store)/category/[slug]/page.tsx; src/app/(store)/search/page.tsx; src/app route scan and README.md,Keep accessibility controls under regression coverage and improve where noted.,XS,high,May reduce polish or scalability if left unmonitored.,none,no
CP-12-29,"Content SEO: titles, slugs, descriptions, tags, headings, internal links, Bangladesh search intent","Does Content SEO: titles, slugs, descriptions, tags, headings, internal links, Bangladesh search intent meet the launch standard for mobile layout behavior?","Evidence-backed production readiness for mobile layout behavior, preserving current visual design unless necessary.",Bangladesh intent exists; deeper category/Bangla/seller content incomplete.,72,P2,medium,E011;E017;E018;E031,src/backend/seo/metadata.ts; src/app/(store)/category/[slug]/page.tsx; src/app/(store)/search/page.tsx; src/app route scan and README.md,Keep mobile layout behavior under regression coverage and improve where noted.,XS,high,May reduce polish or scalability if left unmonitored.,none,no
CP-12-30,"Content SEO: titles, slugs, descriptions, tags, headings, internal links, Bangladesh search intent","Does Content SEO: titles, slugs, descriptions, tags, headings, internal links, Bangladesh search intent meet the launch standard for Bangladesh localization?","Evidence-backed production readiness for Bangladesh localization, preserving current visual design unless necessary.",Bangladesh intent exists; deeper category/Bangla/seller content incomplete.,72,P2,medium,E011;E017;E018;E031,src/backend/seo/metadata.ts; src/app/(store)/category/[slug]/page.tsx; src/app/(store)/search/page.tsx; src/app route scan and README.md,Keep Bangladesh localization under regression coverage and improve where noted.,XS,high,May reduce polish or scalability if left unmonitored.,none,no
CP-12-31,"Content SEO: titles, slugs, descriptions, tags, headings, internal links, Bangladesh search intent","Does Content SEO: titles, slugs, descriptions, tags, headings, internal links, Bangladesh search intent meet the launch standard for Bangla and English readiness?","Evidence-backed production readiness for Bangla and English readiness, preserving current visual design unless necessary.",Bangladesh intent exists; deeper category/Bangla/seller content incomplete.,72,P2,medium,E011;E017;E018;E031,src/backend/seo/metadata.ts; src/app/(store)/category/[slug]/page.tsx; src/app/(store)/search/page.tsx; src/app route scan and README.md,Keep Bangla and English readiness under regression coverage and improve where noted.,XS,high,May reduce polish or scalability if left unmonitored.,none,no
CP-12-32,"Content SEO: titles, slugs, descriptions, tags, headings, internal links, Bangladesh search intent","Does Content SEO: titles, slugs, descriptions, tags, headings, internal links, Bangladesh search intent meet the launch standard for Merchant Center readiness?","Evidence-backed production readiness for Merchant Center readiness, preserving current visual design unless necessary.",Bangladesh intent exists; deeper category/Bangla/seller content incomplete.,72,P2,medium,E011;E017;E018;E031,src/backend/seo/metadata.ts; src/app/(store)/category/[slug]/page.tsx; src/app/(store)/search/page.tsx; src/app route scan and README.md,Keep Merchant Center readiness under regression coverage and improve where noted.,XS,high,May reduce polish or scalability if left unmonitored.,none,no
CP-12-33,"Content SEO: titles, slugs, descriptions, tags, headings, internal links, Bangladesh search intent","Does Content SEO: titles, slugs, descriptions, tags, headings, internal links, Bangladesh search intent meet the launch standard for webhook readiness?","Evidence-backed production readiness for webhook readiness, preserving current visual design unless necessary.","Payment env variables exist, but no webhook route was found.",45,P1,medium,E043;E050,webhook route scan; src/app/api/admin/orders/[id]/payment-status/route.ts,Fix webhook readiness before launch or before enabling related feature.,S,high,Launch risk remains around webhook readiness.,none,no
CP-12-34,"Content SEO: titles, slugs, descriptions, tags, headings, internal links, Bangladesh search intent","Does Content SEO: titles, slugs, descriptions, tags, headings, internal links, Bangladesh search intent meet the launch standard for shipment tracking readiness?","Evidence-backed production readiness for shipment tracking readiness, preserving current visual design unless necessary.",Bangladesh intent exists; deeper category/Bangla/seller content incomplete.,72,P2,medium,E011;E017;E018;E031,src/backend/seo/metadata.ts; src/app/(store)/category/[slug]/page.tsx; src/app/(store)/search/page.tsx; src/app route scan and README.md,Keep shipment tracking readiness under regression coverage and improve where noted.,XS,high,May reduce polish or scalability if left unmonitored.,none,no
CP-12-35,"Content SEO: titles, slugs, descriptions, tags, headings, internal links, Bangladesh search intent","Does Content SEO: titles, slugs, descriptions, tags, headings, internal links, Bangladesh search intent meet the launch standard for fraud and moderation readiness?","Evidence-backed production readiness for fraud and moderation readiness, preserving current visual design unless necessary.",Bangladesh intent exists; deeper category/Bangla/seller content incomplete.,72,P2,medium,E011;E017;E018;E031,src/backend/seo/metadata.ts; src/app/(store)/category/[slug]/page.tsx; src/app/(store)/search/page.tsx; src/app route scan and README.md,Keep fraud and moderation readiness under regression coverage and improve where noted.,XS,high,May reduce polish or scalability if left unmonitored.,none,no
CP-12-36,"Content SEO: titles, slugs, descriptions, tags, headings, internal links, Bangladesh search intent","Does Content SEO: titles, slugs, descriptions, tags, headings, internal links, Bangladesh search intent meet the launch standard for cache and revalidation?","Evidence-backed production readiness for cache and revalidation, preserving current visual design unless necessary.",Bangladesh intent exists; deeper category/Bangla/seller content incomplete.,72,P2,medium,E011;E017;E018;E031,src/backend/seo/metadata.ts; src/app/(store)/category/[slug]/page.tsx; src/app/(store)/search/page.tsx; src/app route scan and README.md,Keep cache and revalidation under regression coverage and improve where noted.,XS,high,May reduce polish or scalability if left unmonitored.,none,no
CP-12-37,"Content SEO: titles, slugs, descriptions, tags, headings, internal links, Bangladesh search intent","Does Content SEO: titles, slugs, descriptions, tags, headings, internal links, Bangladesh search intent meet the launch standard for N+1 or bulk-fetch risk?","Evidence-backed production readiness for N+1 or bulk-fetch risk, preserving current visual design unless necessary.",Bangladesh intent exists; deeper category/Bangla/seller content incomplete.,72,P2,medium,E011;E017;E018;E031,src/backend/seo/metadata.ts; src/app/(store)/category/[slug]/page.tsx; src/app/(store)/search/page.tsx; src/app route scan and README.md,Keep N+1 or bulk-fetch risk under regression coverage and improve where noted.,XS,high,May reduce polish or scalability if left unmonitored.,none,no
CP-12-38,"Content SEO: titles, slugs, descriptions, tags, headings, internal links, Bangladesh search intent","Does Content SEO: titles, slugs, descriptions, tags, headings, internal links, Bangladesh search intent meet the launch standard for payment status integrity?","Evidence-backed production readiness for payment status integrity, preserving current visual design unless necessary.",Bangladesh intent exists; deeper category/Bangla/seller content incomplete.,72,P2,medium,E011;E017;E018;E031,src/backend/seo/metadata.ts; src/app/(store)/category/[slug]/page.tsx; src/app/(store)/search/page.tsx; src/app route scan and README.md,Keep payment status integrity under regression coverage and improve where noted.,XS,high,May reduce polish or scalability if left unmonitored.,none,no
CP-12-39,"Content SEO: titles, slugs, descriptions, tags, headings, internal links, Bangladesh search intent","Does Content SEO: titles, slugs, descriptions, tags, headings, internal links, Bangladesh search intent meet the launch standard for guest and buyer flow?","Evidence-backed production readiness for guest and buyer flow, preserving current visual design unless necessary.",Bangladesh intent exists; deeper category/Bangla/seller content incomplete.,72,P2,medium,E011;E017;E018;E031,src/backend/seo/metadata.ts; src/app/(store)/category/[slug]/page.tsx; src/app/(store)/search/page.tsx; src/app route scan and README.md,Keep guest and buyer flow under regression coverage and improve where noted.,XS,high,May reduce polish or scalability if left unmonitored.,none,no
CP-12-40,"Content SEO: titles, slugs, descriptions, tags, headings, internal links, Bangladesh search intent","Does Content SEO: titles, slugs, descriptions, tags, headings, internal links, Bangladesh search intent meet the launch standard for account privacy?","Evidence-backed production readiness for account privacy, preserving current visual design unless necessary.","Account order detail is owner-scoped, but public confirmation exposes PII by orderNumber.",35,P0,medium,E022;E023;E010,src/app/(store)/order/[orderNumber]/confirmation/page.tsx; src/app/(store)/account/orders/[id]/page.tsx; .gitignore / git ls-files .env,Fix account privacy before launch or before enabling related feature.,M,critical,Launch risk remains around account privacy.,none,yes
CP-12-41,"Content SEO: titles, slugs, descriptions, tags, headings, internal links, Bangladesh search intent","Does Content SEO: titles, slugs, descriptions, tags, headings, internal links, Bangladesh search intent meet the launch standard for product SEO fields?","Evidence-backed production readiness for product SEO fields, preserving current visual design unless necessary.",Bangladesh intent exists; deeper category/Bangla/seller content incomplete.,72,P2,medium,E011;E017;E018;E031,src/backend/seo/metadata.ts; src/app/(store)/category/[slug]/page.tsx; src/app/(store)/search/page.tsx; src/app route scan and README.md,Keep product SEO fields under regression coverage and improve where noted.,XS,high,May reduce polish or scalability if left unmonitored.,none,no
CP-12-42,"Content SEO: titles, slugs, descriptions, tags, headings, internal links, Bangladesh search intent","Does Content SEO: titles, slugs, descriptions, tags, headings, internal links, Bangladesh search intent meet the launch standard for category taxonomy?","Evidence-backed production readiness for category taxonomy, preserving current visual design unless necessary.",Bangladesh intent exists; deeper category/Bangla/seller content incomplete.,72,P2,medium,E011;E017;E018;E031,src/backend/seo/metadata.ts; src/app/(store)/category/[slug]/page.tsx; src/app/(store)/search/page.tsx; src/app route scan and README.md,Keep category taxonomy under regression coverage and improve where noted.,XS,high,May reduce polish or scalability if left unmonitored.,none,no
CP-12-43,"Content SEO: titles, slugs, descriptions, tags, headings, internal links, Bangladesh search intent","Does Content SEO: titles, slugs, descriptions, tags, headings, internal links, Bangladesh search intent meet the launch standard for internal linking?","Evidence-backed production readiness for internal linking, preserving current visual design unless necessary.",Bangladesh intent exists; deeper category/Bangla/seller content incomplete.,72,P2,medium,E011;E017;E018;E031,src/backend/seo/metadata.ts; src/app/(store)/category/[slug]/page.tsx; src/app/(store)/search/page.tsx; src/app route scan and README.md,Keep internal linking under regression coverage and improve where noted.,XS,high,May reduce polish or scalability if left unmonitored.,none,no
CP-12-44,"Content SEO: titles, slugs, descriptions, tags, headings, internal links, Bangladesh search intent","Does Content SEO: titles, slugs, descriptions, tags, headings, internal links, Bangladesh search intent meet the launch standard for reviews and ratings?","Evidence-backed production readiness for reviews and ratings, preserving current visual design unless necessary.",Bangladesh intent exists; deeper category/Bangla/seller content incomplete.,72,P2,medium,E011;E017;E018;E031,src/backend/seo/metadata.ts; src/app/(store)/category/[slug]/page.tsx; src/app/(store)/search/page.tsx; src/app route scan and README.md,Keep reviews and ratings under regression coverage and improve where noted.,XS,high,May reduce polish or scalability if left unmonitored.,none,no
CP-12-45,"Content SEO: titles, slugs, descriptions, tags, headings, internal links, Bangladesh search intent","Does Content SEO: titles, slugs, descriptions, tags, headings, internal links, Bangladesh search intent meet the launch standard for returns and refunds?","Evidence-backed production readiness for returns and refunds, preserving current visual design unless necessary.",Bangladesh intent exists; deeper category/Bangla/seller content incomplete.,72,P2,medium,E011;E017;E018;E031,src/backend/seo/metadata.ts; src/app/(store)/category/[slug]/page.tsx; src/app/(store)/search/page.tsx; src/app route scan and README.md,Keep returns and refunds under regression coverage and improve where noted.,XS,high,May reduce polish or scalability if left unmonitored.,none,no
CP-12-46,"Content SEO: titles, slugs, descriptions, tags, headings, internal links, Bangladesh search intent","Does Content SEO: titles, slugs, descriptions, tags, headings, internal links, Bangladesh search intent meet the launch standard for deployment headers?","Evidence-backed production readiness for deployment headers, preserving current visual design unless necessary.",Bangladesh intent exists; deeper category/Bangla/seller content incomplete.,72,P2,medium,E011;E017;E018;E031,src/backend/seo/metadata.ts; src/app/(store)/category/[slug]/page.tsx; src/app/(store)/search/page.tsx; src/app route scan and README.md,Keep deployment headers under regression coverage and improve where noted.,XS,high,May reduce polish or scalability if left unmonitored.,none,no
CP-12-47,"Content SEO: titles, slugs, descriptions, tags, headings, internal links, Bangladesh search intent","Does Content SEO: titles, slugs, descriptions, tags, headings, internal links, Bangladesh search intent meet the launch standard for dependency deprecation?","Evidence-backed production readiness for dependency deprecation, preserving current visual design unless necessary.",Bangladesh intent exists; deeper category/Bangla/seller content incomplete.,72,P2,medium,E011;E017;E018;E031,src/backend/seo/metadata.ts; src/app/(store)/category/[slug]/page.tsx; src/app/(store)/search/page.tsx; src/app route scan and README.md,Keep dependency deprecation under regression coverage and improve where noted.,XS,high,May reduce polish or scalability if left unmonitored.,none,no
CP-12-48,"Content SEO: titles, slugs, descriptions, tags, headings, internal links, Bangladesh search intent","Does Content SEO: titles, slugs, descriptions, tags, headings, internal links, Bangladesh search intent meet the launch standard for observability?","Evidence-backed production readiness for observability, preserving current visual design unless necessary.",Bangladesh intent exists; deeper category/Bangla/seller content incomplete.,72,P2,medium,E011;E017;E018;E031,src/backend/seo/metadata.ts; src/app/(store)/category/[slug]/page.tsx; src/app/(store)/search/page.tsx; src/app route scan and README.md,Keep observability under regression coverage and improve where noted.,XS,high,May reduce polish or scalability if left unmonitored.,none,no
CP-12-49,"Content SEO: titles, slugs, descriptions, tags, headings, internal links, Bangladesh search intent","Does Content SEO: titles, slugs, descriptions, tags, headings, internal links, Bangladesh search intent meet the launch standard for visual preservation?","Evidence-backed production readiness for visual preservation, preserving current visual design unless necessary.",Bangladesh intent exists; deeper category/Bangla/seller content incomplete.,72,P2,medium,E011;E017;E018;E031,src/backend/seo/metadata.ts; src/app/(store)/category/[slug]/page.tsx; src/app/(store)/search/page.tsx; src/app route scan and README.md,Keep visual preservation under regression coverage and improve where noted.,XS,high,May reduce polish or scalability if left unmonitored.,none,no
CP-12-50,"Content SEO: titles, slugs, descriptions, tags, headings, internal links, Bangladesh search intent","Does Content SEO: titles, slugs, descriptions, tags, headings, internal links, Bangladesh search intent meet the launch standard for launch risk?","Evidence-backed production readiness for launch risk, preserving current visual design unless necessary.",Bangladesh intent exists; deeper category/Bangla/seller content incomplete.,72,P2,medium,E011;E017;E018;E031,src/backend/seo/metadata.ts; src/app/(store)/category/[slug]/page.tsx; src/app/(store)/search/page.tsx; src/app route scan and README.md,Keep launch risk under regression coverage and improve where noted.,XS,high,May reduce polish or scalability if left unmonitored.,none,no
CP-13-01,"Authentication, session handling, cookies, OAuth/Google auth, account security","Does Authentication, session handling, cookies, OAuth/Google auth, account security meet the launch standard for route group coverage?","Evidence-backed production readiness for route group coverage, preserving current visual design unless necessary.",NextAuth wired; runtime cookie flags/OAuth not verified.,66,P2,medium,E004;E005;E060,src/backend/auth/index.ts; src/middleware.ts; custom mutation CSRF/origin scan,Keep route group coverage under regression coverage and improve where noted.,XS,critical,May reduce polish or scalability if left unmonitored.,none,no
CP-13-02,"Authentication, session handling, cookies, OAuth/Google auth, account security","Does Authentication, session handling, cookies, OAuth/Google auth, account security meet the launch standard for API mutation coverage?","Evidence-backed production readiness for API mutation coverage, preserving current visual design unless necessary.",NextAuth wired; runtime cookie flags/OAuth not verified.,66,P2,medium,E004;E005;E060,src/backend/auth/index.ts; src/middleware.ts; custom mutation CSRF/origin scan,Keep API mutation coverage under regression coverage and improve where noted.,XS,critical,May reduce polish or scalability if left unmonitored.,none,no
CP-13-03,"Authentication, session handling, cookies, OAuth/Google auth, account security","Does Authentication, session handling, cookies, OAuth/Google auth, account security meet the launch standard for RBAC enforcement?","Evidence-backed production readiness for RBAC enforcement, preserving current visual design unless necessary.",NextAuth wired; runtime cookie flags/OAuth not verified.,66,P2,medium,E004;E005;E060,src/backend/auth/index.ts; src/middleware.ts; custom mutation CSRF/origin scan,Keep RBAC enforcement under regression coverage and improve where noted.,XS,critical,May reduce polish or scalability if left unmonitored.,none,no
CP-13-04,"Authentication, session handling, cookies, OAuth/Google auth, account security","Does Authentication, session handling, cookies, OAuth/Google auth, account security meet the launch standard for authenticated data access?","Evidence-backed production readiness for authenticated data access, preserving current visual design unless necessary.",NextAuth wired; runtime cookie flags/OAuth not verified.,66,P2,medium,E004;E005;E060,src/backend/auth/index.ts; src/middleware.ts; custom mutation CSRF/origin scan,Keep authenticated data access under regression coverage and improve where noted.,XS,critical,May reduce polish or scalability if left unmonitored.,none,no
CP-13-05,"Authentication, session handling, cookies, OAuth/Google auth, account security","Does Authentication, session handling, cookies, OAuth/Google auth, account security meet the launch standard for schema support?","Evidence-backed production readiness for schema support, preserving current visual design unless necessary.",NextAuth wired; runtime cookie flags/OAuth not verified.,66,P2,medium,E004;E005;E060,src/backend/auth/index.ts; src/middleware.ts; custom mutation CSRF/origin scan,Keep schema support under regression coverage and improve where noted.,XS,critical,May reduce polish or scalability if left unmonitored.,none,no
CP-13-06,"Authentication, session handling, cookies, OAuth/Google auth, account security","Does Authentication, session handling, cookies, OAuth/Google auth, account security meet the launch standard for validation path?","Evidence-backed production readiness for validation path, preserving current visual design unless necessary.",NextAuth wired; runtime cookie flags/OAuth not verified.,66,P2,medium,E004;E005;E060,src/backend/auth/index.ts; src/middleware.ts; custom mutation CSRF/origin scan,Keep validation path under regression coverage and improve where noted.,XS,critical,May reduce polish or scalability if left unmonitored.,none,no
CP-13-07,"Authentication, session handling, cookies, OAuth/Google auth, account security","Does Authentication, session handling, cookies, OAuth/Google auth, account security meet the launch standard for error handling?","Evidence-backed production readiness for error handling, preserving current visual design unless necessary.",NextAuth wired; runtime cookie flags/OAuth not verified.,66,P2,medium,E004;E005;E060,src/backend/auth/index.ts; src/middleware.ts; custom mutation CSRF/origin scan,Keep error handling under regression coverage and improve where noted.,XS,critical,May reduce polish or scalability if left unmonitored.,none,no
CP-13-08,"Authentication, session handling, cookies, OAuth/Google auth, account security","Does Authentication, session handling, cookies, OAuth/Google auth, account security meet the launch standard for audit logging?","Evidence-backed production readiness for audit logging, preserving current visual design unless necessary.",NextAuth wired; runtime cookie flags/OAuth not verified.,66,P2,medium,E004;E005;E060,src/backend/auth/index.ts; src/middleware.ts; custom mutation CSRF/origin scan,Keep audit logging under regression coverage and improve where noted.,XS,critical,May reduce polish or scalability if left unmonitored.,none,no
CP-13-09,"Authentication, session handling, cookies, OAuth/Google auth, account security","Does Authentication, session handling, cookies, OAuth/Google auth, account security meet the launch standard for environment dependency?","Evidence-backed production readiness for environment dependency, preserving current visual design unless necessary.",NextAuth wired; runtime cookie flags/OAuth not verified.,66,P2,medium,E004;E005;E060,src/backend/auth/index.ts; src/middleware.ts; custom mutation CSRF/origin scan,Keep environment dependency under regression coverage and improve where noted.,XS,critical,May reduce polish or scalability if left unmonitored.,none,no
CP-13-10,"Authentication, session handling, cookies, OAuth/Google auth, account security","Does Authentication, session handling, cookies, OAuth/Google auth, account security meet the launch standard for command verification?","Evidence-backed production readiness for command verification, preserving current visual design unless necessary.",NextAuth wired; runtime cookie flags/OAuth not verified.,66,P2,medium,E004;E005;E060,src/backend/auth/index.ts; src/middleware.ts; custom mutation CSRF/origin scan,Keep command verification under regression coverage and improve where noted.,XS,critical,May reduce polish or scalability if left unmonitored.,none,no
CP-13-11,"Authentication, session handling, cookies, OAuth/Google auth, account security","Does Authentication, session handling, cookies, OAuth/Google auth, account security meet the launch standard for test coverage?","Evidence-backed production readiness for test coverage, preserving current visual design unless necessary.",NextAuth wired; runtime cookie flags/OAuth not verified.,66,P2,medium,E004;E005;E060,src/backend/auth/index.ts; src/middleware.ts; custom mutation CSRF/origin scan,Keep test coverage under regression coverage and improve where noted.,XS,critical,May reduce polish or scalability if left unmonitored.,none,no
CP-13-12,"Authentication, session handling, cookies, OAuth/Google auth, account security","Does Authentication, session handling, cookies, OAuth/Google auth, account security meet the launch standard for data fetching strategy?","Evidence-backed production readiness for data fetching strategy, preserving current visual design unless necessary.",In-memory route limiter exists but is not distributed.,58,P1,medium,E008,src/backend/security/rate-limit.ts,Fix data fetching strategy before launch or before enabling related feature.,S,critical,Launch risk remains around data fetching strategy.,none,no
CP-13-13,"Authentication, session handling, cookies, OAuth/Google auth, account security","Does Authentication, session handling, cookies, OAuth/Google auth, account security meet the launch standard for image/media handling?","Evidence-backed production readiness for image/media handling, preserving current visual design unless necessary.",NextAuth wired; runtime cookie flags/OAuth not verified.,66,P2,medium,E004;E005;E060,src/backend/auth/index.ts; src/middleware.ts; custom mutation CSRF/origin scan,Keep image/media handling under regression coverage and improve where noted.,XS,critical,May reduce polish or scalability if left unmonitored.,none,no
CP-13-14,"Authentication, session handling, cookies, OAuth/Google auth, account security","Does Authentication, session handling, cookies, OAuth/Google auth, account security meet the launch standard for metadata and canonical handling?","Evidence-backed production readiness for metadata and canonical handling, preserving current visual design unless necessary.",NextAuth wired; runtime cookie flags/OAuth not verified.,66,P2,medium,E011;E017;E018,src/backend/seo/metadata.ts; src/app/(store)/category/[slug]/page.tsx; src/app/(store)/search/page.tsx,Keep metadata and canonical handling under regression coverage and improve where noted.,XS,critical,May reduce polish or scalability if left unmonitored.,none,no
CP-13-15,"Authentication, session handling, cookies, OAuth/Google auth, account security","Does Authentication, session handling, cookies, OAuth/Google auth, account security meet the launch standard for structured data handling?","Evidence-backed production readiness for structured data handling, preserving current visual design unless necessary.",NextAuth wired; runtime cookie flags/OAuth not verified.,66,P2,medium,E014;E016;E017,src/backend/seo/structured-data.ts; src/app/(store)/products/[slug]/page.tsx; src/app/(store)/category/[slug]/page.tsx,Keep structured data handling under regression coverage and improve where noted.,XS,critical,May reduce polish or scalability if left unmonitored.,none,no
CP-13-16,"Authentication, session handling, cookies, OAuth/Google auth, account security","Does Authentication, session handling, cookies, OAuth/Google auth, account security meet the launch standard for sitemap and robots handling?","Evidence-backed production readiness for sitemap and robots handling, preserving current visual design unless necessary.",NextAuth wired; runtime cookie flags/OAuth not verified.,66,P2,medium,E004;E005;E060,src/backend/auth/index.ts; src/middleware.ts; custom mutation CSRF/origin scan,Keep sitemap and robots handling under regression coverage and improve where noted.,XS,critical,May reduce polish or scalability if left unmonitored.,none,no
CP-13-17,"Authentication, session handling, cookies, OAuth/Google auth, account security","Does Authentication, session handling, cookies, OAuth/Google auth, account security meet the launch standard for pagination and facets?","Evidence-backed production readiness for pagination and facets, preserving current visual design unless necessary.",NextAuth wired; runtime cookie flags/OAuth not verified.,66,P2,medium,E004;E005;E060,src/backend/auth/index.ts; src/middleware.ts; custom mutation CSRF/origin scan,Keep pagination and facets under regression coverage and improve where noted.,XS,critical,May reduce polish or scalability if left unmonitored.,none,no
CP-13-18,"Authentication, session handling, cookies, OAuth/Google auth, account security","Does Authentication, session handling, cookies, OAuth/Google auth, account security meet the launch standard for seller ownership?","Evidence-backed production readiness for seller ownership, preserving current visual design unless necessary.","Seller schema exists, but no seller route area was found and product writes are first-party/admin-managed.",45,P1,medium,E031;E026;E003,src/app route scan and README.md; src/backend/admin/product-editor.ts; prisma/schema.prisma,Fix seller ownership before launch or before enabling related feature.,S,critical,Launch risk remains around seller ownership.,minor,no
CP-13-19,"Authentication, session handling, cookies, OAuth/Google auth, account security","Does Authentication, session handling, cookies, OAuth/Google auth, account security meet the launch standard for admin versus super-admin split?","Evidence-backed production readiness for admin versus super-admin split, preserving current visual design unless necessary.",NextAuth wired; runtime cookie flags/OAuth not verified.,66,P2,medium,E004;E005;E060,src/backend/auth/index.ts; src/middleware.ts; custom mutation CSRF/origin scan,Keep admin versus super-admin split under regression coverage and improve where noted.,XS,critical,May reduce polish or scalability if left unmonitored.,none,no
CP-13-20,"Authentication, session handling, cookies, OAuth/Google auth, account security","Does Authentication, session handling, cookies, OAuth/Google auth, account security meet the launch standard for order payment shipment status?","Evidence-backed production readiness for order payment shipment status, preserving current visual design unless necessary.",NextAuth wired; runtime cookie flags/OAuth not verified.,66,P2,medium,E004;E005;E060,src/backend/auth/index.ts; src/middleware.ts; custom mutation CSRF/origin scan,Keep order payment shipment status under regression coverage and improve where noted.,XS,critical,May reduce polish or scalability if left unmonitored.,none,no
CP-13-21,"Authentication, session handling, cookies, OAuth/Google auth, account security","Does Authentication, session handling, cookies, OAuth/Google auth, account security meet the launch standard for rate limiting?","Evidence-backed production readiness for rate limiting, preserving current visual design unless necessary.",In-memory route limiter exists but is not distributed.,58,P1,medium,E008,src/backend/security/rate-limit.ts,Fix rate limiting before launch or before enabling related feature.,S,critical,Launch risk remains around rate limiting.,none,no
CP-13-22,"Authentication, session handling, cookies, OAuth/Google auth, account security","Does Authentication, session handling, cookies, OAuth/Google auth, account security meet the launch standard for CSRF and origin control?","Evidence-backed production readiness for CSRF and origin control, preserving current visual design unless necessary.",No explicit CSRF token or Origin/Referer check found in sampled custom mutation APIs.,55,P1,medium,E060,custom mutation CSRF/origin scan,Fix CSRF and origin control before launch or before enabling related feature.,S,critical,Launch risk remains around CSRF and origin control.,none,no
CP-13-23,"Authentication, session handling, cookies, OAuth/Google auth, account security","Does Authentication, session handling, cookies, OAuth/Google auth, account security meet the launch standard for secret exposure?","Evidence-backed production readiness for secret exposure, preserving current visual design unless necessary.",NextAuth wired; runtime cookie flags/OAuth not verified.,66,P2,medium,E004;E005;E060,src/backend/auth/index.ts; src/middleware.ts; custom mutation CSRF/origin scan,Keep secret exposure under regression coverage and improve where noted.,XS,critical,May reduce polish or scalability if left unmonitored.,none,no
CP-13-24,"Authentication, session handling, cookies, OAuth/Google auth, account security","Does Authentication, session handling, cookies, OAuth/Google auth, account security meet the launch standard for console and logging hygiene?","Evidence-backed production readiness for console and logging hygiene, preserving current visual design unless necessary.",NextAuth wired; runtime cookie flags/OAuth not verified.,66,P2,medium,E004;E005;E060,src/backend/auth/index.ts; src/middleware.ts; custom mutation CSRF/origin scan,Keep console and logging hygiene under regression coverage and improve where noted.,XS,critical,May reduce polish or scalability if left unmonitored.,none,no
CP-13-25,"Authentication, session handling, cookies, OAuth/Google auth, account security","Does Authentication, session handling, cookies, OAuth/Google auth, account security meet the launch standard for type safety?","Evidence-backed production readiness for type safety, preserving current visual design unless necessary.",NextAuth wired; runtime cookie flags/OAuth not verified.,66,P2,medium,E004;E005;E060,src/backend/auth/index.ts; src/middleware.ts; custom mutation CSRF/origin scan,Keep type safety under regression coverage and improve where noted.,XS,critical,May reduce polish or scalability if left unmonitored.,none,no
CP-13-26,"Authentication, session handling, cookies, OAuth/Google auth, account security","Does Authentication, session handling, cookies, OAuth/Google auth, account security meet the launch standard for duplicate or dead code risk?","Evidence-backed production readiness for duplicate or dead code risk, preserving current visual design unless necessary.",NextAuth wired; runtime cookie flags/OAuth not verified.,66,P2,medium,E004;E005;E060,src/backend/auth/index.ts; src/middleware.ts; custom mutation CSRF/origin scan,Keep duplicate or dead code risk under regression coverage and improve where noted.,XS,critical,May reduce polish or scalability if left unmonitored.,none,no
CP-13-27,"Authentication, session handling, cookies, OAuth/Google auth, account security","Does Authentication, session handling, cookies, OAuth/Google auth, account security meet the launch standard for README and implementation alignment?","Evidence-backed production readiness for README and implementation alignment, preserving current visual design unless necessary.",NextAuth wired; runtime cookie flags/OAuth not verified.,66,P2,medium,E004;E005;E060,src/backend/auth/index.ts; src/middleware.ts; custom mutation CSRF/origin scan,Keep README and implementation alignment under regression coverage and improve where noted.,XS,critical,May reduce polish or scalability if left unmonitored.,none,no
CP-13-28,"Authentication, session handling, cookies, OAuth/Google auth, account security","Does Authentication, session handling, cookies, OAuth/Google auth, account security meet the launch standard for accessibility controls?","Evidence-backed production readiness for accessibility controls, preserving current visual design unless necessary.",NextAuth wired; runtime cookie flags/OAuth not verified.,66,P2,medium,E004;E005;E060,src/backend/auth/index.ts; src/middleware.ts; custom mutation CSRF/origin scan,Keep accessibility controls under regression coverage and improve where noted.,XS,critical,May reduce polish or scalability if left unmonitored.,none,no
CP-13-29,"Authentication, session handling, cookies, OAuth/Google auth, account security","Does Authentication, session handling, cookies, OAuth/Google auth, account security meet the launch standard for mobile layout behavior?","Evidence-backed production readiness for mobile layout behavior, preserving current visual design unless necessary.",NextAuth wired; runtime cookie flags/OAuth not verified.,66,P2,medium,E004;E005;E060,src/backend/auth/index.ts; src/middleware.ts; custom mutation CSRF/origin scan,Keep mobile layout behavior under regression coverage and improve where noted.,XS,critical,May reduce polish or scalability if left unmonitored.,none,no
CP-13-30,"Authentication, session handling, cookies, OAuth/Google auth, account security","Does Authentication, session handling, cookies, OAuth/Google auth, account security meet the launch standard for Bangladesh localization?","Evidence-backed production readiness for Bangladesh localization, preserving current visual design unless necessary.",NextAuth wired; runtime cookie flags/OAuth not verified.,66,P2,medium,E004;E005;E060,src/backend/auth/index.ts; src/middleware.ts; custom mutation CSRF/origin scan,Keep Bangladesh localization under regression coverage and improve where noted.,XS,critical,May reduce polish or scalability if left unmonitored.,none,no
CP-13-31,"Authentication, session handling, cookies, OAuth/Google auth, account security","Does Authentication, session handling, cookies, OAuth/Google auth, account security meet the launch standard for Bangla and English readiness?","Evidence-backed production readiness for Bangla and English readiness, preserving current visual design unless necessary.",NextAuth wired; runtime cookie flags/OAuth not verified.,66,P2,medium,E004;E005;E060,src/backend/auth/index.ts; src/middleware.ts; custom mutation CSRF/origin scan,Keep Bangla and English readiness under regression coverage and improve where noted.,XS,critical,May reduce polish or scalability if left unmonitored.,none,no
CP-13-32,"Authentication, session handling, cookies, OAuth/Google auth, account security","Does Authentication, session handling, cookies, OAuth/Google auth, account security meet the launch standard for Merchant Center readiness?","Evidence-backed production readiness for Merchant Center readiness, preserving current visual design unless necessary.",NextAuth wired; runtime cookie flags/OAuth not verified.,66,P2,medium,E004;E005;E060,src/backend/auth/index.ts; src/middleware.ts; custom mutation CSRF/origin scan,Keep Merchant Center readiness under regression coverage and improve where noted.,XS,critical,May reduce polish or scalability if left unmonitored.,none,no
CP-13-33,"Authentication, session handling, cookies, OAuth/Google auth, account security","Does Authentication, session handling, cookies, OAuth/Google auth, account security meet the launch standard for webhook readiness?","Evidence-backed production readiness for webhook readiness, preserving current visual design unless necessary.","Payment env variables exist, but no webhook route was found.",45,P1,medium,E043;E050,webhook route scan; src/app/api/admin/orders/[id]/payment-status/route.ts,Fix webhook readiness before launch or before enabling related feature.,S,critical,Launch risk remains around webhook readiness.,none,no
CP-13-34,"Authentication, session handling, cookies, OAuth/Google auth, account security","Does Authentication, session handling, cookies, OAuth/Google auth, account security meet the launch standard for shipment tracking readiness?","Evidence-backed production readiness for shipment tracking readiness, preserving current visual design unless necessary.",NextAuth wired; runtime cookie flags/OAuth not verified.,66,P2,medium,E004;E005;E060,src/backend/auth/index.ts; src/middleware.ts; custom mutation CSRF/origin scan,Keep shipment tracking readiness under regression coverage and improve where noted.,XS,critical,May reduce polish or scalability if left unmonitored.,none,no
CP-13-35,"Authentication, session handling, cookies, OAuth/Google auth, account security","Does Authentication, session handling, cookies, OAuth/Google auth, account security meet the launch standard for fraud and moderation readiness?","Evidence-backed production readiness for fraud and moderation readiness, preserving current visual design unless necessary.",NextAuth wired; runtime cookie flags/OAuth not verified.,66,P2,medium,E004;E005;E060,src/backend/auth/index.ts; src/middleware.ts; custom mutation CSRF/origin scan,Keep fraud and moderation readiness under regression coverage and improve where noted.,XS,critical,May reduce polish or scalability if left unmonitored.,none,no
CP-13-36,"Authentication, session handling, cookies, OAuth/Google auth, account security","Does Authentication, session handling, cookies, OAuth/Google auth, account security meet the launch standard for cache and revalidation?","Evidence-backed production readiness for cache and revalidation, preserving current visual design unless necessary.",NextAuth wired; runtime cookie flags/OAuth not verified.,66,P2,medium,E004;E005;E060,src/backend/auth/index.ts; src/middleware.ts; custom mutation CSRF/origin scan,Keep cache and revalidation under regression coverage and improve where noted.,XS,critical,May reduce polish or scalability if left unmonitored.,none,no
CP-13-37,"Authentication, session handling, cookies, OAuth/Google auth, account security","Does Authentication, session handling, cookies, OAuth/Google auth, account security meet the launch standard for N+1 or bulk-fetch risk?","Evidence-backed production readiness for N+1 or bulk-fetch risk, preserving current visual design unless necessary.",NextAuth wired; runtime cookie flags/OAuth not verified.,66,P2,medium,E004;E005;E060,src/backend/auth/index.ts; src/middleware.ts; custom mutation CSRF/origin scan,Keep N+1 or bulk-fetch risk under regression coverage and improve where noted.,XS,critical,May reduce polish or scalability if left unmonitored.,none,no
CP-13-38,"Authentication, session handling, cookies, OAuth/Google auth, account security","Does Authentication, session handling, cookies, OAuth/Google auth, account security meet the launch standard for payment status integrity?","Evidence-backed production readiness for payment status integrity, preserving current visual design unless necessary.",NextAuth wired; runtime cookie flags/OAuth not verified.,66,P2,medium,E004;E005;E060,src/backend/auth/index.ts; src/middleware.ts; custom mutation CSRF/origin scan,Keep payment status integrity under regression coverage and improve where noted.,XS,critical,May reduce polish or scalability if left unmonitored.,none,no
CP-13-39,"Authentication, session handling, cookies, OAuth/Google auth, account security","Does Authentication, session handling, cookies, OAuth/Google auth, account security meet the launch standard for guest and buyer flow?","Evidence-backed production readiness for guest and buyer flow, preserving current visual design unless necessary.",NextAuth wired; runtime cookie flags/OAuth not verified.,66,P2,medium,E004;E005;E060,src/backend/auth/index.ts; src/middleware.ts; custom mutation CSRF/origin scan,Keep guest and buyer flow under regression coverage and improve where noted.,XS,critical,May reduce polish or scalability if left unmonitored.,none,no
CP-13-40,"Authentication, session handling, cookies, OAuth/Google auth, account security","Does Authentication, session handling, cookies, OAuth/Google auth, account security meet the launch standard for account privacy?","Evidence-backed production readiness for account privacy, preserving current visual design unless necessary.","Account order detail is owner-scoped, but public confirmation exposes PII by orderNumber.",35,P0,medium,E022;E023;E010,src/app/(store)/order/[orderNumber]/confirmation/page.tsx; src/app/(store)/account/orders/[id]/page.tsx; .gitignore / git ls-files .env,Fix account privacy before launch or before enabling related feature.,M,critical,Launch risk remains around account privacy.,none,yes
CP-13-41,"Authentication, session handling, cookies, OAuth/Google auth, account security","Does Authentication, session handling, cookies, OAuth/Google auth, account security meet the launch standard for product SEO fields?","Evidence-backed production readiness for product SEO fields, preserving current visual design unless necessary.",NextAuth wired; runtime cookie flags/OAuth not verified.,66,P2,medium,E004;E005;E060,src/backend/auth/index.ts; src/middleware.ts; custom mutation CSRF/origin scan,Keep product SEO fields under regression coverage and improve where noted.,XS,critical,May reduce polish or scalability if left unmonitored.,none,no
CP-13-42,"Authentication, session handling, cookies, OAuth/Google auth, account security","Does Authentication, session handling, cookies, OAuth/Google auth, account security meet the launch standard for category taxonomy?","Evidence-backed production readiness for category taxonomy, preserving current visual design unless necessary.",NextAuth wired; runtime cookie flags/OAuth not verified.,66,P2,medium,E004;E005;E060,src/backend/auth/index.ts; src/middleware.ts; custom mutation CSRF/origin scan,Keep category taxonomy under regression coverage and improve where noted.,XS,critical,May reduce polish or scalability if left unmonitored.,none,no
CP-13-43,"Authentication, session handling, cookies, OAuth/Google auth, account security","Does Authentication, session handling, cookies, OAuth/Google auth, account security meet the launch standard for internal linking?","Evidence-backed production readiness for internal linking, preserving current visual design unless necessary.",NextAuth wired; runtime cookie flags/OAuth not verified.,66,P2,medium,E004;E005;E060,src/backend/auth/index.ts; src/middleware.ts; custom mutation CSRF/origin scan,Keep internal linking under regression coverage and improve where noted.,XS,critical,May reduce polish or scalability if left unmonitored.,none,no
CP-13-44,"Authentication, session handling, cookies, OAuth/Google auth, account security","Does Authentication, session handling, cookies, OAuth/Google auth, account security meet the launch standard for reviews and ratings?","Evidence-backed production readiness for reviews and ratings, preserving current visual design unless necessary.",NextAuth wired; runtime cookie flags/OAuth not verified.,66,P2,medium,E004;E005;E060,src/backend/auth/index.ts; src/middleware.ts; custom mutation CSRF/origin scan,Keep reviews and ratings under regression coverage and improve where noted.,XS,critical,May reduce polish or scalability if left unmonitored.,none,no
CP-13-45,"Authentication, session handling, cookies, OAuth/Google auth, account security","Does Authentication, session handling, cookies, OAuth/Google auth, account security meet the launch standard for returns and refunds?","Evidence-backed production readiness for returns and refunds, preserving current visual design unless necessary.",NextAuth wired; runtime cookie flags/OAuth not verified.,66,P2,medium,E004;E005;E060,src/backend/auth/index.ts; src/middleware.ts; custom mutation CSRF/origin scan,Keep returns and refunds under regression coverage and improve where noted.,XS,critical,May reduce polish or scalability if left unmonitored.,none,no
CP-13-46,"Authentication, session handling, cookies, OAuth/Google auth, account security","Does Authentication, session handling, cookies, OAuth/Google auth, account security meet the launch standard for deployment headers?","Evidence-backed production readiness for deployment headers, preserving current visual design unless necessary.",NextAuth wired; runtime cookie flags/OAuth not verified.,66,P2,medium,E004;E005;E060,src/backend/auth/index.ts; src/middleware.ts; custom mutation CSRF/origin scan,Keep deployment headers under regression coverage and improve where noted.,XS,critical,May reduce polish or scalability if left unmonitored.,none,no
CP-13-47,"Authentication, session handling, cookies, OAuth/Google auth, account security","Does Authentication, session handling, cookies, OAuth/Google auth, account security meet the launch standard for dependency deprecation?","Evidence-backed production readiness for dependency deprecation, preserving current visual design unless necessary.",NextAuth wired; runtime cookie flags/OAuth not verified.,66,P2,medium,E004;E005;E060,src/backend/auth/index.ts; src/middleware.ts; custom mutation CSRF/origin scan,Keep dependency deprecation under regression coverage and improve where noted.,XS,critical,May reduce polish or scalability if left unmonitored.,none,no
CP-13-48,"Authentication, session handling, cookies, OAuth/Google auth, account security","Does Authentication, session handling, cookies, OAuth/Google auth, account security meet the launch standard for observability?","Evidence-backed production readiness for observability, preserving current visual design unless necessary.",NextAuth wired; runtime cookie flags/OAuth not verified.,66,P2,medium,E004;E005;E060,src/backend/auth/index.ts; src/middleware.ts; custom mutation CSRF/origin scan,Keep observability under regression coverage and improve where noted.,XS,critical,May reduce polish or scalability if left unmonitored.,none,no
CP-13-49,"Authentication, session handling, cookies, OAuth/Google auth, account security","Does Authentication, session handling, cookies, OAuth/Google auth, account security meet the launch standard for visual preservation?","Evidence-backed production readiness for visual preservation, preserving current visual design unless necessary.",NextAuth wired; runtime cookie flags/OAuth not verified.,66,P2,medium,E004;E005;E060,src/backend/auth/index.ts; src/middleware.ts; custom mutation CSRF/origin scan,Keep visual preservation under regression coverage and improve where noted.,XS,critical,May reduce polish or scalability if left unmonitored.,none,no
CP-13-50,"Authentication, session handling, cookies, OAuth/Google auth, account security","Does Authentication, session handling, cookies, OAuth/Google auth, account security meet the launch standard for launch risk?","Evidence-backed production readiness for launch risk, preserving current visual design unless necessary.",NextAuth wired; runtime cookie flags/OAuth not verified.,66,P2,medium,E004;E005;E060,src/backend/auth/index.ts; src/middleware.ts; custom mutation CSRF/origin scan,Keep launch risk under regression coverage and improve where noted.,XS,critical,May reduce polish or scalability if left unmonitored.,none,no
CP-14-01,Authorization and RBAC: buyer/seller/admin/super-admin permissions,Does Authorization and RBAC: buyer/seller/admin/super-admin permissions meet the launch standard for route group coverage?,"Evidence-backed production readiness for route group coverage, preserving current visual design unless necessary.",Admin checks exist; seller RBAC absent beyond schema.,66,P2,medium,E006;E007;E028;E031,src/app/(admin)/admin/layout.tsx; src/backend/admin/admin-utils.ts; src/app/api/admin/users/[id]/route.ts; src/app route scan and README.md,Keep route group coverage under regression coverage and improve where noted.,XS,critical,May reduce polish or scalability if left unmonitored.,none,no
CP-14-02,Authorization and RBAC: buyer/seller/admin/super-admin permissions,Does Authorization and RBAC: buyer/seller/admin/super-admin permissions meet the launch standard for API mutation coverage?,"Evidence-backed production readiness for API mutation coverage, preserving current visual design unless necessary.",Admin checks exist; seller RBAC absent beyond schema.,66,P2,medium,E006;E007;E028;E031,src/app/(admin)/admin/layout.tsx; src/backend/admin/admin-utils.ts; src/app/api/admin/users/[id]/route.ts; src/app route scan and README.md,Keep API mutation coverage under regression coverage and improve where noted.,XS,critical,May reduce polish or scalability if left unmonitored.,none,no
CP-14-03,Authorization and RBAC: buyer/seller/admin/super-admin permissions,Does Authorization and RBAC: buyer/seller/admin/super-admin permissions meet the launch standard for RBAC enforcement?,"Evidence-backed production readiness for RBAC enforcement, preserving current visual design unless necessary.",Admin checks exist; seller RBAC absent beyond schema.,66,P2,medium,E006;E007;E028;E031,src/app/(admin)/admin/layout.tsx; src/backend/admin/admin-utils.ts; src/app/api/admin/users/[id]/route.ts; src/app route scan and README.md,Keep RBAC enforcement under regression coverage and improve where noted.,XS,critical,May reduce polish or scalability if left unmonitored.,none,no
CP-14-04,Authorization and RBAC: buyer/seller/admin/super-admin permissions,Does Authorization and RBAC: buyer/seller/admin/super-admin permissions meet the launch standard for authenticated data access?,"Evidence-backed production readiness for authenticated data access, preserving current visual design unless necessary.",Admin checks exist; seller RBAC absent beyond schema.,66,P2,medium,E006;E007;E028;E031,src/app/(admin)/admin/layout.tsx; src/backend/admin/admin-utils.ts; src/app/api/admin/users/[id]/route.ts; src/app route scan and README.md,Keep authenticated data access under regression coverage and improve where noted.,XS,critical,May reduce polish or scalability if left unmonitored.,none,no
CP-14-05,Authorization and RBAC: buyer/seller/admin/super-admin permissions,Does Authorization and RBAC: buyer/seller/admin/super-admin permissions meet the launch standard for schema support?,"Evidence-backed production readiness for schema support, preserving current visual design unless necessary.",Admin checks exist; seller RBAC absent beyond schema.,66,P2,medium,E006;E007;E028;E031,src/app/(admin)/admin/layout.tsx; src/backend/admin/admin-utils.ts; src/app/api/admin/users/[id]/route.ts; src/app route scan and README.md,Keep schema support under regression coverage and improve where noted.,XS,critical,May reduce polish or scalability if left unmonitored.,none,no
CP-14-06,Authorization and RBAC: buyer/seller/admin/super-admin permissions,Does Authorization and RBAC: buyer/seller/admin/super-admin permissions meet the launch standard for validation path?,"Evidence-backed production readiness for validation path, preserving current visual design unless necessary.",Admin checks exist; seller RBAC absent beyond schema.,66,P2,medium,E006;E007;E028;E031,src/app/(admin)/admin/layout.tsx; src/backend/admin/admin-utils.ts; src/app/api/admin/users/[id]/route.ts; src/app route scan and README.md,Keep validation path under regression coverage and improve where noted.,XS,critical,May reduce polish or scalability if left unmonitored.,none,no
CP-14-07,Authorization and RBAC: buyer/seller/admin/super-admin permissions,Does Authorization and RBAC: buyer/seller/admin/super-admin permissions meet the launch standard for error handling?,"Evidence-backed production readiness for error handling, preserving current visual design unless necessary.",Admin checks exist; seller RBAC absent beyond schema.,66,P2,medium,E006;E007;E028;E031,src/app/(admin)/admin/layout.tsx; src/backend/admin/admin-utils.ts; src/app/api/admin/users/[id]/route.ts; src/app route scan and README.md,Keep error handling under regression coverage and improve where noted.,XS,critical,May reduce polish or scalability if left unmonitored.,none,no
CP-14-08,Authorization and RBAC: buyer/seller/admin/super-admin permissions,Does Authorization and RBAC: buyer/seller/admin/super-admin permissions meet the launch standard for audit logging?,"Evidence-backed production readiness for audit logging, preserving current visual design unless necessary.",Admin checks exist; seller RBAC absent beyond schema.,66,P2,medium,E006;E007;E028;E031,src/app/(admin)/admin/layout.tsx; src/backend/admin/admin-utils.ts; src/app/api/admin/users/[id]/route.ts; src/app route scan and README.md,Keep audit logging under regression coverage and improve where noted.,XS,critical,May reduce polish or scalability if left unmonitored.,none,no
CP-14-09,Authorization and RBAC: buyer/seller/admin/super-admin permissions,Does Authorization and RBAC: buyer/seller/admin/super-admin permissions meet the launch standard for environment dependency?,"Evidence-backed production readiness for environment dependency, preserving current visual design unless necessary.",Admin checks exist; seller RBAC absent beyond schema.,66,P2,medium,E006;E007;E028;E031,src/app/(admin)/admin/layout.tsx; src/backend/admin/admin-utils.ts; src/app/api/admin/users/[id]/route.ts; src/app route scan and README.md,Keep environment dependency under regression coverage and improve where noted.,XS,critical,May reduce polish or scalability if left unmonitored.,none,no
CP-14-10,Authorization and RBAC: buyer/seller/admin/super-admin permissions,Does Authorization and RBAC: buyer/seller/admin/super-admin permissions meet the launch standard for command verification?,"Evidence-backed production readiness for command verification, preserving current visual design unless necessary.",Admin checks exist; seller RBAC absent beyond schema.,66,P2,medium,E006;E007;E028;E031,src/app/(admin)/admin/layout.tsx; src/backend/admin/admin-utils.ts; src/app/api/admin/users/[id]/route.ts; src/app route scan and README.md,Keep command verification under regression coverage and improve where noted.,XS,critical,May reduce polish or scalability if left unmonitored.,none,no
CP-14-11,Authorization and RBAC: buyer/seller/admin/super-admin permissions,Does Authorization and RBAC: buyer/seller/admin/super-admin permissions meet the launch standard for test coverage?,"Evidence-backed production readiness for test coverage, preserving current visual design unless necessary.",Admin checks exist; seller RBAC absent beyond schema.,66,P2,medium,E006;E007;E028;E031,src/app/(admin)/admin/layout.tsx; src/backend/admin/admin-utils.ts; src/app/api/admin/users/[id]/route.ts; src/app route scan and README.md,Keep test coverage under regression coverage and improve where noted.,XS,critical,May reduce polish or scalability if left unmonitored.,none,no
CP-14-12,Authorization and RBAC: buyer/seller/admin/super-admin permissions,Does Authorization and RBAC: buyer/seller/admin/super-admin permissions meet the launch standard for data fetching strategy?,"Evidence-backed production readiness for data fetching strategy, preserving current visual design unless necessary.",In-memory route limiter exists but is not distributed.,58,P1,medium,E008,src/backend/security/rate-limit.ts,Fix data fetching strategy before launch or before enabling related feature.,S,critical,Launch risk remains around data fetching strategy.,none,no
CP-14-13,Authorization and RBAC: buyer/seller/admin/super-admin permissions,Does Authorization and RBAC: buyer/seller/admin/super-admin permissions meet the launch standard for image/media handling?,"Evidence-backed production readiness for image/media handling, preserving current visual design unless necessary.",Admin checks exist; seller RBAC absent beyond schema.,66,P2,medium,E006;E007;E028;E031,src/app/(admin)/admin/layout.tsx; src/backend/admin/admin-utils.ts; src/app/api/admin/users/[id]/route.ts; src/app route scan and README.md,Keep image/media handling under regression coverage and improve where noted.,XS,critical,May reduce polish or scalability if left unmonitored.,none,no
CP-14-14,Authorization and RBAC: buyer/seller/admin/super-admin permissions,Does Authorization and RBAC: buyer/seller/admin/super-admin permissions meet the launch standard for metadata and canonical handling?,"Evidence-backed production readiness for metadata and canonical handling, preserving current visual design unless necessary.",Admin checks exist; seller RBAC absent beyond schema.,66,P2,medium,E011;E017;E018,src/backend/seo/metadata.ts; src/app/(store)/category/[slug]/page.tsx; src/app/(store)/search/page.tsx,Keep metadata and canonical handling under regression coverage and improve where noted.,XS,critical,May reduce polish or scalability if left unmonitored.,none,no
CP-14-15,Authorization and RBAC: buyer/seller/admin/super-admin permissions,Does Authorization and RBAC: buyer/seller/admin/super-admin permissions meet the launch standard for structured data handling?,"Evidence-backed production readiness for structured data handling, preserving current visual design unless necessary.",Admin checks exist; seller RBAC absent beyond schema.,66,P2,medium,E014;E016;E017,src/backend/seo/structured-data.ts; src/app/(store)/products/[slug]/page.tsx; src/app/(store)/category/[slug]/page.tsx,Keep structured data handling under regression coverage and improve where noted.,XS,critical,May reduce polish or scalability if left unmonitored.,none,no
CP-14-16,Authorization and RBAC: buyer/seller/admin/super-admin permissions,Does Authorization and RBAC: buyer/seller/admin/super-admin permissions meet the launch standard for sitemap and robots handling?,"Evidence-backed production readiness for sitemap and robots handling, preserving current visual design unless necessary.",Admin checks exist; seller RBAC absent beyond schema.,66,P2,medium,E006;E007;E028;E031,src/app/(admin)/admin/layout.tsx; src/backend/admin/admin-utils.ts; src/app/api/admin/users/[id]/route.ts; src/app route scan and README.md,Keep sitemap and robots handling under regression coverage and improve where noted.,XS,critical,May reduce polish or scalability if left unmonitored.,none,no
CP-14-17,Authorization and RBAC: buyer/seller/admin/super-admin permissions,Does Authorization and RBAC: buyer/seller/admin/super-admin permissions meet the launch standard for pagination and facets?,"Evidence-backed production readiness for pagination and facets, preserving current visual design unless necessary.",Admin checks exist; seller RBAC absent beyond schema.,66,P2,medium,E006;E007;E028;E031,src/app/(admin)/admin/layout.tsx; src/backend/admin/admin-utils.ts; src/app/api/admin/users/[id]/route.ts; src/app route scan and README.md,Keep pagination and facets under regression coverage and improve where noted.,XS,critical,May reduce polish or scalability if left unmonitored.,none,no
CP-14-18,Authorization and RBAC: buyer/seller/admin/super-admin permissions,Does Authorization and RBAC: buyer/seller/admin/super-admin permissions meet the launch standard for seller ownership?,"Evidence-backed production readiness for seller ownership, preserving current visual design unless necessary.","Seller schema exists, but no seller route area was found and product writes are first-party/admin-managed.",45,P1,medium,E031;E026;E003,src/app route scan and README.md; src/backend/admin/product-editor.ts; prisma/schema.prisma,Fix seller ownership before launch or before enabling related feature.,S,critical,Launch risk remains around seller ownership.,minor,no
CP-14-19,Authorization and RBAC: buyer/seller/admin/super-admin permissions,Does Authorization and RBAC: buyer/seller/admin/super-admin permissions meet the launch standard for admin versus super-admin split?,"Evidence-backed production readiness for admin versus super-admin split, preserving current visual design unless necessary.",Admin checks exist; seller RBAC absent beyond schema.,66,P2,medium,E006;E007;E028;E031,src/app/(admin)/admin/layout.tsx; src/backend/admin/admin-utils.ts; src/app/api/admin/users/[id]/route.ts; src/app route scan and README.md,Keep admin versus super-admin split under regression coverage and improve where noted.,XS,critical,May reduce polish or scalability if left unmonitored.,none,no
CP-14-20,Authorization and RBAC: buyer/seller/admin/super-admin permissions,Does Authorization and RBAC: buyer/seller/admin/super-admin permissions meet the launch standard for order payment shipment status?,"Evidence-backed production readiness for order payment shipment status, preserving current visual design unless necessary.",Admin checks exist; seller RBAC absent beyond schema.,66,P2,medium,E006;E007;E028;E031,src/app/(admin)/admin/layout.tsx; src/backend/admin/admin-utils.ts; src/app/api/admin/users/[id]/route.ts; src/app route scan and README.md,Keep order payment shipment status under regression coverage and improve where noted.,XS,critical,May reduce polish or scalability if left unmonitored.,none,no
CP-14-21,Authorization and RBAC: buyer/seller/admin/super-admin permissions,Does Authorization and RBAC: buyer/seller/admin/super-admin permissions meet the launch standard for rate limiting?,"Evidence-backed production readiness for rate limiting, preserving current visual design unless necessary.",In-memory route limiter exists but is not distributed.,58,P1,medium,E008,src/backend/security/rate-limit.ts,Fix rate limiting before launch or before enabling related feature.,S,critical,Launch risk remains around rate limiting.,none,no
CP-14-22,Authorization and RBAC: buyer/seller/admin/super-admin permissions,Does Authorization and RBAC: buyer/seller/admin/super-admin permissions meet the launch standard for CSRF and origin control?,"Evidence-backed production readiness for CSRF and origin control, preserving current visual design unless necessary.",No explicit CSRF token or Origin/Referer check found in sampled custom mutation APIs.,55,P1,medium,E060,custom mutation CSRF/origin scan,Fix CSRF and origin control before launch or before enabling related feature.,S,critical,Launch risk remains around CSRF and origin control.,none,no
CP-14-23,Authorization and RBAC: buyer/seller/admin/super-admin permissions,Does Authorization and RBAC: buyer/seller/admin/super-admin permissions meet the launch standard for secret exposure?,"Evidence-backed production readiness for secret exposure, preserving current visual design unless necessary.",Admin checks exist; seller RBAC absent beyond schema.,66,P2,medium,E006;E007;E028;E031,src/app/(admin)/admin/layout.tsx; src/backend/admin/admin-utils.ts; src/app/api/admin/users/[id]/route.ts; src/app route scan and README.md,Keep secret exposure under regression coverage and improve where noted.,XS,critical,May reduce polish or scalability if left unmonitored.,none,no
CP-14-24,Authorization and RBAC: buyer/seller/admin/super-admin permissions,Does Authorization and RBAC: buyer/seller/admin/super-admin permissions meet the launch standard for console and logging hygiene?,"Evidence-backed production readiness for console and logging hygiene, preserving current visual design unless necessary.",Admin checks exist; seller RBAC absent beyond schema.,66,P2,medium,E006;E007;E028;E031,src/app/(admin)/admin/layout.tsx; src/backend/admin/admin-utils.ts; src/app/api/admin/users/[id]/route.ts; src/app route scan and README.md,Keep console and logging hygiene under regression coverage and improve where noted.,XS,critical,May reduce polish or scalability if left unmonitored.,none,no
CP-14-25,Authorization and RBAC: buyer/seller/admin/super-admin permissions,Does Authorization and RBAC: buyer/seller/admin/super-admin permissions meet the launch standard for type safety?,"Evidence-backed production readiness for type safety, preserving current visual design unless necessary.",Admin checks exist; seller RBAC absent beyond schema.,66,P2,medium,E006;E007;E028;E031,src/app/(admin)/admin/layout.tsx; src/backend/admin/admin-utils.ts; src/app/api/admin/users/[id]/route.ts; src/app route scan and README.md,Keep type safety under regression coverage and improve where noted.,XS,critical,May reduce polish or scalability if left unmonitored.,none,no
CP-14-26,Authorization and RBAC: buyer/seller/admin/super-admin permissions,Does Authorization and RBAC: buyer/seller/admin/super-admin permissions meet the launch standard for duplicate or dead code risk?,"Evidence-backed production readiness for duplicate or dead code risk, preserving current visual design unless necessary.",Admin checks exist; seller RBAC absent beyond schema.,66,P2,medium,E006;E007;E028;E031,src/app/(admin)/admin/layout.tsx; src/backend/admin/admin-utils.ts; src/app/api/admin/users/[id]/route.ts; src/app route scan and README.md,Keep duplicate or dead code risk under regression coverage and improve where noted.,XS,critical,May reduce polish or scalability if left unmonitored.,none,no
CP-14-27,Authorization and RBAC: buyer/seller/admin/super-admin permissions,Does Authorization and RBAC: buyer/seller/admin/super-admin permissions meet the launch standard for README and implementation alignment?,"Evidence-backed production readiness for README and implementation alignment, preserving current visual design unless necessary.",Admin checks exist; seller RBAC absent beyond schema.,66,P2,medium,E006;E007;E028;E031,src/app/(admin)/admin/layout.tsx; src/backend/admin/admin-utils.ts; src/app/api/admin/users/[id]/route.ts; src/app route scan and README.md,Keep README and implementation alignment under regression coverage and improve where noted.,XS,critical,May reduce polish or scalability if left unmonitored.,none,no
CP-14-28,Authorization and RBAC: buyer/seller/admin/super-admin permissions,Does Authorization and RBAC: buyer/seller/admin/super-admin permissions meet the launch standard for accessibility controls?,"Evidence-backed production readiness for accessibility controls, preserving current visual design unless necessary.",Admin checks exist; seller RBAC absent beyond schema.,66,P2,medium,E006;E007;E028;E031,src/app/(admin)/admin/layout.tsx; src/backend/admin/admin-utils.ts; src/app/api/admin/users/[id]/route.ts; src/app route scan and README.md,Keep accessibility controls under regression coverage and improve where noted.,XS,critical,May reduce polish or scalability if left unmonitored.,none,no
CP-14-29,Authorization and RBAC: buyer/seller/admin/super-admin permissions,Does Authorization and RBAC: buyer/seller/admin/super-admin permissions meet the launch standard for mobile layout behavior?,"Evidence-backed production readiness for mobile layout behavior, preserving current visual design unless necessary.",Admin checks exist; seller RBAC absent beyond schema.,66,P2,medium,E006;E007;E028;E031,src/app/(admin)/admin/layout.tsx; src/backend/admin/admin-utils.ts; src/app/api/admin/users/[id]/route.ts; src/app route scan and README.md,Keep mobile layout behavior under regression coverage and improve where noted.,XS,critical,May reduce polish or scalability if left unmonitored.,none,no
CP-14-30,Authorization and RBAC: buyer/seller/admin/super-admin permissions,Does Authorization and RBAC: buyer/seller/admin/super-admin permissions meet the launch standard for Bangladesh localization?,"Evidence-backed production readiness for Bangladesh localization, preserving current visual design unless necessary.",Admin checks exist; seller RBAC absent beyond schema.,66,P2,medium,E006;E007;E028;E031,src/app/(admin)/admin/layout.tsx; src/backend/admin/admin-utils.ts; src/app/api/admin/users/[id]/route.ts; src/app route scan and README.md,Keep Bangladesh localization under regression coverage and improve where noted.,XS,critical,May reduce polish or scalability if left unmonitored.,none,no
CP-14-31,Authorization and RBAC: buyer/seller/admin/super-admin permissions,Does Authorization and RBAC: buyer/seller/admin/super-admin permissions meet the launch standard for Bangla and English readiness?,"Evidence-backed production readiness for Bangla and English readiness, preserving current visual design unless necessary.",Admin checks exist; seller RBAC absent beyond schema.,66,P2,medium,E006;E007;E028;E031,src/app/(admin)/admin/layout.tsx; src/backend/admin/admin-utils.ts; src/app/api/admin/users/[id]/route.ts; src/app route scan and README.md,Keep Bangla and English readiness under regression coverage and improve where noted.,XS,critical,May reduce polish or scalability if left unmonitored.,none,no
CP-14-32,Authorization and RBAC: buyer/seller/admin/super-admin permissions,Does Authorization and RBAC: buyer/seller/admin/super-admin permissions meet the launch standard for Merchant Center readiness?,"Evidence-backed production readiness for Merchant Center readiness, preserving current visual design unless necessary.",Admin checks exist; seller RBAC absent beyond schema.,66,P2,medium,E006;E007;E028;E031,src/app/(admin)/admin/layout.tsx; src/backend/admin/admin-utils.ts; src/app/api/admin/users/[id]/route.ts; src/app route scan and README.md,Keep Merchant Center readiness under regression coverage and improve where noted.,XS,critical,May reduce polish or scalability if left unmonitored.,none,no
CP-14-33,Authorization and RBAC: buyer/seller/admin/super-admin permissions,Does Authorization and RBAC: buyer/seller/admin/super-admin permissions meet the launch standard for webhook readiness?,"Evidence-backed production readiness for webhook readiness, preserving current visual design unless necessary.","Payment env variables exist, but no webhook route was found.",45,P1,medium,E043;E050,webhook route scan; src/app/api/admin/orders/[id]/payment-status/route.ts,Fix webhook readiness before launch or before enabling related feature.,S,critical,Launch risk remains around webhook readiness.,none,no
CP-14-34,Authorization and RBAC: buyer/seller/admin/super-admin permissions,Does Authorization and RBAC: buyer/seller/admin/super-admin permissions meet the launch standard for shipment tracking readiness?,"Evidence-backed production readiness for shipment tracking readiness, preserving current visual design unless necessary.",Admin checks exist; seller RBAC absent beyond schema.,66,P2,medium,E006;E007;E028;E031,src/app/(admin)/admin/layout.tsx; src/backend/admin/admin-utils.ts; src/app/api/admin/users/[id]/route.ts; src/app route scan and README.md,Keep shipment tracking readiness under regression coverage and improve where noted.,XS,critical,May reduce polish or scalability if left unmonitored.,none,no
CP-14-35,Authorization and RBAC: buyer/seller/admin/super-admin permissions,Does Authorization and RBAC: buyer/seller/admin/super-admin permissions meet the launch standard for fraud and moderation readiness?,"Evidence-backed production readiness for fraud and moderation readiness, preserving current visual design unless necessary.",Admin checks exist; seller RBAC absent beyond schema.,66,P2,medium,E006;E007;E028;E031,src/app/(admin)/admin/layout.tsx; src/backend/admin/admin-utils.ts; src/app/api/admin/users/[id]/route.ts; src/app route scan and README.md,Keep fraud and moderation readiness under regression coverage and improve where noted.,XS,critical,May reduce polish or scalability if left unmonitored.,none,no
CP-14-36,Authorization and RBAC: buyer/seller/admin/super-admin permissions,Does Authorization and RBAC: buyer/seller/admin/super-admin permissions meet the launch standard for cache and revalidation?,"Evidence-backed production readiness for cache and revalidation, preserving current visual design unless necessary.",Admin checks exist; seller RBAC absent beyond schema.,66,P2,medium,E006;E007;E028;E031,src/app/(admin)/admin/layout.tsx; src/backend/admin/admin-utils.ts; src/app/api/admin/users/[id]/route.ts; src/app route scan and README.md,Keep cache and revalidation under regression coverage and improve where noted.,XS,critical,May reduce polish or scalability if left unmonitored.,none,no
CP-14-37,Authorization and RBAC: buyer/seller/admin/super-admin permissions,Does Authorization and RBAC: buyer/seller/admin/super-admin permissions meet the launch standard for N+1 or bulk-fetch risk?,"Evidence-backed production readiness for N+1 or bulk-fetch risk, preserving current visual design unless necessary.",Admin checks exist; seller RBAC absent beyond schema.,66,P2,medium,E006;E007;E028;E031,src/app/(admin)/admin/layout.tsx; src/backend/admin/admin-utils.ts; src/app/api/admin/users/[id]/route.ts; src/app route scan and README.md,Keep N+1 or bulk-fetch risk under regression coverage and improve where noted.,XS,critical,May reduce polish or scalability if left unmonitored.,none,no
CP-14-38,Authorization and RBAC: buyer/seller/admin/super-admin permissions,Does Authorization and RBAC: buyer/seller/admin/super-admin permissions meet the launch standard for payment status integrity?,"Evidence-backed production readiness for payment status integrity, preserving current visual design unless necessary.",Admin checks exist; seller RBAC absent beyond schema.,66,P2,medium,E006;E007;E028;E031,src/app/(admin)/admin/layout.tsx; src/backend/admin/admin-utils.ts; src/app/api/admin/users/[id]/route.ts; src/app route scan and README.md,Keep payment status integrity under regression coverage and improve where noted.,XS,critical,May reduce polish or scalability if left unmonitored.,none,no
CP-14-39,Authorization and RBAC: buyer/seller/admin/super-admin permissions,Does Authorization and RBAC: buyer/seller/admin/super-admin permissions meet the launch standard for guest and buyer flow?,"Evidence-backed production readiness for guest and buyer flow, preserving current visual design unless necessary.",Admin checks exist; seller RBAC absent beyond schema.,66,P2,medium,E006;E007;E028;E031,src/app/(admin)/admin/layout.tsx; src/backend/admin/admin-utils.ts; src/app/api/admin/users/[id]/route.ts; src/app route scan and README.md,Keep guest and buyer flow under regression coverage and improve where noted.,XS,critical,May reduce polish or scalability if left unmonitored.,none,no
CP-14-40,Authorization and RBAC: buyer/seller/admin/super-admin permissions,Does Authorization and RBAC: buyer/seller/admin/super-admin permissions meet the launch standard for account privacy?,"Evidence-backed production readiness for account privacy, preserving current visual design unless necessary.","Account order detail is owner-scoped, but public confirmation exposes PII by orderNumber.",35,P0,medium,E022;E023;E010,src/app/(store)/order/[orderNumber]/confirmation/page.tsx; src/app/(store)/account/orders/[id]/page.tsx; .gitignore / git ls-files .env,Fix account privacy before launch or before enabling related feature.,M,critical,Launch risk remains around account privacy.,none,yes
CP-14-41,Authorization and RBAC: buyer/seller/admin/super-admin permissions,Does Authorization and RBAC: buyer/seller/admin/super-admin permissions meet the launch standard for product SEO fields?,"Evidence-backed production readiness for product SEO fields, preserving current visual design unless necessary.",Admin checks exist; seller RBAC absent beyond schema.,66,P2,medium,E006;E007;E028;E031,src/app/(admin)/admin/layout.tsx; src/backend/admin/admin-utils.ts; src/app/api/admin/users/[id]/route.ts; src/app route scan and README.md,Keep product SEO fields under regression coverage and improve where noted.,XS,critical,May reduce polish or scalability if left unmonitored.,none,no
CP-14-42,Authorization and RBAC: buyer/seller/admin/super-admin permissions,Does Authorization and RBAC: buyer/seller/admin/super-admin permissions meet the launch standard for category taxonomy?,"Evidence-backed production readiness for category taxonomy, preserving current visual design unless necessary.",Admin checks exist; seller RBAC absent beyond schema.,66,P2,medium,E006;E007;E028;E031,src/app/(admin)/admin/layout.tsx; src/backend/admin/admin-utils.ts; src/app/api/admin/users/[id]/route.ts; src/app route scan and README.md,Keep category taxonomy under regression coverage and improve where noted.,XS,critical,May reduce polish or scalability if left unmonitored.,none,no
CP-14-43,Authorization and RBAC: buyer/seller/admin/super-admin permissions,Does Authorization and RBAC: buyer/seller/admin/super-admin permissions meet the launch standard for internal linking?,"Evidence-backed production readiness for internal linking, preserving current visual design unless necessary.",Admin checks exist; seller RBAC absent beyond schema.,66,P2,medium,E006;E007;E028;E031,src/app/(admin)/admin/layout.tsx; src/backend/admin/admin-utils.ts; src/app/api/admin/users/[id]/route.ts; src/app route scan and README.md,Keep internal linking under regression coverage and improve where noted.,XS,critical,May reduce polish or scalability if left unmonitored.,none,no
CP-14-44,Authorization and RBAC: buyer/seller/admin/super-admin permissions,Does Authorization and RBAC: buyer/seller/admin/super-admin permissions meet the launch standard for reviews and ratings?,"Evidence-backed production readiness for reviews and ratings, preserving current visual design unless necessary.",Admin checks exist; seller RBAC absent beyond schema.,66,P2,medium,E006;E007;E028;E031,src/app/(admin)/admin/layout.tsx; src/backend/admin/admin-utils.ts; src/app/api/admin/users/[id]/route.ts; src/app route scan and README.md,Keep reviews and ratings under regression coverage and improve where noted.,XS,critical,May reduce polish or scalability if left unmonitored.,none,no
CP-14-45,Authorization and RBAC: buyer/seller/admin/super-admin permissions,Does Authorization and RBAC: buyer/seller/admin/super-admin permissions meet the launch standard for returns and refunds?,"Evidence-backed production readiness for returns and refunds, preserving current visual design unless necessary.",Admin checks exist; seller RBAC absent beyond schema.,66,P2,medium,E006;E007;E028;E031,src/app/(admin)/admin/layout.tsx; src/backend/admin/admin-utils.ts; src/app/api/admin/users/[id]/route.ts; src/app route scan and README.md,Keep returns and refunds under regression coverage and improve where noted.,XS,critical,May reduce polish or scalability if left unmonitored.,none,no
CP-14-46,Authorization and RBAC: buyer/seller/admin/super-admin permissions,Does Authorization and RBAC: buyer/seller/admin/super-admin permissions meet the launch standard for deployment headers?,"Evidence-backed production readiness for deployment headers, preserving current visual design unless necessary.",Admin checks exist; seller RBAC absent beyond schema.,66,P2,medium,E006;E007;E028;E031,src/app/(admin)/admin/layout.tsx; src/backend/admin/admin-utils.ts; src/app/api/admin/users/[id]/route.ts; src/app route scan and README.md,Keep deployment headers under regression coverage and improve where noted.,XS,critical,May reduce polish or scalability if left unmonitored.,none,no
CP-14-47,Authorization and RBAC: buyer/seller/admin/super-admin permissions,Does Authorization and RBAC: buyer/seller/admin/super-admin permissions meet the launch standard for dependency deprecation?,"Evidence-backed production readiness for dependency deprecation, preserving current visual design unless necessary.",Admin checks exist; seller RBAC absent beyond schema.,66,P2,medium,E006;E007;E028;E031,src/app/(admin)/admin/layout.tsx; src/backend/admin/admin-utils.ts; src/app/api/admin/users/[id]/route.ts; src/app route scan and README.md,Keep dependency deprecation under regression coverage and improve where noted.,XS,critical,May reduce polish or scalability if left unmonitored.,none,no
CP-14-48,Authorization and RBAC: buyer/seller/admin/super-admin permissions,Does Authorization and RBAC: buyer/seller/admin/super-admin permissions meet the launch standard for observability?,"Evidence-backed production readiness for observability, preserving current visual design unless necessary.",Admin checks exist; seller RBAC absent beyond schema.,66,P2,medium,E006;E007;E028;E031,src/app/(admin)/admin/layout.tsx; src/backend/admin/admin-utils.ts; src/app/api/admin/users/[id]/route.ts; src/app route scan and README.md,Keep observability under regression coverage and improve where noted.,XS,critical,May reduce polish or scalability if left unmonitored.,none,no
CP-14-49,Authorization and RBAC: buyer/seller/admin/super-admin permissions,Does Authorization and RBAC: buyer/seller/admin/super-admin permissions meet the launch standard for visual preservation?,"Evidence-backed production readiness for visual preservation, preserving current visual design unless necessary.",Admin checks exist; seller RBAC absent beyond schema.,66,P2,medium,E006;E007;E028;E031,src/app/(admin)/admin/layout.tsx; src/backend/admin/admin-utils.ts; src/app/api/admin/users/[id]/route.ts; src/app route scan and README.md,Keep visual preservation under regression coverage and improve where noted.,XS,critical,May reduce polish or scalability if left unmonitored.,none,no
CP-14-50,Authorization and RBAC: buyer/seller/admin/super-admin permissions,Does Authorization and RBAC: buyer/seller/admin/super-admin permissions meet the launch standard for launch risk?,"Evidence-backed production readiness for launch risk, preserving current visual design unless necessary.",Admin checks exist; seller RBAC absent beyond schema.,66,P2,medium,E006;E007;E028;E031,src/app/(admin)/admin/layout.tsx; src/backend/admin/admin-utils.ts; src/app/api/admin/users/[id]/route.ts; src/app route scan and README.md,Keep launch risk under regression coverage and improve where noted.,XS,critical,May reduce polish or scalability if left unmonitored.,none,no
CP-15-01,"API/backend quality: validation, errors, rate limiting, contracts","Does API/backend quality: validation, errors, rate limiting, contracts meet the launch standard for route group coverage?","Evidence-backed production readiness for route group coverage, preserving current visual design unless necessary.",APIs validate; rate limiting/CSRF need hardening.,66,P2,medium,E008;E019;E024;E025;E048;E060,src/backend/security/rate-limit.ts; src/app/api/orders/route.ts; src/app/api/reviews/route.ts; src/app/api/returns/route.ts; src/app/api/contact/route.ts / newsletter/route.ts; custom mutation CSRF/origin scan,Keep route group coverage under regression coverage and improve where noted.,XS,critical,May reduce polish or scalability if left unmonitored.,none,no
CP-15-02,"API/backend quality: validation, errors, rate limiting, contracts","Does API/backend quality: validation, errors, rate limiting, contracts meet the launch standard for API mutation coverage?","Evidence-backed production readiness for API mutation coverage, preserving current visual design unless necessary.",APIs validate; rate limiting/CSRF need hardening.,66,P2,medium,E008;E019;E024;E025;E048;E060,src/backend/security/rate-limit.ts; src/app/api/orders/route.ts; src/app/api/reviews/route.ts; src/app/api/returns/route.ts; src/app/api/contact/route.ts / newsletter/route.ts; custom mutation CSRF/origin scan,Keep API mutation coverage under regression coverage and improve where noted.,XS,critical,May reduce polish or scalability if left unmonitored.,none,no
CP-15-03,"API/backend quality: validation, errors, rate limiting, contracts","Does API/backend quality: validation, errors, rate limiting, contracts meet the launch standard for RBAC enforcement?","Evidence-backed production readiness for RBAC enforcement, preserving current visual design unless necessary.",APIs validate; rate limiting/CSRF need hardening.,66,P2,medium,E008;E019;E024;E025;E048;E060,src/backend/security/rate-limit.ts; src/app/api/orders/route.ts; src/app/api/reviews/route.ts; src/app/api/returns/route.ts; src/app/api/contact/route.ts / newsletter/route.ts; custom mutation CSRF/origin scan,Keep RBAC enforcement under regression coverage and improve where noted.,XS,critical,May reduce polish or scalability if left unmonitored.,none,no
CP-15-04,"API/backend quality: validation, errors, rate limiting, contracts","Does API/backend quality: validation, errors, rate limiting, contracts meet the launch standard for authenticated data access?","Evidence-backed production readiness for authenticated data access, preserving current visual design unless necessary.",APIs validate; rate limiting/CSRF need hardening.,66,P2,medium,E008;E019;E024;E025;E048;E060,src/backend/security/rate-limit.ts; src/app/api/orders/route.ts; src/app/api/reviews/route.ts; src/app/api/returns/route.ts; src/app/api/contact/route.ts / newsletter/route.ts; custom mutation CSRF/origin scan,Keep authenticated data access under regression coverage and improve where noted.,XS,critical,May reduce polish or scalability if left unmonitored.,none,no
CP-15-05,"API/backend quality: validation, errors, rate limiting, contracts","Does API/backend quality: validation, errors, rate limiting, contracts meet the launch standard for schema support?","Evidence-backed production readiness for schema support, preserving current visual design unless necessary.",APIs validate; rate limiting/CSRF need hardening.,66,P2,medium,E008;E019;E024;E025;E048;E060,src/backend/security/rate-limit.ts; src/app/api/orders/route.ts; src/app/api/reviews/route.ts; src/app/api/returns/route.ts; src/app/api/contact/route.ts / newsletter/route.ts; custom mutation CSRF/origin scan,Keep schema support under regression coverage and improve where noted.,XS,critical,May reduce polish or scalability if left unmonitored.,none,no
CP-15-06,"API/backend quality: validation, errors, rate limiting, contracts","Does API/backend quality: validation, errors, rate limiting, contracts meet the launch standard for validation path?","Evidence-backed production readiness for validation path, preserving current visual design unless necessary.",APIs validate; rate limiting/CSRF need hardening.,66,P2,medium,E008;E019;E024;E025;E048;E060,src/backend/security/rate-limit.ts; src/app/api/orders/route.ts; src/app/api/reviews/route.ts; src/app/api/returns/route.ts; src/app/api/contact/route.ts / newsletter/route.ts; custom mutation CSRF/origin scan,Keep validation path under regression coverage and improve where noted.,XS,critical,May reduce polish or scalability if left unmonitored.,none,no
CP-15-07,"API/backend quality: validation, errors, rate limiting, contracts","Does API/backend quality: validation, errors, rate limiting, contracts meet the launch standard for error handling?","Evidence-backed production readiness for error handling, preserving current visual design unless necessary.",APIs validate; rate limiting/CSRF need hardening.,66,P2,medium,E008;E019;E024;E025;E048;E060,src/backend/security/rate-limit.ts; src/app/api/orders/route.ts; src/app/api/reviews/route.ts; src/app/api/returns/route.ts; src/app/api/contact/route.ts / newsletter/route.ts; custom mutation CSRF/origin scan,Keep error handling under regression coverage and improve where noted.,XS,critical,May reduce polish or scalability if left unmonitored.,none,no
CP-15-08,"API/backend quality: validation, errors, rate limiting, contracts","Does API/backend quality: validation, errors, rate limiting, contracts meet the launch standard for audit logging?","Evidence-backed production readiness for audit logging, preserving current visual design unless necessary.",APIs validate; rate limiting/CSRF need hardening.,66,P2,medium,E008;E019;E024;E025;E048;E060,src/backend/security/rate-limit.ts; src/app/api/orders/route.ts; src/app/api/reviews/route.ts; src/app/api/returns/route.ts; src/app/api/contact/route.ts / newsletter/route.ts; custom mutation CSRF/origin scan,Keep audit logging under regression coverage and improve where noted.,XS,critical,May reduce polish or scalability if left unmonitored.,none,no
CP-15-09,"API/backend quality: validation, errors, rate limiting, contracts","Does API/backend quality: validation, errors, rate limiting, contracts meet the launch standard for environment dependency?","Evidence-backed production readiness for environment dependency, preserving current visual design unless necessary.",APIs validate; rate limiting/CSRF need hardening.,66,P2,medium,E008;E019;E024;E025;E048;E060,src/backend/security/rate-limit.ts; src/app/api/orders/route.ts; src/app/api/reviews/route.ts; src/app/api/returns/route.ts; src/app/api/contact/route.ts / newsletter/route.ts; custom mutation CSRF/origin scan,Keep environment dependency under regression coverage and improve where noted.,XS,critical,May reduce polish or scalability if left unmonitored.,none,no
CP-15-10,"API/backend quality: validation, errors, rate limiting, contracts","Does API/backend quality: validation, errors, rate limiting, contracts meet the launch standard for command verification?","Evidence-backed production readiness for command verification, preserving current visual design unless necessary.",APIs validate; rate limiting/CSRF need hardening.,66,P2,medium,E008;E019;E024;E025;E048;E060,src/backend/security/rate-limit.ts; src/app/api/orders/route.ts; src/app/api/reviews/route.ts; src/app/api/returns/route.ts; src/app/api/contact/route.ts / newsletter/route.ts; custom mutation CSRF/origin scan,Keep command verification under regression coverage and improve where noted.,XS,critical,May reduce polish or scalability if left unmonitored.,none,no
CP-15-11,"API/backend quality: validation, errors, rate limiting, contracts","Does API/backend quality: validation, errors, rate limiting, contracts meet the launch standard for test coverage?","Evidence-backed production readiness for test coverage, preserving current visual design unless necessary.",APIs validate; rate limiting/CSRF need hardening.,66,P2,medium,E008;E019;E024;E025;E048;E060,src/backend/security/rate-limit.ts; src/app/api/orders/route.ts; src/app/api/reviews/route.ts; src/app/api/returns/route.ts; src/app/api/contact/route.ts / newsletter/route.ts; custom mutation CSRF/origin scan,Keep test coverage under regression coverage and improve where noted.,XS,critical,May reduce polish or scalability if left unmonitored.,none,no
CP-15-12,"API/backend quality: validation, errors, rate limiting, contracts","Does API/backend quality: validation, errors, rate limiting, contracts meet the launch standard for data fetching strategy?","Evidence-backed production readiness for data fetching strategy, preserving current visual design unless necessary.",In-memory route limiter exists but is not distributed.,58,P1,medium,E008,src/backend/security/rate-limit.ts,Fix data fetching strategy before launch or before enabling related feature.,S,critical,Launch risk remains around data fetching strategy.,none,no
CP-15-13,"API/backend quality: validation, errors, rate limiting, contracts","Does API/backend quality: validation, errors, rate limiting, contracts meet the launch standard for image/media handling?","Evidence-backed production readiness for image/media handling, preserving current visual design unless necessary.",APIs validate; rate limiting/CSRF need hardening.,66,P2,medium,E008;E019;E024;E025;E048;E060,src/backend/security/rate-limit.ts; src/app/api/orders/route.ts; src/app/api/reviews/route.ts; src/app/api/returns/route.ts; src/app/api/contact/route.ts / newsletter/route.ts; custom mutation CSRF/origin scan,Keep image/media handling under regression coverage and improve where noted.,XS,critical,May reduce polish or scalability if left unmonitored.,none,no
CP-15-14,"API/backend quality: validation, errors, rate limiting, contracts","Does API/backend quality: validation, errors, rate limiting, contracts meet the launch standard for metadata and canonical handling?","Evidence-backed production readiness for metadata and canonical handling, preserving current visual design unless necessary.",APIs validate; rate limiting/CSRF need hardening.,66,P2,medium,E011;E017;E018,src/backend/seo/metadata.ts; src/app/(store)/category/[slug]/page.tsx; src/app/(store)/search/page.tsx,Keep metadata and canonical handling under regression coverage and improve where noted.,XS,critical,May reduce polish or scalability if left unmonitored.,none,no
CP-15-15,"API/backend quality: validation, errors, rate limiting, contracts","Does API/backend quality: validation, errors, rate limiting, contracts meet the launch standard for structured data handling?","Evidence-backed production readiness for structured data handling, preserving current visual design unless necessary.",APIs validate; rate limiting/CSRF need hardening.,66,P2,medium,E014;E016;E017,src/backend/seo/structured-data.ts; src/app/(store)/products/[slug]/page.tsx; src/app/(store)/category/[slug]/page.tsx,Keep structured data handling under regression coverage and improve where noted.,XS,critical,May reduce polish or scalability if left unmonitored.,none,no
CP-15-16,"API/backend quality: validation, errors, rate limiting, contracts","Does API/backend quality: validation, errors, rate limiting, contracts meet the launch standard for sitemap and robots handling?","Evidence-backed production readiness for sitemap and robots handling, preserving current visual design unless necessary.",APIs validate; rate limiting/CSRF need hardening.,66,P2,medium,E008;E019;E024;E025;E048;E060,src/backend/security/rate-limit.ts; src/app/api/orders/route.ts; src/app/api/reviews/route.ts; src/app/api/returns/route.ts; src/app/api/contact/route.ts / newsletter/route.ts; custom mutation CSRF/origin scan,Keep sitemap and robots handling under regression coverage and improve where noted.,XS,critical,May reduce polish or scalability if left unmonitored.,none,no
CP-15-17,"API/backend quality: validation, errors, rate limiting, contracts","Does API/backend quality: validation, errors, rate limiting, contracts meet the launch standard for pagination and facets?","Evidence-backed production readiness for pagination and facets, preserving current visual design unless necessary.",APIs validate; rate limiting/CSRF need hardening.,66,P2,medium,E008;E019;E024;E025;E048;E060,src/backend/security/rate-limit.ts; src/app/api/orders/route.ts; src/app/api/reviews/route.ts; src/app/api/returns/route.ts; src/app/api/contact/route.ts / newsletter/route.ts; custom mutation CSRF/origin scan,Keep pagination and facets under regression coverage and improve where noted.,XS,critical,May reduce polish or scalability if left unmonitored.,none,no
CP-15-18,"API/backend quality: validation, errors, rate limiting, contracts","Does API/backend quality: validation, errors, rate limiting, contracts meet the launch standard for seller ownership?","Evidence-backed production readiness for seller ownership, preserving current visual design unless necessary.","Seller schema exists, but no seller route area was found and product writes are first-party/admin-managed.",45,P1,medium,E031;E026;E003,src/app route scan and README.md; src/backend/admin/product-editor.ts; prisma/schema.prisma,Fix seller ownership before launch or before enabling related feature.,S,critical,Launch risk remains around seller ownership.,minor,no
CP-15-19,"API/backend quality: validation, errors, rate limiting, contracts","Does API/backend quality: validation, errors, rate limiting, contracts meet the launch standard for admin versus super-admin split?","Evidence-backed production readiness for admin versus super-admin split, preserving current visual design unless necessary.",APIs validate; rate limiting/CSRF need hardening.,66,P2,medium,E008;E019;E024;E025;E048;E060,src/backend/security/rate-limit.ts; src/app/api/orders/route.ts; src/app/api/reviews/route.ts; src/app/api/returns/route.ts; src/app/api/contact/route.ts / newsletter/route.ts; custom mutation CSRF/origin scan,Keep admin versus super-admin split under regression coverage and improve where noted.,XS,critical,May reduce polish or scalability if left unmonitored.,none,no
CP-15-20,"API/backend quality: validation, errors, rate limiting, contracts","Does API/backend quality: validation, errors, rate limiting, contracts meet the launch standard for order payment shipment status?","Evidence-backed production readiness for order payment shipment status, preserving current visual design unless necessary.",APIs validate; rate limiting/CSRF need hardening.,66,P2,medium,E008;E019;E024;E025;E048;E060,src/backend/security/rate-limit.ts; src/app/api/orders/route.ts; src/app/api/reviews/route.ts; src/app/api/returns/route.ts; src/app/api/contact/route.ts / newsletter/route.ts; custom mutation CSRF/origin scan,Keep order payment shipment status under regression coverage and improve where noted.,XS,critical,May reduce polish or scalability if left unmonitored.,none,no
CP-15-21,"API/backend quality: validation, errors, rate limiting, contracts","Does API/backend quality: validation, errors, rate limiting, contracts meet the launch standard for rate limiting?","Evidence-backed production readiness for rate limiting, preserving current visual design unless necessary.",In-memory route limiter exists but is not distributed.,58,P1,medium,E008,src/backend/security/rate-limit.ts,Fix rate limiting before launch or before enabling related feature.,S,critical,Launch risk remains around rate limiting.,none,no
CP-15-22,"API/backend quality: validation, errors, rate limiting, contracts","Does API/backend quality: validation, errors, rate limiting, contracts meet the launch standard for CSRF and origin control?","Evidence-backed production readiness for CSRF and origin control, preserving current visual design unless necessary.",No explicit CSRF token or Origin/Referer check found in sampled custom mutation APIs.,55,P1,medium,E060,custom mutation CSRF/origin scan,Fix CSRF and origin control before launch or before enabling related feature.,S,critical,Launch risk remains around CSRF and origin control.,none,no
CP-15-23,"API/backend quality: validation, errors, rate limiting, contracts","Does API/backend quality: validation, errors, rate limiting, contracts meet the launch standard for secret exposure?","Evidence-backed production readiness for secret exposure, preserving current visual design unless necessary.",APIs validate; rate limiting/CSRF need hardening.,66,P2,medium,E008;E019;E024;E025;E048;E060,src/backend/security/rate-limit.ts; src/app/api/orders/route.ts; src/app/api/reviews/route.ts; src/app/api/returns/route.ts; src/app/api/contact/route.ts / newsletter/route.ts; custom mutation CSRF/origin scan,Keep secret exposure under regression coverage and improve where noted.,XS,critical,May reduce polish or scalability if left unmonitored.,none,no
CP-15-24,"API/backend quality: validation, errors, rate limiting, contracts","Does API/backend quality: validation, errors, rate limiting, contracts meet the launch standard for console and logging hygiene?","Evidence-backed production readiness for console and logging hygiene, preserving current visual design unless necessary.",APIs validate; rate limiting/CSRF need hardening.,66,P2,medium,E008;E019;E024;E025;E048;E060,src/backend/security/rate-limit.ts; src/app/api/orders/route.ts; src/app/api/reviews/route.ts; src/app/api/returns/route.ts; src/app/api/contact/route.ts / newsletter/route.ts; custom mutation CSRF/origin scan,Keep console and logging hygiene under regression coverage and improve where noted.,XS,critical,May reduce polish or scalability if left unmonitored.,none,no
CP-15-25,"API/backend quality: validation, errors, rate limiting, contracts","Does API/backend quality: validation, errors, rate limiting, contracts meet the launch standard for type safety?","Evidence-backed production readiness for type safety, preserving current visual design unless necessary.",APIs validate; rate limiting/CSRF need hardening.,66,P2,medium,E008;E019;E024;E025;E048;E060,src/backend/security/rate-limit.ts; src/app/api/orders/route.ts; src/app/api/reviews/route.ts; src/app/api/returns/route.ts; src/app/api/contact/route.ts / newsletter/route.ts; custom mutation CSRF/origin scan,Keep type safety under regression coverage and improve where noted.,XS,critical,May reduce polish or scalability if left unmonitored.,none,no
CP-15-26,"API/backend quality: validation, errors, rate limiting, contracts","Does API/backend quality: validation, errors, rate limiting, contracts meet the launch standard for duplicate or dead code risk?","Evidence-backed production readiness for duplicate or dead code risk, preserving current visual design unless necessary.",APIs validate; rate limiting/CSRF need hardening.,66,P2,medium,E008;E019;E024;E025;E048;E060,src/backend/security/rate-limit.ts; src/app/api/orders/route.ts; src/app/api/reviews/route.ts; src/app/api/returns/route.ts; src/app/api/contact/route.ts / newsletter/route.ts; custom mutation CSRF/origin scan,Keep duplicate or dead code risk under regression coverage and improve where noted.,XS,critical,May reduce polish or scalability if left unmonitored.,none,no
CP-15-27,"API/backend quality: validation, errors, rate limiting, contracts","Does API/backend quality: validation, errors, rate limiting, contracts meet the launch standard for README and implementation alignment?","Evidence-backed production readiness for README and implementation alignment, preserving current visual design unless necessary.",APIs validate; rate limiting/CSRF need hardening.,66,P2,medium,E008;E019;E024;E025;E048;E060,src/backend/security/rate-limit.ts; src/app/api/orders/route.ts; src/app/api/reviews/route.ts; src/app/api/returns/route.ts; src/app/api/contact/route.ts / newsletter/route.ts; custom mutation CSRF/origin scan,Keep README and implementation alignment under regression coverage and improve where noted.,XS,critical,May reduce polish or scalability if left unmonitored.,none,no
CP-15-28,"API/backend quality: validation, errors, rate limiting, contracts","Does API/backend quality: validation, errors, rate limiting, contracts meet the launch standard for accessibility controls?","Evidence-backed production readiness for accessibility controls, preserving current visual design unless necessary.",APIs validate; rate limiting/CSRF need hardening.,66,P2,medium,E008;E019;E024;E025;E048;E060,src/backend/security/rate-limit.ts; src/app/api/orders/route.ts; src/app/api/reviews/route.ts; src/app/api/returns/route.ts; src/app/api/contact/route.ts / newsletter/route.ts; custom mutation CSRF/origin scan,Keep accessibility controls under regression coverage and improve where noted.,XS,critical,May reduce polish or scalability if left unmonitored.,none,no
CP-15-29,"API/backend quality: validation, errors, rate limiting, contracts","Does API/backend quality: validation, errors, rate limiting, contracts meet the launch standard for mobile layout behavior?","Evidence-backed production readiness for mobile layout behavior, preserving current visual design unless necessary.",APIs validate; rate limiting/CSRF need hardening.,66,P2,medium,E008;E019;E024;E025;E048;E060,src/backend/security/rate-limit.ts; src/app/api/orders/route.ts; src/app/api/reviews/route.ts; src/app/api/returns/route.ts; src/app/api/contact/route.ts / newsletter/route.ts; custom mutation CSRF/origin scan,Keep mobile layout behavior under regression coverage and improve where noted.,XS,critical,May reduce polish or scalability if left unmonitored.,none,no
CP-15-30,"API/backend quality: validation, errors, rate limiting, contracts","Does API/backend quality: validation, errors, rate limiting, contracts meet the launch standard for Bangladesh localization?","Evidence-backed production readiness for Bangladesh localization, preserving current visual design unless necessary.",APIs validate; rate limiting/CSRF need hardening.,66,P2,medium,E008;E019;E024;E025;E048;E060,src/backend/security/rate-limit.ts; src/app/api/orders/route.ts; src/app/api/reviews/route.ts; src/app/api/returns/route.ts; src/app/api/contact/route.ts / newsletter/route.ts; custom mutation CSRF/origin scan,Keep Bangladesh localization under regression coverage and improve where noted.,XS,critical,May reduce polish or scalability if left unmonitored.,none,no
CP-15-31,"API/backend quality: validation, errors, rate limiting, contracts","Does API/backend quality: validation, errors, rate limiting, contracts meet the launch standard for Bangla and English readiness?","Evidence-backed production readiness for Bangla and English readiness, preserving current visual design unless necessary.",APIs validate; rate limiting/CSRF need hardening.,66,P2,medium,E008;E019;E024;E025;E048;E060,src/backend/security/rate-limit.ts; src/app/api/orders/route.ts; src/app/api/reviews/route.ts; src/app/api/returns/route.ts; src/app/api/contact/route.ts / newsletter/route.ts; custom mutation CSRF/origin scan,Keep Bangla and English readiness under regression coverage and improve where noted.,XS,critical,May reduce polish or scalability if left unmonitored.,none,no
CP-15-32,"API/backend quality: validation, errors, rate limiting, contracts","Does API/backend quality: validation, errors, rate limiting, contracts meet the launch standard for Merchant Center readiness?","Evidence-backed production readiness for Merchant Center readiness, preserving current visual design unless necessary.",APIs validate; rate limiting/CSRF need hardening.,66,P2,medium,E008;E019;E024;E025;E048;E060,src/backend/security/rate-limit.ts; src/app/api/orders/route.ts; src/app/api/reviews/route.ts; src/app/api/returns/route.ts; src/app/api/contact/route.ts / newsletter/route.ts; custom mutation CSRF/origin scan,Keep Merchant Center readiness under regression coverage and improve where noted.,XS,critical,May reduce polish or scalability if left unmonitored.,none,no
CP-15-33,"API/backend quality: validation, errors, rate limiting, contracts","Does API/backend quality: validation, errors, rate limiting, contracts meet the launch standard for webhook readiness?","Evidence-backed production readiness for webhook readiness, preserving current visual design unless necessary.","Payment env variables exist, but no webhook route was found.",45,P1,medium,E043;E050,webhook route scan; src/app/api/admin/orders/[id]/payment-status/route.ts,Fix webhook readiness before launch or before enabling related feature.,S,critical,Launch risk remains around webhook readiness.,none,no
CP-15-34,"API/backend quality: validation, errors, rate limiting, contracts","Does API/backend quality: validation, errors, rate limiting, contracts meet the launch standard for shipment tracking readiness?","Evidence-backed production readiness for shipment tracking readiness, preserving current visual design unless necessary.",APIs validate; rate limiting/CSRF need hardening.,66,P2,medium,E008;E019;E024;E025;E048;E060,src/backend/security/rate-limit.ts; src/app/api/orders/route.ts; src/app/api/reviews/route.ts; src/app/api/returns/route.ts; src/app/api/contact/route.ts / newsletter/route.ts; custom mutation CSRF/origin scan,Keep shipment tracking readiness under regression coverage and improve where noted.,XS,critical,May reduce polish or scalability if left unmonitored.,none,no
CP-15-35,"API/backend quality: validation, errors, rate limiting, contracts","Does API/backend quality: validation, errors, rate limiting, contracts meet the launch standard for fraud and moderation readiness?","Evidence-backed production readiness for fraud and moderation readiness, preserving current visual design unless necessary.",APIs validate; rate limiting/CSRF need hardening.,66,P2,medium,E008;E019;E024;E025;E048;E060,src/backend/security/rate-limit.ts; src/app/api/orders/route.ts; src/app/api/reviews/route.ts; src/app/api/returns/route.ts; src/app/api/contact/route.ts / newsletter/route.ts; custom mutation CSRF/origin scan,Keep fraud and moderation readiness under regression coverage and improve where noted.,XS,critical,May reduce polish or scalability if left unmonitored.,none,no
CP-15-36,"API/backend quality: validation, errors, rate limiting, contracts","Does API/backend quality: validation, errors, rate limiting, contracts meet the launch standard for cache and revalidation?","Evidence-backed production readiness for cache and revalidation, preserving current visual design unless necessary.",APIs validate; rate limiting/CSRF need hardening.,66,P2,medium,E008;E019;E024;E025;E048;E060,src/backend/security/rate-limit.ts; src/app/api/orders/route.ts; src/app/api/reviews/route.ts; src/app/api/returns/route.ts; src/app/api/contact/route.ts / newsletter/route.ts; custom mutation CSRF/origin scan,Keep cache and revalidation under regression coverage and improve where noted.,XS,critical,May reduce polish or scalability if left unmonitored.,none,no
CP-15-37,"API/backend quality: validation, errors, rate limiting, contracts","Does API/backend quality: validation, errors, rate limiting, contracts meet the launch standard for N+1 or bulk-fetch risk?","Evidence-backed production readiness for N+1 or bulk-fetch risk, preserving current visual design unless necessary.",APIs validate; rate limiting/CSRF need hardening.,66,P2,medium,E008;E019;E024;E025;E048;E060,src/backend/security/rate-limit.ts; src/app/api/orders/route.ts; src/app/api/reviews/route.ts; src/app/api/returns/route.ts; src/app/api/contact/route.ts / newsletter/route.ts; custom mutation CSRF/origin scan,Keep N+1 or bulk-fetch risk under regression coverage and improve where noted.,XS,critical,May reduce polish or scalability if left unmonitored.,none,no
CP-15-38,"API/backend quality: validation, errors, rate limiting, contracts","Does API/backend quality: validation, errors, rate limiting, contracts meet the launch standard for payment status integrity?","Evidence-backed production readiness for payment status integrity, preserving current visual design unless necessary.",APIs validate; rate limiting/CSRF need hardening.,66,P2,medium,E008;E019;E024;E025;E048;E060,src/backend/security/rate-limit.ts; src/app/api/orders/route.ts; src/app/api/reviews/route.ts; src/app/api/returns/route.ts; src/app/api/contact/route.ts / newsletter/route.ts; custom mutation CSRF/origin scan,Keep payment status integrity under regression coverage and improve where noted.,XS,critical,May reduce polish or scalability if left unmonitored.,none,no
CP-15-39,"API/backend quality: validation, errors, rate limiting, contracts","Does API/backend quality: validation, errors, rate limiting, contracts meet the launch standard for guest and buyer flow?","Evidence-backed production readiness for guest and buyer flow, preserving current visual design unless necessary.",APIs validate; rate limiting/CSRF need hardening.,66,P2,medium,E008;E019;E024;E025;E048;E060,src/backend/security/rate-limit.ts; src/app/api/orders/route.ts; src/app/api/reviews/route.ts; src/app/api/returns/route.ts; src/app/api/contact/route.ts / newsletter/route.ts; custom mutation CSRF/origin scan,Keep guest and buyer flow under regression coverage and improve where noted.,XS,critical,May reduce polish or scalability if left unmonitored.,none,no
CP-15-40,"API/backend quality: validation, errors, rate limiting, contracts","Does API/backend quality: validation, errors, rate limiting, contracts meet the launch standard for account privacy?","Evidence-backed production readiness for account privacy, preserving current visual design unless necessary.","Account order detail is owner-scoped, but public confirmation exposes PII by orderNumber.",35,P0,medium,E022;E023;E010,src/app/(store)/order/[orderNumber]/confirmation/page.tsx; src/app/(store)/account/orders/[id]/page.tsx; .gitignore / git ls-files .env,Fix account privacy before launch or before enabling related feature.,M,critical,Launch risk remains around account privacy.,none,yes
CP-15-41,"API/backend quality: validation, errors, rate limiting, contracts","Does API/backend quality: validation, errors, rate limiting, contracts meet the launch standard for product SEO fields?","Evidence-backed production readiness for product SEO fields, preserving current visual design unless necessary.",APIs validate; rate limiting/CSRF need hardening.,66,P2,medium,E008;E019;E024;E025;E048;E060,src/backend/security/rate-limit.ts; src/app/api/orders/route.ts; src/app/api/reviews/route.ts; src/app/api/returns/route.ts; src/app/api/contact/route.ts / newsletter/route.ts; custom mutation CSRF/origin scan,Keep product SEO fields under regression coverage and improve where noted.,XS,critical,May reduce polish or scalability if left unmonitored.,none,no
CP-15-42,"API/backend quality: validation, errors, rate limiting, contracts","Does API/backend quality: validation, errors, rate limiting, contracts meet the launch standard for category taxonomy?","Evidence-backed production readiness for category taxonomy, preserving current visual design unless necessary.",APIs validate; rate limiting/CSRF need hardening.,66,P2,medium,E008;E019;E024;E025;E048;E060,src/backend/security/rate-limit.ts; src/app/api/orders/route.ts; src/app/api/reviews/route.ts; src/app/api/returns/route.ts; src/app/api/contact/route.ts / newsletter/route.ts; custom mutation CSRF/origin scan,Keep category taxonomy under regression coverage and improve where noted.,XS,critical,May reduce polish or scalability if left unmonitored.,none,no
CP-15-43,"API/backend quality: validation, errors, rate limiting, contracts","Does API/backend quality: validation, errors, rate limiting, contracts meet the launch standard for internal linking?","Evidence-backed production readiness for internal linking, preserving current visual design unless necessary.",APIs validate; rate limiting/CSRF need hardening.,66,P2,medium,E008;E019;E024;E025;E048;E060,src/backend/security/rate-limit.ts; src/app/api/orders/route.ts; src/app/api/reviews/route.ts; src/app/api/returns/route.ts; src/app/api/contact/route.ts / newsletter/route.ts; custom mutation CSRF/origin scan,Keep internal linking under regression coverage and improve where noted.,XS,critical,May reduce polish or scalability if left unmonitored.,none,no
CP-15-44,"API/backend quality: validation, errors, rate limiting, contracts","Does API/backend quality: validation, errors, rate limiting, contracts meet the launch standard for reviews and ratings?","Evidence-backed production readiness for reviews and ratings, preserving current visual design unless necessary.",APIs validate; rate limiting/CSRF need hardening.,66,P2,medium,E008;E019;E024;E025;E048;E060,src/backend/security/rate-limit.ts; src/app/api/orders/route.ts; src/app/api/reviews/route.ts; src/app/api/returns/route.ts; src/app/api/contact/route.ts / newsletter/route.ts; custom mutation CSRF/origin scan,Keep reviews and ratings under regression coverage and improve where noted.,XS,critical,May reduce polish or scalability if left unmonitored.,none,no
CP-15-45,"API/backend quality: validation, errors, rate limiting, contracts","Does API/backend quality: validation, errors, rate limiting, contracts meet the launch standard for returns and refunds?","Evidence-backed production readiness for returns and refunds, preserving current visual design unless necessary.",APIs validate; rate limiting/CSRF need hardening.,66,P2,medium,E008;E019;E024;E025;E048;E060,src/backend/security/rate-limit.ts; src/app/api/orders/route.ts; src/app/api/reviews/route.ts; src/app/api/returns/route.ts; src/app/api/contact/route.ts / newsletter/route.ts; custom mutation CSRF/origin scan,Keep returns and refunds under regression coverage and improve where noted.,XS,critical,May reduce polish or scalability if left unmonitored.,none,no
CP-15-46,"API/backend quality: validation, errors, rate limiting, contracts","Does API/backend quality: validation, errors, rate limiting, contracts meet the launch standard for deployment headers?","Evidence-backed production readiness for deployment headers, preserving current visual design unless necessary.",APIs validate; rate limiting/CSRF need hardening.,66,P2,medium,E008;E019;E024;E025;E048;E060,src/backend/security/rate-limit.ts; src/app/api/orders/route.ts; src/app/api/reviews/route.ts; src/app/api/returns/route.ts; src/app/api/contact/route.ts / newsletter/route.ts; custom mutation CSRF/origin scan,Keep deployment headers under regression coverage and improve where noted.,XS,critical,May reduce polish or scalability if left unmonitored.,none,no
CP-15-47,"API/backend quality: validation, errors, rate limiting, contracts","Does API/backend quality: validation, errors, rate limiting, contracts meet the launch standard for dependency deprecation?","Evidence-backed production readiness for dependency deprecation, preserving current visual design unless necessary.",APIs validate; rate limiting/CSRF need hardening.,66,P2,medium,E008;E019;E024;E025;E048;E060,src/backend/security/rate-limit.ts; src/app/api/orders/route.ts; src/app/api/reviews/route.ts; src/app/api/returns/route.ts; src/app/api/contact/route.ts / newsletter/route.ts; custom mutation CSRF/origin scan,Keep dependency deprecation under regression coverage and improve where noted.,XS,critical,May reduce polish or scalability if left unmonitored.,none,no
CP-15-48,"API/backend quality: validation, errors, rate limiting, contracts","Does API/backend quality: validation, errors, rate limiting, contracts meet the launch standard for observability?","Evidence-backed production readiness for observability, preserving current visual design unless necessary.",APIs validate; rate limiting/CSRF need hardening.,66,P2,medium,E008;E019;E024;E025;E048;E060,src/backend/security/rate-limit.ts; src/app/api/orders/route.ts; src/app/api/reviews/route.ts; src/app/api/returns/route.ts; src/app/api/contact/route.ts / newsletter/route.ts; custom mutation CSRF/origin scan,Keep observability under regression coverage and improve where noted.,XS,critical,May reduce polish or scalability if left unmonitored.,none,no
CP-15-49,"API/backend quality: validation, errors, rate limiting, contracts","Does API/backend quality: validation, errors, rate limiting, contracts meet the launch standard for visual preservation?","Evidence-backed production readiness for visual preservation, preserving current visual design unless necessary.",APIs validate; rate limiting/CSRF need hardening.,66,P2,medium,E008;E019;E024;E025;E048;E060,src/backend/security/rate-limit.ts; src/app/api/orders/route.ts; src/app/api/reviews/route.ts; src/app/api/returns/route.ts; src/app/api/contact/route.ts / newsletter/route.ts; custom mutation CSRF/origin scan,Keep visual preservation under regression coverage and improve where noted.,XS,critical,May reduce polish or scalability if left unmonitored.,none,no
CP-15-50,"API/backend quality: validation, errors, rate limiting, contracts","Does API/backend quality: validation, errors, rate limiting, contracts meet the launch standard for launch risk?","Evidence-backed production readiness for launch risk, preserving current visual design unless necessary.",APIs validate; rate limiting/CSRF need hardening.,66,P2,medium,E008;E019;E024;E025;E048;E060,src/backend/security/rate-limit.ts; src/app/api/orders/route.ts; src/app/api/reviews/route.ts; src/app/api/returns/route.ts; src/app/api/contact/route.ts / newsletter/route.ts; custom mutation CSRF/origin scan,Keep launch risk under regression coverage and improve where noted.,XS,critical,May reduce polish or scalability if left unmonitored.,none,no
CP-16-01,"Database/schema/data integrity: product, seller, inventory, order, user, role, audit trails","Does Database/schema/data integrity: product, seller, inventory, order, user, role, audit trails meet the launch standard for route group coverage?","Evidence-backed production readiness for route group coverage, preserving current visual design unless necessary.",Commerce schema is broad; webhook/shipment/fraud/invoice/payout models missing.,74,P2,medium,E003;E019;E029;E041;E051,prisma/schema.prisma; src/app/api/orders/route.ts; src/backend/admin/admin-utils.ts; src/backend/database/index.ts; prisma/schema.prisma,Keep route group coverage under regression coverage and improve where noted.,XS,medium,May reduce polish or scalability if left unmonitored.,none,no
CP-16-02,"Database/schema/data integrity: product, seller, inventory, order, user, role, audit trails","Does Database/schema/data integrity: product, seller, inventory, order, user, role, audit trails meet the launch standard for API mutation coverage?","Evidence-backed production readiness for API mutation coverage, preserving current visual design unless necessary.",Commerce schema is broad; webhook/shipment/fraud/invoice/payout models missing.,74,P2,medium,E003;E019;E029;E041;E051,prisma/schema.prisma; src/app/api/orders/route.ts; src/backend/admin/admin-utils.ts; src/backend/database/index.ts; prisma/schema.prisma,Keep API mutation coverage under regression coverage and improve where noted.,XS,medium,May reduce polish or scalability if left unmonitored.,none,no
CP-16-03,"Database/schema/data integrity: product, seller, inventory, order, user, role, audit trails","Does Database/schema/data integrity: product, seller, inventory, order, user, role, audit trails meet the launch standard for RBAC enforcement?","Evidence-backed production readiness for RBAC enforcement, preserving current visual design unless necessary.",Commerce schema is broad; webhook/shipment/fraud/invoice/payout models missing.,74,P2,medium,E003;E019;E029;E041;E051,prisma/schema.prisma; src/app/api/orders/route.ts; src/backend/admin/admin-utils.ts; src/backend/database/index.ts; prisma/schema.prisma,Keep RBAC enforcement under regression coverage and improve where noted.,XS,medium,May reduce polish or scalability if left unmonitored.,none,no
CP-16-04,"Database/schema/data integrity: product, seller, inventory, order, user, role, audit trails","Does Database/schema/data integrity: product, seller, inventory, order, user, role, audit trails meet the launch standard for authenticated data access?","Evidence-backed production readiness for authenticated data access, preserving current visual design unless necessary.",Commerce schema is broad; webhook/shipment/fraud/invoice/payout models missing.,74,P2,medium,E003;E019;E029;E041;E051,prisma/schema.prisma; src/app/api/orders/route.ts; src/backend/admin/admin-utils.ts; src/backend/database/index.ts; prisma/schema.prisma,Keep authenticated data access under regression coverage and improve where noted.,XS,medium,May reduce polish or scalability if left unmonitored.,none,no
CP-16-05,"Database/schema/data integrity: product, seller, inventory, order, user, role, audit trails","Does Database/schema/data integrity: product, seller, inventory, order, user, role, audit trails meet the launch standard for schema support?","Evidence-backed production readiness for schema support, preserving current visual design unless necessary.",Commerce schema is broad; webhook/shipment/fraud/invoice/payout models missing.,74,P2,medium,E003;E019;E029;E041;E051,prisma/schema.prisma; src/app/api/orders/route.ts; src/backend/admin/admin-utils.ts; src/backend/database/index.ts; prisma/schema.prisma,Keep schema support under regression coverage and improve where noted.,XS,medium,May reduce polish or scalability if left unmonitored.,none,no
CP-16-06,"Database/schema/data integrity: product, seller, inventory, order, user, role, audit trails","Does Database/schema/data integrity: product, seller, inventory, order, user, role, audit trails meet the launch standard for validation path?","Evidence-backed production readiness for validation path, preserving current visual design unless necessary.",Commerce schema is broad; webhook/shipment/fraud/invoice/payout models missing.,74,P2,medium,E003;E019;E029;E041;E051,prisma/schema.prisma; src/app/api/orders/route.ts; src/backend/admin/admin-utils.ts; src/backend/database/index.ts; prisma/schema.prisma,Keep validation path under regression coverage and improve where noted.,XS,medium,May reduce polish or scalability if left unmonitored.,none,no
CP-16-07,"Database/schema/data integrity: product, seller, inventory, order, user, role, audit trails","Does Database/schema/data integrity: product, seller, inventory, order, user, role, audit trails meet the launch standard for error handling?","Evidence-backed production readiness for error handling, preserving current visual design unless necessary.",Commerce schema is broad; webhook/shipment/fraud/invoice/payout models missing.,74,P2,medium,E003;E019;E029;E041;E051,prisma/schema.prisma; src/app/api/orders/route.ts; src/backend/admin/admin-utils.ts; src/backend/database/index.ts; prisma/schema.prisma,Keep error handling under regression coverage and improve where noted.,XS,medium,May reduce polish or scalability if left unmonitored.,none,no
CP-16-08,"Database/schema/data integrity: product, seller, inventory, order, user, role, audit trails","Does Database/schema/data integrity: product, seller, inventory, order, user, role, audit trails meet the launch standard for audit logging?","Evidence-backed production readiness for audit logging, preserving current visual design unless necessary.",Commerce schema is broad; webhook/shipment/fraud/invoice/payout models missing.,74,P2,medium,E003;E019;E029;E041;E051,prisma/schema.prisma; src/app/api/orders/route.ts; src/backend/admin/admin-utils.ts; src/backend/database/index.ts; prisma/schema.prisma,Keep audit logging under regression coverage and improve where noted.,XS,medium,May reduce polish or scalability if left unmonitored.,none,no
CP-16-09,"Database/schema/data integrity: product, seller, inventory, order, user, role, audit trails","Does Database/schema/data integrity: product, seller, inventory, order, user, role, audit trails meet the launch standard for environment dependency?","Evidence-backed production readiness for environment dependency, preserving current visual design unless necessary.",Commerce schema is broad; webhook/shipment/fraud/invoice/payout models missing.,74,P2,medium,E003;E019;E029;E041;E051,prisma/schema.prisma; src/app/api/orders/route.ts; src/backend/admin/admin-utils.ts; src/backend/database/index.ts; prisma/schema.prisma,Keep environment dependency under regression coverage and improve where noted.,XS,medium,May reduce polish or scalability if left unmonitored.,none,no
CP-16-10,"Database/schema/data integrity: product, seller, inventory, order, user, role, audit trails","Does Database/schema/data integrity: product, seller, inventory, order, user, role, audit trails meet the launch standard for command verification?","Evidence-backed production readiness for command verification, preserving current visual design unless necessary.",Commerce schema is broad; webhook/shipment/fraud/invoice/payout models missing.,74,P2,medium,E003;E019;E029;E041;E051,prisma/schema.prisma; src/app/api/orders/route.ts; src/backend/admin/admin-utils.ts; src/backend/database/index.ts; prisma/schema.prisma,Keep command verification under regression coverage and improve where noted.,XS,medium,May reduce polish or scalability if left unmonitored.,none,no
CP-16-11,"Database/schema/data integrity: product, seller, inventory, order, user, role, audit trails","Does Database/schema/data integrity: product, seller, inventory, order, user, role, audit trails meet the launch standard for test coverage?","Evidence-backed production readiness for test coverage, preserving current visual design unless necessary.",Commerce schema is broad; webhook/shipment/fraud/invoice/payout models missing.,74,P2,medium,E003;E019;E029;E041;E051,prisma/schema.prisma; src/app/api/orders/route.ts; src/backend/admin/admin-utils.ts; src/backend/database/index.ts; prisma/schema.prisma,Keep test coverage under regression coverage and improve where noted.,XS,medium,May reduce polish or scalability if left unmonitored.,none,no
CP-16-12,"Database/schema/data integrity: product, seller, inventory, order, user, role, audit trails","Does Database/schema/data integrity: product, seller, inventory, order, user, role, audit trails meet the launch standard for data fetching strategy?","Evidence-backed production readiness for data fetching strategy, preserving current visual design unless necessary.",In-memory route limiter exists but is not distributed.,58,P1,medium,E008,src/backend/security/rate-limit.ts,Fix data fetching strategy before launch or before enabling related feature.,S,medium,Launch risk remains around data fetching strategy.,none,no
CP-16-13,"Database/schema/data integrity: product, seller, inventory, order, user, role, audit trails","Does Database/schema/data integrity: product, seller, inventory, order, user, role, audit trails meet the launch standard for image/media handling?","Evidence-backed production readiness for image/media handling, preserving current visual design unless necessary.",Commerce schema is broad; webhook/shipment/fraud/invoice/payout models missing.,74,P2,medium,E003;E019;E029;E041;E051,prisma/schema.prisma; src/app/api/orders/route.ts; src/backend/admin/admin-utils.ts; src/backend/database/index.ts; prisma/schema.prisma,Keep image/media handling under regression coverage and improve where noted.,XS,medium,May reduce polish or scalability if left unmonitored.,none,no
CP-16-14,"Database/schema/data integrity: product, seller, inventory, order, user, role, audit trails","Does Database/schema/data integrity: product, seller, inventory, order, user, role, audit trails meet the launch standard for metadata and canonical handling?","Evidence-backed production readiness for metadata and canonical handling, preserving current visual design unless necessary.",Commerce schema is broad; webhook/shipment/fraud/invoice/payout models missing.,74,P2,medium,E011;E017;E018,src/backend/seo/metadata.ts; src/app/(store)/category/[slug]/page.tsx; src/app/(store)/search/page.tsx,Keep metadata and canonical handling under regression coverage and improve where noted.,XS,medium,May reduce polish or scalability if left unmonitored.,none,no
CP-16-15,"Database/schema/data integrity: product, seller, inventory, order, user, role, audit trails","Does Database/schema/data integrity: product, seller, inventory, order, user, role, audit trails meet the launch standard for structured data handling?","Evidence-backed production readiness for structured data handling, preserving current visual design unless necessary.",Commerce schema is broad; webhook/shipment/fraud/invoice/payout models missing.,74,P2,medium,E014;E016;E017,src/backend/seo/structured-data.ts; src/app/(store)/products/[slug]/page.tsx; src/app/(store)/category/[slug]/page.tsx,Keep structured data handling under regression coverage and improve where noted.,XS,medium,May reduce polish or scalability if left unmonitored.,none,no
CP-16-16,"Database/schema/data integrity: product, seller, inventory, order, user, role, audit trails","Does Database/schema/data integrity: product, seller, inventory, order, user, role, audit trails meet the launch standard for sitemap and robots handling?","Evidence-backed production readiness for sitemap and robots handling, preserving current visual design unless necessary.",Commerce schema is broad; webhook/shipment/fraud/invoice/payout models missing.,74,P2,medium,E003;E019;E029;E041;E051,prisma/schema.prisma; src/app/api/orders/route.ts; src/backend/admin/admin-utils.ts; src/backend/database/index.ts; prisma/schema.prisma,Keep sitemap and robots handling under regression coverage and improve where noted.,XS,medium,May reduce polish or scalability if left unmonitored.,none,no
CP-16-17,"Database/schema/data integrity: product, seller, inventory, order, user, role, audit trails","Does Database/schema/data integrity: product, seller, inventory, order, user, role, audit trails meet the launch standard for pagination and facets?","Evidence-backed production readiness for pagination and facets, preserving current visual design unless necessary.",Commerce schema is broad; webhook/shipment/fraud/invoice/payout models missing.,74,P2,medium,E003;E019;E029;E041;E051,prisma/schema.prisma; src/app/api/orders/route.ts; src/backend/admin/admin-utils.ts; src/backend/database/index.ts; prisma/schema.prisma,Keep pagination and facets under regression coverage and improve where noted.,XS,medium,May reduce polish or scalability if left unmonitored.,none,no
CP-16-18,"Database/schema/data integrity: product, seller, inventory, order, user, role, audit trails","Does Database/schema/data integrity: product, seller, inventory, order, user, role, audit trails meet the launch standard for seller ownership?","Evidence-backed production readiness for seller ownership, preserving current visual design unless necessary.","Seller schema exists, but no seller route area was found and product writes are first-party/admin-managed.",45,P1,medium,E031;E026;E003,src/app route scan and README.md; src/backend/admin/product-editor.ts; prisma/schema.prisma,Fix seller ownership before launch or before enabling related feature.,S,medium,Launch risk remains around seller ownership.,minor,no
CP-16-19,"Database/schema/data integrity: product, seller, inventory, order, user, role, audit trails","Does Database/schema/data integrity: product, seller, inventory, order, user, role, audit trails meet the launch standard for admin versus super-admin split?","Evidence-backed production readiness for admin versus super-admin split, preserving current visual design unless necessary.",Commerce schema is broad; webhook/shipment/fraud/invoice/payout models missing.,74,P2,medium,E003;E019;E029;E041;E051,prisma/schema.prisma; src/app/api/orders/route.ts; src/backend/admin/admin-utils.ts; src/backend/database/index.ts; prisma/schema.prisma,Keep admin versus super-admin split under regression coverage and improve where noted.,XS,medium,May reduce polish or scalability if left unmonitored.,none,no
CP-16-20,"Database/schema/data integrity: product, seller, inventory, order, user, role, audit trails","Does Database/schema/data integrity: product, seller, inventory, order, user, role, audit trails meet the launch standard for order payment shipment status?","Evidence-backed production readiness for order payment shipment status, preserving current visual design unless necessary.",Commerce schema is broad; webhook/shipment/fraud/invoice/payout models missing.,74,P2,medium,E003;E019;E029;E041;E051,prisma/schema.prisma; src/app/api/orders/route.ts; src/backend/admin/admin-utils.ts; src/backend/database/index.ts; prisma/schema.prisma,Keep order payment shipment status under regression coverage and improve where noted.,XS,medium,May reduce polish or scalability if left unmonitored.,none,no
CP-16-21,"Database/schema/data integrity: product, seller, inventory, order, user, role, audit trails","Does Database/schema/data integrity: product, seller, inventory, order, user, role, audit trails meet the launch standard for rate limiting?","Evidence-backed production readiness for rate limiting, preserving current visual design unless necessary.",In-memory route limiter exists but is not distributed.,58,P1,medium,E008,src/backend/security/rate-limit.ts,Fix rate limiting before launch or before enabling related feature.,S,medium,Launch risk remains around rate limiting.,none,no
CP-16-22,"Database/schema/data integrity: product, seller, inventory, order, user, role, audit trails","Does Database/schema/data integrity: product, seller, inventory, order, user, role, audit trails meet the launch standard for CSRF and origin control?","Evidence-backed production readiness for CSRF and origin control, preserving current visual design unless necessary.",No explicit CSRF token or Origin/Referer check found in sampled custom mutation APIs.,55,P1,medium,E060,custom mutation CSRF/origin scan,Fix CSRF and origin control before launch or before enabling related feature.,S,medium,Launch risk remains around CSRF and origin control.,none,no
CP-16-23,"Database/schema/data integrity: product, seller, inventory, order, user, role, audit trails","Does Database/schema/data integrity: product, seller, inventory, order, user, role, audit trails meet the launch standard for secret exposure?","Evidence-backed production readiness for secret exposure, preserving current visual design unless necessary.",Commerce schema is broad; webhook/shipment/fraud/invoice/payout models missing.,74,P2,medium,E003;E019;E029;E041;E051,prisma/schema.prisma; src/app/api/orders/route.ts; src/backend/admin/admin-utils.ts; src/backend/database/index.ts; prisma/schema.prisma,Keep secret exposure under regression coverage and improve where noted.,XS,medium,May reduce polish or scalability if left unmonitored.,none,no
CP-16-24,"Database/schema/data integrity: product, seller, inventory, order, user, role, audit trails","Does Database/schema/data integrity: product, seller, inventory, order, user, role, audit trails meet the launch standard for console and logging hygiene?","Evidence-backed production readiness for console and logging hygiene, preserving current visual design unless necessary.",Commerce schema is broad; webhook/shipment/fraud/invoice/payout models missing.,74,P2,medium,E003;E019;E029;E041;E051,prisma/schema.prisma; src/app/api/orders/route.ts; src/backend/admin/admin-utils.ts; src/backend/database/index.ts; prisma/schema.prisma,Keep console and logging hygiene under regression coverage and improve where noted.,XS,medium,May reduce polish or scalability if left unmonitored.,none,no
CP-16-25,"Database/schema/data integrity: product, seller, inventory, order, user, role, audit trails","Does Database/schema/data integrity: product, seller, inventory, order, user, role, audit trails meet the launch standard for type safety?","Evidence-backed production readiness for type safety, preserving current visual design unless necessary.",Commerce schema is broad; webhook/shipment/fraud/invoice/payout models missing.,74,P2,medium,E003;E019;E029;E041;E051,prisma/schema.prisma; src/app/api/orders/route.ts; src/backend/admin/admin-utils.ts; src/backend/database/index.ts; prisma/schema.prisma,Keep type safety under regression coverage and improve where noted.,XS,medium,May reduce polish or scalability if left unmonitored.,none,no
CP-16-26,"Database/schema/data integrity: product, seller, inventory, order, user, role, audit trails","Does Database/schema/data integrity: product, seller, inventory, order, user, role, audit trails meet the launch standard for duplicate or dead code risk?","Evidence-backed production readiness for duplicate or dead code risk, preserving current visual design unless necessary.",Commerce schema is broad; webhook/shipment/fraud/invoice/payout models missing.,74,P2,medium,E003;E019;E029;E041;E051,prisma/schema.prisma; src/app/api/orders/route.ts; src/backend/admin/admin-utils.ts; src/backend/database/index.ts; prisma/schema.prisma,Keep duplicate or dead code risk under regression coverage and improve where noted.,XS,medium,May reduce polish or scalability if left unmonitored.,none,no
CP-16-27,"Database/schema/data integrity: product, seller, inventory, order, user, role, audit trails","Does Database/schema/data integrity: product, seller, inventory, order, user, role, audit trails meet the launch standard for README and implementation alignment?","Evidence-backed production readiness for README and implementation alignment, preserving current visual design unless necessary.",Commerce schema is broad; webhook/shipment/fraud/invoice/payout models missing.,74,P2,medium,E003;E019;E029;E041;E051,prisma/schema.prisma; src/app/api/orders/route.ts; src/backend/admin/admin-utils.ts; src/backend/database/index.ts; prisma/schema.prisma,Keep README and implementation alignment under regression coverage and improve where noted.,XS,medium,May reduce polish or scalability if left unmonitored.,none,no
CP-16-28,"Database/schema/data integrity: product, seller, inventory, order, user, role, audit trails","Does Database/schema/data integrity: product, seller, inventory, order, user, role, audit trails meet the launch standard for accessibility controls?","Evidence-backed production readiness for accessibility controls, preserving current visual design unless necessary.",Commerce schema is broad; webhook/shipment/fraud/invoice/payout models missing.,74,P2,medium,E003;E019;E029;E041;E051,prisma/schema.prisma; src/app/api/orders/route.ts; src/backend/admin/admin-utils.ts; src/backend/database/index.ts; prisma/schema.prisma,Keep accessibility controls under regression coverage and improve where noted.,XS,medium,May reduce polish or scalability if left unmonitored.,none,no
CP-16-29,"Database/schema/data integrity: product, seller, inventory, order, user, role, audit trails","Does Database/schema/data integrity: product, seller, inventory, order, user, role, audit trails meet the launch standard for mobile layout behavior?","Evidence-backed production readiness for mobile layout behavior, preserving current visual design unless necessary.",Commerce schema is broad; webhook/shipment/fraud/invoice/payout models missing.,74,P2,medium,E003;E019;E029;E041;E051,prisma/schema.prisma; src/app/api/orders/route.ts; src/backend/admin/admin-utils.ts; src/backend/database/index.ts; prisma/schema.prisma,Keep mobile layout behavior under regression coverage and improve where noted.,XS,medium,May reduce polish or scalability if left unmonitored.,none,no
CP-16-30,"Database/schema/data integrity: product, seller, inventory, order, user, role, audit trails","Does Database/schema/data integrity: product, seller, inventory, order, user, role, audit trails meet the launch standard for Bangladesh localization?","Evidence-backed production readiness for Bangladesh localization, preserving current visual design unless necessary.",Commerce schema is broad; webhook/shipment/fraud/invoice/payout models missing.,74,P2,medium,E003;E019;E029;E041;E051,prisma/schema.prisma; src/app/api/orders/route.ts; src/backend/admin/admin-utils.ts; src/backend/database/index.ts; prisma/schema.prisma,Keep Bangladesh localization under regression coverage and improve where noted.,XS,medium,May reduce polish or scalability if left unmonitored.,none,no
CP-16-31,"Database/schema/data integrity: product, seller, inventory, order, user, role, audit trails","Does Database/schema/data integrity: product, seller, inventory, order, user, role, audit trails meet the launch standard for Bangla and English readiness?","Evidence-backed production readiness for Bangla and English readiness, preserving current visual design unless necessary.",Commerce schema is broad; webhook/shipment/fraud/invoice/payout models missing.,74,P2,medium,E003;E019;E029;E041;E051,prisma/schema.prisma; src/app/api/orders/route.ts; src/backend/admin/admin-utils.ts; src/backend/database/index.ts; prisma/schema.prisma,Keep Bangla and English readiness under regression coverage and improve where noted.,XS,medium,May reduce polish or scalability if left unmonitored.,none,no
CP-16-32,"Database/schema/data integrity: product, seller, inventory, order, user, role, audit trails","Does Database/schema/data integrity: product, seller, inventory, order, user, role, audit trails meet the launch standard for Merchant Center readiness?","Evidence-backed production readiness for Merchant Center readiness, preserving current visual design unless necessary.",Commerce schema is broad; webhook/shipment/fraud/invoice/payout models missing.,74,P2,medium,E003;E019;E029;E041;E051,prisma/schema.prisma; src/app/api/orders/route.ts; src/backend/admin/admin-utils.ts; src/backend/database/index.ts; prisma/schema.prisma,Keep Merchant Center readiness under regression coverage and improve where noted.,XS,medium,May reduce polish or scalability if left unmonitored.,none,no
CP-16-33,"Database/schema/data integrity: product, seller, inventory, order, user, role, audit trails","Does Database/schema/data integrity: product, seller, inventory, order, user, role, audit trails meet the launch standard for webhook readiness?","Evidence-backed production readiness for webhook readiness, preserving current visual design unless necessary.","Payment env variables exist, but no webhook route was found.",45,P1,medium,E043;E050,webhook route scan; src/app/api/admin/orders/[id]/payment-status/route.ts,Fix webhook readiness before launch or before enabling related feature.,S,medium,Launch risk remains around webhook readiness.,none,no
CP-16-34,"Database/schema/data integrity: product, seller, inventory, order, user, role, audit trails","Does Database/schema/data integrity: product, seller, inventory, order, user, role, audit trails meet the launch standard for shipment tracking readiness?","Evidence-backed production readiness for shipment tracking readiness, preserving current visual design unless necessary.",Commerce schema is broad; webhook/shipment/fraud/invoice/payout models missing.,74,P2,medium,E003;E019;E029;E041;E051,prisma/schema.prisma; src/app/api/orders/route.ts; src/backend/admin/admin-utils.ts; src/backend/database/index.ts; prisma/schema.prisma,Keep shipment tracking readiness under regression coverage and improve where noted.,XS,medium,May reduce polish or scalability if left unmonitored.,none,no
CP-16-35,"Database/schema/data integrity: product, seller, inventory, order, user, role, audit trails","Does Database/schema/data integrity: product, seller, inventory, order, user, role, audit trails meet the launch standard for fraud and moderation readiness?","Evidence-backed production readiness for fraud and moderation readiness, preserving current visual design unless necessary.",Commerce schema is broad; webhook/shipment/fraud/invoice/payout models missing.,74,P2,medium,E003;E019;E029;E041;E051,prisma/schema.prisma; src/app/api/orders/route.ts; src/backend/admin/admin-utils.ts; src/backend/database/index.ts; prisma/schema.prisma,Keep fraud and moderation readiness under regression coverage and improve where noted.,XS,medium,May reduce polish or scalability if left unmonitored.,none,no
CP-16-36,"Database/schema/data integrity: product, seller, inventory, order, user, role, audit trails","Does Database/schema/data integrity: product, seller, inventory, order, user, role, audit trails meet the launch standard for cache and revalidation?","Evidence-backed production readiness for cache and revalidation, preserving current visual design unless necessary.",Commerce schema is broad; webhook/shipment/fraud/invoice/payout models missing.,74,P2,medium,E003;E019;E029;E041;E051,prisma/schema.prisma; src/app/api/orders/route.ts; src/backend/admin/admin-utils.ts; src/backend/database/index.ts; prisma/schema.prisma,Keep cache and revalidation under regression coverage and improve where noted.,XS,medium,May reduce polish or scalability if left unmonitored.,none,no
CP-16-37,"Database/schema/data integrity: product, seller, inventory, order, user, role, audit trails","Does Database/schema/data integrity: product, seller, inventory, order, user, role, audit trails meet the launch standard for N+1 or bulk-fetch risk?","Evidence-backed production readiness for N+1 or bulk-fetch risk, preserving current visual design unless necessary.",Commerce schema is broad; webhook/shipment/fraud/invoice/payout models missing.,74,P2,medium,E003;E019;E029;E041;E051,prisma/schema.prisma; src/app/api/orders/route.ts; src/backend/admin/admin-utils.ts; src/backend/database/index.ts; prisma/schema.prisma,Keep N+1 or bulk-fetch risk under regression coverage and improve where noted.,XS,medium,May reduce polish or scalability if left unmonitored.,none,no
CP-16-38,"Database/schema/data integrity: product, seller, inventory, order, user, role, audit trails","Does Database/schema/data integrity: product, seller, inventory, order, user, role, audit trails meet the launch standard for payment status integrity?","Evidence-backed production readiness for payment status integrity, preserving current visual design unless necessary.",Commerce schema is broad; webhook/shipment/fraud/invoice/payout models missing.,74,P2,medium,E003;E019;E029;E041;E051,prisma/schema.prisma; src/app/api/orders/route.ts; src/backend/admin/admin-utils.ts; src/backend/database/index.ts; prisma/schema.prisma,Keep payment status integrity under regression coverage and improve where noted.,XS,medium,May reduce polish or scalability if left unmonitored.,none,no
CP-16-39,"Database/schema/data integrity: product, seller, inventory, order, user, role, audit trails","Does Database/schema/data integrity: product, seller, inventory, order, user, role, audit trails meet the launch standard for guest and buyer flow?","Evidence-backed production readiness for guest and buyer flow, preserving current visual design unless necessary.",Commerce schema is broad; webhook/shipment/fraud/invoice/payout models missing.,74,P2,medium,E003;E019;E029;E041;E051,prisma/schema.prisma; src/app/api/orders/route.ts; src/backend/admin/admin-utils.ts; src/backend/database/index.ts; prisma/schema.prisma,Keep guest and buyer flow under regression coverage and improve where noted.,XS,medium,May reduce polish or scalability if left unmonitored.,none,no
CP-16-40,"Database/schema/data integrity: product, seller, inventory, order, user, role, audit trails","Does Database/schema/data integrity: product, seller, inventory, order, user, role, audit trails meet the launch standard for account privacy?","Evidence-backed production readiness for account privacy, preserving current visual design unless necessary.","Account order detail is owner-scoped, but public confirmation exposes PII by orderNumber.",35,P0,medium,E022;E023;E010,src/app/(store)/order/[orderNumber]/confirmation/page.tsx; src/app/(store)/account/orders/[id]/page.tsx; .gitignore / git ls-files .env,Fix account privacy before launch or before enabling related feature.,M,critical,Launch risk remains around account privacy.,none,yes
CP-16-41,"Database/schema/data integrity: product, seller, inventory, order, user, role, audit trails","Does Database/schema/data integrity: product, seller, inventory, order, user, role, audit trails meet the launch standard for product SEO fields?","Evidence-backed production readiness for product SEO fields, preserving current visual design unless necessary.",Commerce schema is broad; webhook/shipment/fraud/invoice/payout models missing.,74,P2,medium,E003;E019;E029;E041;E051,prisma/schema.prisma; src/app/api/orders/route.ts; src/backend/admin/admin-utils.ts; src/backend/database/index.ts; prisma/schema.prisma,Keep product SEO fields under regression coverage and improve where noted.,XS,medium,May reduce polish or scalability if left unmonitored.,none,no
CP-16-42,"Database/schema/data integrity: product, seller, inventory, order, user, role, audit trails","Does Database/schema/data integrity: product, seller, inventory, order, user, role, audit trails meet the launch standard for category taxonomy?","Evidence-backed production readiness for category taxonomy, preserving current visual design unless necessary.",Commerce schema is broad; webhook/shipment/fraud/invoice/payout models missing.,74,P2,medium,E003;E019;E029;E041;E051,prisma/schema.prisma; src/app/api/orders/route.ts; src/backend/admin/admin-utils.ts; src/backend/database/index.ts; prisma/schema.prisma,Keep category taxonomy under regression coverage and improve where noted.,XS,medium,May reduce polish or scalability if left unmonitored.,none,no
CP-16-43,"Database/schema/data integrity: product, seller, inventory, order, user, role, audit trails","Does Database/schema/data integrity: product, seller, inventory, order, user, role, audit trails meet the launch standard for internal linking?","Evidence-backed production readiness for internal linking, preserving current visual design unless necessary.",Commerce schema is broad; webhook/shipment/fraud/invoice/payout models missing.,74,P2,medium,E003;E019;E029;E041;E051,prisma/schema.prisma; src/app/api/orders/route.ts; src/backend/admin/admin-utils.ts; src/backend/database/index.ts; prisma/schema.prisma,Keep internal linking under regression coverage and improve where noted.,XS,medium,May reduce polish or scalability if left unmonitored.,none,no
CP-16-44,"Database/schema/data integrity: product, seller, inventory, order, user, role, audit trails","Does Database/schema/data integrity: product, seller, inventory, order, user, role, audit trails meet the launch standard for reviews and ratings?","Evidence-backed production readiness for reviews and ratings, preserving current visual design unless necessary.",Commerce schema is broad; webhook/shipment/fraud/invoice/payout models missing.,74,P2,medium,E003;E019;E029;E041;E051,prisma/schema.prisma; src/app/api/orders/route.ts; src/backend/admin/admin-utils.ts; src/backend/database/index.ts; prisma/schema.prisma,Keep reviews and ratings under regression coverage and improve where noted.,XS,medium,May reduce polish or scalability if left unmonitored.,none,no
CP-16-45,"Database/schema/data integrity: product, seller, inventory, order, user, role, audit trails","Does Database/schema/data integrity: product, seller, inventory, order, user, role, audit trails meet the launch standard for returns and refunds?","Evidence-backed production readiness for returns and refunds, preserving current visual design unless necessary.",Commerce schema is broad; webhook/shipment/fraud/invoice/payout models missing.,74,P2,medium,E003;E019;E029;E041;E051,prisma/schema.prisma; src/app/api/orders/route.ts; src/backend/admin/admin-utils.ts; src/backend/database/index.ts; prisma/schema.prisma,Keep returns and refunds under regression coverage and improve where noted.,XS,medium,May reduce polish or scalability if left unmonitored.,none,no
CP-16-46,"Database/schema/data integrity: product, seller, inventory, order, user, role, audit trails","Does Database/schema/data integrity: product, seller, inventory, order, user, role, audit trails meet the launch standard for deployment headers?","Evidence-backed production readiness for deployment headers, preserving current visual design unless necessary.",Commerce schema is broad; webhook/shipment/fraud/invoice/payout models missing.,74,P2,medium,E003;E019;E029;E041;E051,prisma/schema.prisma; src/app/api/orders/route.ts; src/backend/admin/admin-utils.ts; src/backend/database/index.ts; prisma/schema.prisma,Keep deployment headers under regression coverage and improve where noted.,XS,medium,May reduce polish or scalability if left unmonitored.,none,no
CP-16-47,"Database/schema/data integrity: product, seller, inventory, order, user, role, audit trails","Does Database/schema/data integrity: product, seller, inventory, order, user, role, audit trails meet the launch standard for dependency deprecation?","Evidence-backed production readiness for dependency deprecation, preserving current visual design unless necessary.",Commerce schema is broad; webhook/shipment/fraud/invoice/payout models missing.,74,P2,medium,E003;E019;E029;E041;E051,prisma/schema.prisma; src/app/api/orders/route.ts; src/backend/admin/admin-utils.ts; src/backend/database/index.ts; prisma/schema.prisma,Keep dependency deprecation under regression coverage and improve where noted.,XS,medium,May reduce polish or scalability if left unmonitored.,none,no
CP-16-48,"Database/schema/data integrity: product, seller, inventory, order, user, role, audit trails","Does Database/schema/data integrity: product, seller, inventory, order, user, role, audit trails meet the launch standard for observability?","Evidence-backed production readiness for observability, preserving current visual design unless necessary.",Commerce schema is broad; webhook/shipment/fraud/invoice/payout models missing.,74,P2,medium,E003;E019;E029;E041;E051,prisma/schema.prisma; src/app/api/orders/route.ts; src/backend/admin/admin-utils.ts; src/backend/database/index.ts; prisma/schema.prisma,Keep observability under regression coverage and improve where noted.,XS,medium,May reduce polish or scalability if left unmonitored.,none,no
CP-16-49,"Database/schema/data integrity: product, seller, inventory, order, user, role, audit trails","Does Database/schema/data integrity: product, seller, inventory, order, user, role, audit trails meet the launch standard for visual preservation?","Evidence-backed production readiness for visual preservation, preserving current visual design unless necessary.",Commerce schema is broad; webhook/shipment/fraud/invoice/payout models missing.,74,P2,medium,E003;E019;E029;E041;E051,prisma/schema.prisma; src/app/api/orders/route.ts; src/backend/admin/admin-utils.ts; src/backend/database/index.ts; prisma/schema.prisma,Keep visual preservation under regression coverage and improve where noted.,XS,medium,May reduce polish or scalability if left unmonitored.,none,no
CP-16-50,"Database/schema/data integrity: product, seller, inventory, order, user, role, audit trails","Does Database/schema/data integrity: product, seller, inventory, order, user, role, audit trails meet the launch standard for launch risk?","Evidence-backed production readiness for launch risk, preserving current visual design unless necessary.",Commerce schema is broad; webhook/shipment/fraud/invoice/payout models missing.,74,P2,medium,E003;E019;E029;E041;E051,prisma/schema.prisma; src/app/api/orders/route.ts; src/backend/admin/admin-utils.ts; src/backend/database/index.ts; prisma/schema.prisma,Keep launch risk under regression coverage and improve where noted.,XS,medium,May reduce polish or scalability if left unmonitored.,none,no
CP-17-01,"Multi-vendor marketplace logic: seller onboarding, product ownership, commissions, moderation","Does Multi-vendor marketplace logic: seller onboarding, product ownership, commissions, moderation meet the launch standard for route group coverage?","Evidence-backed production readiness for route group coverage, preserving current visual design unless necessary.","Currently first-party/admin mode, not third-party seller-ready.",50,P1,medium,E003;E026;E031;E051,prisma/schema.prisma; src/backend/admin/product-editor.ts; src/app route scan and README.md; prisma/schema.prisma,Fix route group coverage before launch or before enabling related feature.,S,high,Launch risk remains around route group coverage.,none,no
CP-17-02,"Multi-vendor marketplace logic: seller onboarding, product ownership, commissions, moderation","Does Multi-vendor marketplace logic: seller onboarding, product ownership, commissions, moderation meet the launch standard for API mutation coverage?","Evidence-backed production readiness for API mutation coverage, preserving current visual design unless necessary.","Currently first-party/admin mode, not third-party seller-ready.",50,P1,medium,E003;E026;E031;E051,prisma/schema.prisma; src/backend/admin/product-editor.ts; src/app route scan and README.md; prisma/schema.prisma,Fix API mutation coverage before launch or before enabling related feature.,S,high,Launch risk remains around API mutation coverage.,none,no
CP-17-03,"Multi-vendor marketplace logic: seller onboarding, product ownership, commissions, moderation","Does Multi-vendor marketplace logic: seller onboarding, product ownership, commissions, moderation meet the launch standard for RBAC enforcement?","Evidence-backed production readiness for RBAC enforcement, preserving current visual design unless necessary.","Currently first-party/admin mode, not third-party seller-ready.",50,P1,medium,E003;E026;E031;E051,prisma/schema.prisma; src/backend/admin/product-editor.ts; src/app route scan and README.md; prisma/schema.prisma,Fix RBAC enforcement before launch or before enabling related feature.,S,high,Launch risk remains around RBAC enforcement.,none,no
CP-17-04,"Multi-vendor marketplace logic: seller onboarding, product ownership, commissions, moderation","Does Multi-vendor marketplace logic: seller onboarding, product ownership, commissions, moderation meet the launch standard for authenticated data access?","Evidence-backed production readiness for authenticated data access, preserving current visual design unless necessary.","Currently first-party/admin mode, not third-party seller-ready.",50,P1,medium,E003;E026;E031;E051,prisma/schema.prisma; src/backend/admin/product-editor.ts; src/app route scan and README.md; prisma/schema.prisma,Fix authenticated data access before launch or before enabling related feature.,S,high,Launch risk remains around authenticated data access.,none,no
CP-17-05,"Multi-vendor marketplace logic: seller onboarding, product ownership, commissions, moderation","Does Multi-vendor marketplace logic: seller onboarding, product ownership, commissions, moderation meet the launch standard for schema support?","Evidence-backed production readiness for schema support, preserving current visual design unless necessary.","Currently first-party/admin mode, not third-party seller-ready.",50,P1,medium,E003;E026;E031;E051,prisma/schema.prisma; src/backend/admin/product-editor.ts; src/app route scan and README.md; prisma/schema.prisma,Fix schema support before launch or before enabling related feature.,S,high,Launch risk remains around schema support.,none,no
CP-17-06,"Multi-vendor marketplace logic: seller onboarding, product ownership, commissions, moderation","Does Multi-vendor marketplace logic: seller onboarding, product ownership, commissions, moderation meet the launch standard for validation path?","Evidence-backed production readiness for validation path, preserving current visual design unless necessary.","Currently first-party/admin mode, not third-party seller-ready.",50,P1,medium,E003;E026;E031;E051,prisma/schema.prisma; src/backend/admin/product-editor.ts; src/app route scan and README.md; prisma/schema.prisma,Fix validation path before launch or before enabling related feature.,S,high,Launch risk remains around validation path.,none,no
CP-17-07,"Multi-vendor marketplace logic: seller onboarding, product ownership, commissions, moderation","Does Multi-vendor marketplace logic: seller onboarding, product ownership, commissions, moderation meet the launch standard for error handling?","Evidence-backed production readiness for error handling, preserving current visual design unless necessary.","Currently first-party/admin mode, not third-party seller-ready.",50,P1,medium,E003;E026;E031;E051,prisma/schema.prisma; src/backend/admin/product-editor.ts; src/app route scan and README.md; prisma/schema.prisma,Fix error handling before launch or before enabling related feature.,S,high,Launch risk remains around error handling.,none,no
CP-17-08,"Multi-vendor marketplace logic: seller onboarding, product ownership, commissions, moderation","Does Multi-vendor marketplace logic: seller onboarding, product ownership, commissions, moderation meet the launch standard for audit logging?","Evidence-backed production readiness for audit logging, preserving current visual design unless necessary.","Currently first-party/admin mode, not third-party seller-ready.",50,P1,medium,E003;E026;E031;E051,prisma/schema.prisma; src/backend/admin/product-editor.ts; src/app route scan and README.md; prisma/schema.prisma,Fix audit logging before launch or before enabling related feature.,S,high,Launch risk remains around audit logging.,none,no
CP-17-09,"Multi-vendor marketplace logic: seller onboarding, product ownership, commissions, moderation","Does Multi-vendor marketplace logic: seller onboarding, product ownership, commissions, moderation meet the launch standard for environment dependency?","Evidence-backed production readiness for environment dependency, preserving current visual design unless necessary.","Currently first-party/admin mode, not third-party seller-ready.",50,P1,medium,E003;E026;E031;E051,prisma/schema.prisma; src/backend/admin/product-editor.ts; src/app route scan and README.md; prisma/schema.prisma,Fix environment dependency before launch or before enabling related feature.,S,high,Launch risk remains around environment dependency.,none,no
CP-17-10,"Multi-vendor marketplace logic: seller onboarding, product ownership, commissions, moderation","Does Multi-vendor marketplace logic: seller onboarding, product ownership, commissions, moderation meet the launch standard for command verification?","Evidence-backed production readiness for command verification, preserving current visual design unless necessary.","Currently first-party/admin mode, not third-party seller-ready.",50,P1,medium,E003;E026;E031;E051,prisma/schema.prisma; src/backend/admin/product-editor.ts; src/app route scan and README.md; prisma/schema.prisma,Fix command verification before launch or before enabling related feature.,S,high,Launch risk remains around command verification.,none,no
CP-17-11,"Multi-vendor marketplace logic: seller onboarding, product ownership, commissions, moderation","Does Multi-vendor marketplace logic: seller onboarding, product ownership, commissions, moderation meet the launch standard for test coverage?","Evidence-backed production readiness for test coverage, preserving current visual design unless necessary.","Currently first-party/admin mode, not third-party seller-ready.",50,P1,medium,E003;E026;E031;E051,prisma/schema.prisma; src/backend/admin/product-editor.ts; src/app route scan and README.md; prisma/schema.prisma,Fix test coverage before launch or before enabling related feature.,S,high,Launch risk remains around test coverage.,none,no
CP-17-12,"Multi-vendor marketplace logic: seller onboarding, product ownership, commissions, moderation","Does Multi-vendor marketplace logic: seller onboarding, product ownership, commissions, moderation meet the launch standard for data fetching strategy?","Evidence-backed production readiness for data fetching strategy, preserving current visual design unless necessary.",In-memory route limiter exists but is not distributed.,58,P1,medium,E008,src/backend/security/rate-limit.ts,Fix data fetching strategy before launch or before enabling related feature.,S,high,Launch risk remains around data fetching strategy.,none,no
CP-17-13,"Multi-vendor marketplace logic: seller onboarding, product ownership, commissions, moderation","Does Multi-vendor marketplace logic: seller onboarding, product ownership, commissions, moderation meet the launch standard for image/media handling?","Evidence-backed production readiness for image/media handling, preserving current visual design unless necessary.","Currently first-party/admin mode, not third-party seller-ready.",50,P1,medium,E003;E026;E031;E051,prisma/schema.prisma; src/backend/admin/product-editor.ts; src/app route scan and README.md; prisma/schema.prisma,Fix image/media handling before launch or before enabling related feature.,S,high,Launch risk remains around image/media handling.,none,no
CP-17-14,"Multi-vendor marketplace logic: seller onboarding, product ownership, commissions, moderation","Does Multi-vendor marketplace logic: seller onboarding, product ownership, commissions, moderation meet the launch standard for metadata and canonical handling?","Evidence-backed production readiness for metadata and canonical handling, preserving current visual design unless necessary.","Currently first-party/admin mode, not third-party seller-ready.",50,P1,medium,E011;E017;E018,src/backend/seo/metadata.ts; src/app/(store)/category/[slug]/page.tsx; src/app/(store)/search/page.tsx,Fix metadata and canonical handling before launch or before enabling related feature.,S,high,Launch risk remains around metadata and canonical handling.,none,no
CP-17-15,"Multi-vendor marketplace logic: seller onboarding, product ownership, commissions, moderation","Does Multi-vendor marketplace logic: seller onboarding, product ownership, commissions, moderation meet the launch standard for structured data handling?","Evidence-backed production readiness for structured data handling, preserving current visual design unless necessary.","Currently first-party/admin mode, not third-party seller-ready.",50,P1,medium,E014;E016;E017,src/backend/seo/structured-data.ts; src/app/(store)/products/[slug]/page.tsx; src/app/(store)/category/[slug]/page.tsx,Fix structured data handling before launch or before enabling related feature.,S,high,Launch risk remains around structured data handling.,none,no
CP-17-16,"Multi-vendor marketplace logic: seller onboarding, product ownership, commissions, moderation","Does Multi-vendor marketplace logic: seller onboarding, product ownership, commissions, moderation meet the launch standard for sitemap and robots handling?","Evidence-backed production readiness for sitemap and robots handling, preserving current visual design unless necessary.","Currently first-party/admin mode, not third-party seller-ready.",50,P1,medium,E003;E026;E031;E051,prisma/schema.prisma; src/backend/admin/product-editor.ts; src/app route scan and README.md; prisma/schema.prisma,Fix sitemap and robots handling before launch or before enabling related feature.,S,high,Launch risk remains around sitemap and robots handling.,none,no
CP-17-17,"Multi-vendor marketplace logic: seller onboarding, product ownership, commissions, moderation","Does Multi-vendor marketplace logic: seller onboarding, product ownership, commissions, moderation meet the launch standard for pagination and facets?","Evidence-backed production readiness for pagination and facets, preserving current visual design unless necessary.","Currently first-party/admin mode, not third-party seller-ready.",50,P1,medium,E003;E026;E031;E051,prisma/schema.prisma; src/backend/admin/product-editor.ts; src/app route scan and README.md; prisma/schema.prisma,Fix pagination and facets before launch or before enabling related feature.,S,high,Launch risk remains around pagination and facets.,none,no
CP-17-18,"Multi-vendor marketplace logic: seller onboarding, product ownership, commissions, moderation","Does Multi-vendor marketplace logic: seller onboarding, product ownership, commissions, moderation meet the launch standard for seller ownership?","Evidence-backed production readiness for seller ownership, preserving current visual design unless necessary.","Seller schema exists, but no seller route area was found and product writes are first-party/admin-managed.",45,P1,medium,E031;E026;E003,src/app route scan and README.md; src/backend/admin/product-editor.ts; prisma/schema.prisma,Fix seller ownership before launch or before enabling related feature.,S,high,Launch risk remains around seller ownership.,minor,no
CP-17-19,"Multi-vendor marketplace logic: seller onboarding, product ownership, commissions, moderation","Does Multi-vendor marketplace logic: seller onboarding, product ownership, commissions, moderation meet the launch standard for admin versus super-admin split?","Evidence-backed production readiness for admin versus super-admin split, preserving current visual design unless necessary.","Currently first-party/admin mode, not third-party seller-ready.",50,P1,medium,E003;E026;E031;E051,prisma/schema.prisma; src/backend/admin/product-editor.ts; src/app route scan and README.md; prisma/schema.prisma,Fix admin versus super-admin split before launch or before enabling related feature.,S,high,Launch risk remains around admin versus super-admin split.,none,no
CP-17-20,"Multi-vendor marketplace logic: seller onboarding, product ownership, commissions, moderation","Does Multi-vendor marketplace logic: seller onboarding, product ownership, commissions, moderation meet the launch standard for order payment shipment status?","Evidence-backed production readiness for order payment shipment status, preserving current visual design unless necessary.","Currently first-party/admin mode, not third-party seller-ready.",50,P1,medium,E003;E026;E031;E051,prisma/schema.prisma; src/backend/admin/product-editor.ts; src/app route scan and README.md; prisma/schema.prisma,Fix order payment shipment status before launch or before enabling related feature.,S,high,Launch risk remains around order payment shipment status.,none,no
CP-17-21,"Multi-vendor marketplace logic: seller onboarding, product ownership, commissions, moderation","Does Multi-vendor marketplace logic: seller onboarding, product ownership, commissions, moderation meet the launch standard for rate limiting?","Evidence-backed production readiness for rate limiting, preserving current visual design unless necessary.",In-memory route limiter exists but is not distributed.,58,P1,medium,E008,src/backend/security/rate-limit.ts,Fix rate limiting before launch or before enabling related feature.,S,high,Launch risk remains around rate limiting.,none,no
CP-17-22,"Multi-vendor marketplace logic: seller onboarding, product ownership, commissions, moderation","Does Multi-vendor marketplace logic: seller onboarding, product ownership, commissions, moderation meet the launch standard for CSRF and origin control?","Evidence-backed production readiness for CSRF and origin control, preserving current visual design unless necessary.",No explicit CSRF token or Origin/Referer check found in sampled custom mutation APIs.,55,P1,medium,E060,custom mutation CSRF/origin scan,Fix CSRF and origin control before launch or before enabling related feature.,S,high,Launch risk remains around CSRF and origin control.,none,no
CP-17-23,"Multi-vendor marketplace logic: seller onboarding, product ownership, commissions, moderation","Does Multi-vendor marketplace logic: seller onboarding, product ownership, commissions, moderation meet the launch standard for secret exposure?","Evidence-backed production readiness for secret exposure, preserving current visual design unless necessary.","Currently first-party/admin mode, not third-party seller-ready.",50,P1,medium,E003;E026;E031;E051,prisma/schema.prisma; src/backend/admin/product-editor.ts; src/app route scan and README.md; prisma/schema.prisma,Fix secret exposure before launch or before enabling related feature.,S,high,Launch risk remains around secret exposure.,none,no
CP-17-24,"Multi-vendor marketplace logic: seller onboarding, product ownership, commissions, moderation","Does Multi-vendor marketplace logic: seller onboarding, product ownership, commissions, moderation meet the launch standard for console and logging hygiene?","Evidence-backed production readiness for console and logging hygiene, preserving current visual design unless necessary.","Currently first-party/admin mode, not third-party seller-ready.",50,P1,medium,E003;E026;E031;E051,prisma/schema.prisma; src/backend/admin/product-editor.ts; src/app route scan and README.md; prisma/schema.prisma,Fix console and logging hygiene before launch or before enabling related feature.,S,high,Launch risk remains around console and logging hygiene.,none,no
CP-17-25,"Multi-vendor marketplace logic: seller onboarding, product ownership, commissions, moderation","Does Multi-vendor marketplace logic: seller onboarding, product ownership, commissions, moderation meet the launch standard for type safety?","Evidence-backed production readiness for type safety, preserving current visual design unless necessary.","Currently first-party/admin mode, not third-party seller-ready.",50,P1,medium,E003;E026;E031;E051,prisma/schema.prisma; src/backend/admin/product-editor.ts; src/app route scan and README.md; prisma/schema.prisma,Fix type safety before launch or before enabling related feature.,S,high,Launch risk remains around type safety.,none,no
CP-17-26,"Multi-vendor marketplace logic: seller onboarding, product ownership, commissions, moderation","Does Multi-vendor marketplace logic: seller onboarding, product ownership, commissions, moderation meet the launch standard for duplicate or dead code risk?","Evidence-backed production readiness for duplicate or dead code risk, preserving current visual design unless necessary.","Currently first-party/admin mode, not third-party seller-ready.",50,P1,medium,E003;E026;E031;E051,prisma/schema.prisma; src/backend/admin/product-editor.ts; src/app route scan and README.md; prisma/schema.prisma,Fix duplicate or dead code risk before launch or before enabling related feature.,S,high,Launch risk remains around duplicate or dead code risk.,none,no
CP-17-27,"Multi-vendor marketplace logic: seller onboarding, product ownership, commissions, moderation","Does Multi-vendor marketplace logic: seller onboarding, product ownership, commissions, moderation meet the launch standard for README and implementation alignment?","Evidence-backed production readiness for README and implementation alignment, preserving current visual design unless necessary.","Currently first-party/admin mode, not third-party seller-ready.",50,P1,medium,E003;E026;E031;E051,prisma/schema.prisma; src/backend/admin/product-editor.ts; src/app route scan and README.md; prisma/schema.prisma,Fix README and implementation alignment before launch or before enabling related feature.,S,high,Launch risk remains around README and implementation alignment.,none,no
CP-17-28,"Multi-vendor marketplace logic: seller onboarding, product ownership, commissions, moderation","Does Multi-vendor marketplace logic: seller onboarding, product ownership, commissions, moderation meet the launch standard for accessibility controls?","Evidence-backed production readiness for accessibility controls, preserving current visual design unless necessary.","Currently first-party/admin mode, not third-party seller-ready.",50,P1,medium,E003;E026;E031;E051,prisma/schema.prisma; src/backend/admin/product-editor.ts; src/app route scan and README.md; prisma/schema.prisma,Fix accessibility controls before launch or before enabling related feature.,S,high,Launch risk remains around accessibility controls.,none,no
CP-17-29,"Multi-vendor marketplace logic: seller onboarding, product ownership, commissions, moderation","Does Multi-vendor marketplace logic: seller onboarding, product ownership, commissions, moderation meet the launch standard for mobile layout behavior?","Evidence-backed production readiness for mobile layout behavior, preserving current visual design unless necessary.","Currently first-party/admin mode, not third-party seller-ready.",50,P1,medium,E003;E026;E031;E051,prisma/schema.prisma; src/backend/admin/product-editor.ts; src/app route scan and README.md; prisma/schema.prisma,Fix mobile layout behavior before launch or before enabling related feature.,S,high,Launch risk remains around mobile layout behavior.,none,no
CP-17-30,"Multi-vendor marketplace logic: seller onboarding, product ownership, commissions, moderation","Does Multi-vendor marketplace logic: seller onboarding, product ownership, commissions, moderation meet the launch standard for Bangladesh localization?","Evidence-backed production readiness for Bangladesh localization, preserving current visual design unless necessary.","Currently first-party/admin mode, not third-party seller-ready.",50,P1,medium,E003;E026;E031;E051,prisma/schema.prisma; src/backend/admin/product-editor.ts; src/app route scan and README.md; prisma/schema.prisma,Fix Bangladesh localization before launch or before enabling related feature.,S,high,Launch risk remains around Bangladesh localization.,none,no
CP-17-31,"Multi-vendor marketplace logic: seller onboarding, product ownership, commissions, moderation","Does Multi-vendor marketplace logic: seller onboarding, product ownership, commissions, moderation meet the launch standard for Bangla and English readiness?","Evidence-backed production readiness for Bangla and English readiness, preserving current visual design unless necessary.","Currently first-party/admin mode, not third-party seller-ready.",50,P1,medium,E003;E026;E031;E051,prisma/schema.prisma; src/backend/admin/product-editor.ts; src/app route scan and README.md; prisma/schema.prisma,Fix Bangla and English readiness before launch or before enabling related feature.,S,high,Launch risk remains around Bangla and English readiness.,none,no
CP-17-32,"Multi-vendor marketplace logic: seller onboarding, product ownership, commissions, moderation","Does Multi-vendor marketplace logic: seller onboarding, product ownership, commissions, moderation meet the launch standard for Merchant Center readiness?","Evidence-backed production readiness for Merchant Center readiness, preserving current visual design unless necessary.","Currently first-party/admin mode, not third-party seller-ready.",50,P1,medium,E003;E026;E031;E051,prisma/schema.prisma; src/backend/admin/product-editor.ts; src/app route scan and README.md; prisma/schema.prisma,Fix Merchant Center readiness before launch or before enabling related feature.,S,high,Launch risk remains around Merchant Center readiness.,none,no
CP-17-33,"Multi-vendor marketplace logic: seller onboarding, product ownership, commissions, moderation","Does Multi-vendor marketplace logic: seller onboarding, product ownership, commissions, moderation meet the launch standard for webhook readiness?","Evidence-backed production readiness for webhook readiness, preserving current visual design unless necessary.","Payment env variables exist, but no webhook route was found.",45,P1,medium,E043;E050,webhook route scan; src/app/api/admin/orders/[id]/payment-status/route.ts,Fix webhook readiness before launch or before enabling related feature.,S,high,Launch risk remains around webhook readiness.,none,no
CP-17-34,"Multi-vendor marketplace logic: seller onboarding, product ownership, commissions, moderation","Does Multi-vendor marketplace logic: seller onboarding, product ownership, commissions, moderation meet the launch standard for shipment tracking readiness?","Evidence-backed production readiness for shipment tracking readiness, preserving current visual design unless necessary.","Currently first-party/admin mode, not third-party seller-ready.",50,P1,medium,E003;E026;E031;E051,prisma/schema.prisma; src/backend/admin/product-editor.ts; src/app route scan and README.md; prisma/schema.prisma,Fix shipment tracking readiness before launch or before enabling related feature.,S,high,Launch risk remains around shipment tracking readiness.,none,no
CP-17-35,"Multi-vendor marketplace logic: seller onboarding, product ownership, commissions, moderation","Does Multi-vendor marketplace logic: seller onboarding, product ownership, commissions, moderation meet the launch standard for fraud and moderation readiness?","Evidence-backed production readiness for fraud and moderation readiness, preserving current visual design unless necessary.","Currently first-party/admin mode, not third-party seller-ready.",50,P1,medium,E003;E026;E031;E051,prisma/schema.prisma; src/backend/admin/product-editor.ts; src/app route scan and README.md; prisma/schema.prisma,Fix fraud and moderation readiness before launch or before enabling related feature.,S,high,Launch risk remains around fraud and moderation readiness.,none,no
CP-17-36,"Multi-vendor marketplace logic: seller onboarding, product ownership, commissions, moderation","Does Multi-vendor marketplace logic: seller onboarding, product ownership, commissions, moderation meet the launch standard for cache and revalidation?","Evidence-backed production readiness for cache and revalidation, preserving current visual design unless necessary.","Currently first-party/admin mode, not third-party seller-ready.",50,P1,medium,E003;E026;E031;E051,prisma/schema.prisma; src/backend/admin/product-editor.ts; src/app route scan and README.md; prisma/schema.prisma,Fix cache and revalidation before launch or before enabling related feature.,S,high,Launch risk remains around cache and revalidation.,none,no
CP-17-37,"Multi-vendor marketplace logic: seller onboarding, product ownership, commissions, moderation","Does Multi-vendor marketplace logic: seller onboarding, product ownership, commissions, moderation meet the launch standard for N+1 or bulk-fetch risk?","Evidence-backed production readiness for N+1 or bulk-fetch risk, preserving current visual design unless necessary.","Currently first-party/admin mode, not third-party seller-ready.",50,P1,medium,E003;E026;E031;E051,prisma/schema.prisma; src/backend/admin/product-editor.ts; src/app route scan and README.md; prisma/schema.prisma,Fix N+1 or bulk-fetch risk before launch or before enabling related feature.,S,high,Launch risk remains around N+1 or bulk-fetch risk.,none,no
CP-17-38,"Multi-vendor marketplace logic: seller onboarding, product ownership, commissions, moderation","Does Multi-vendor marketplace logic: seller onboarding, product ownership, commissions, moderation meet the launch standard for payment status integrity?","Evidence-backed production readiness for payment status integrity, preserving current visual design unless necessary.","Currently first-party/admin mode, not third-party seller-ready.",50,P1,medium,E003;E026;E031;E051,prisma/schema.prisma; src/backend/admin/product-editor.ts; src/app route scan and README.md; prisma/schema.prisma,Fix payment status integrity before launch or before enabling related feature.,S,high,Launch risk remains around payment status integrity.,none,no
CP-17-39,"Multi-vendor marketplace logic: seller onboarding, product ownership, commissions, moderation","Does Multi-vendor marketplace logic: seller onboarding, product ownership, commissions, moderation meet the launch standard for guest and buyer flow?","Evidence-backed production readiness for guest and buyer flow, preserving current visual design unless necessary.","Currently first-party/admin mode, not third-party seller-ready.",50,P1,medium,E003;E026;E031;E051,prisma/schema.prisma; src/backend/admin/product-editor.ts; src/app route scan and README.md; prisma/schema.prisma,Fix guest and buyer flow before launch or before enabling related feature.,S,high,Launch risk remains around guest and buyer flow.,none,no
CP-17-40,"Multi-vendor marketplace logic: seller onboarding, product ownership, commissions, moderation","Does Multi-vendor marketplace logic: seller onboarding, product ownership, commissions, moderation meet the launch standard for account privacy?","Evidence-backed production readiness for account privacy, preserving current visual design unless necessary.","Account order detail is owner-scoped, but public confirmation exposes PII by orderNumber.",35,P0,medium,E022;E023;E010,src/app/(store)/order/[orderNumber]/confirmation/page.tsx; src/app/(store)/account/orders/[id]/page.tsx; .gitignore / git ls-files .env,Fix account privacy before launch or before enabling related feature.,M,critical,Launch risk remains around account privacy.,none,yes
CP-17-41,"Multi-vendor marketplace logic: seller onboarding, product ownership, commissions, moderation","Does Multi-vendor marketplace logic: seller onboarding, product ownership, commissions, moderation meet the launch standard for product SEO fields?","Evidence-backed production readiness for product SEO fields, preserving current visual design unless necessary.","Currently first-party/admin mode, not third-party seller-ready.",50,P1,medium,E003;E026;E031;E051,prisma/schema.prisma; src/backend/admin/product-editor.ts; src/app route scan and README.md; prisma/schema.prisma,Fix product SEO fields before launch or before enabling related feature.,S,high,Launch risk remains around product SEO fields.,none,no
CP-17-42,"Multi-vendor marketplace logic: seller onboarding, product ownership, commissions, moderation","Does Multi-vendor marketplace logic: seller onboarding, product ownership, commissions, moderation meet the launch standard for category taxonomy?","Evidence-backed production readiness for category taxonomy, preserving current visual design unless necessary.","Currently first-party/admin mode, not third-party seller-ready.",50,P1,medium,E003;E026;E031;E051,prisma/schema.prisma; src/backend/admin/product-editor.ts; src/app route scan and README.md; prisma/schema.prisma,Fix category taxonomy before launch or before enabling related feature.,S,high,Launch risk remains around category taxonomy.,none,no
CP-17-43,"Multi-vendor marketplace logic: seller onboarding, product ownership, commissions, moderation","Does Multi-vendor marketplace logic: seller onboarding, product ownership, commissions, moderation meet the launch standard for internal linking?","Evidence-backed production readiness for internal linking, preserving current visual design unless necessary.","Currently first-party/admin mode, not third-party seller-ready.",50,P1,medium,E003;E026;E031;E051,prisma/schema.prisma; src/backend/admin/product-editor.ts; src/app route scan and README.md; prisma/schema.prisma,Fix internal linking before launch or before enabling related feature.,S,high,Launch risk remains around internal linking.,none,no
CP-17-44,"Multi-vendor marketplace logic: seller onboarding, product ownership, commissions, moderation","Does Multi-vendor marketplace logic: seller onboarding, product ownership, commissions, moderation meet the launch standard for reviews and ratings?","Evidence-backed production readiness for reviews and ratings, preserving current visual design unless necessary.","Currently first-party/admin mode, not third-party seller-ready.",50,P1,medium,E003;E026;E031;E051,prisma/schema.prisma; src/backend/admin/product-editor.ts; src/app route scan and README.md; prisma/schema.prisma,Fix reviews and ratings before launch or before enabling related feature.,S,high,Launch risk remains around reviews and ratings.,none,no
CP-17-45,"Multi-vendor marketplace logic: seller onboarding, product ownership, commissions, moderation","Does Multi-vendor marketplace logic: seller onboarding, product ownership, commissions, moderation meet the launch standard for returns and refunds?","Evidence-backed production readiness for returns and refunds, preserving current visual design unless necessary.","Currently first-party/admin mode, not third-party seller-ready.",50,P1,medium,E003;E026;E031;E051,prisma/schema.prisma; src/backend/admin/product-editor.ts; src/app route scan and README.md; prisma/schema.prisma,Fix returns and refunds before launch or before enabling related feature.,S,high,Launch risk remains around returns and refunds.,none,no
CP-17-46,"Multi-vendor marketplace logic: seller onboarding, product ownership, commissions, moderation","Does Multi-vendor marketplace logic: seller onboarding, product ownership, commissions, moderation meet the launch standard for deployment headers?","Evidence-backed production readiness for deployment headers, preserving current visual design unless necessary.","Currently first-party/admin mode, not third-party seller-ready.",50,P1,medium,E003;E026;E031;E051,prisma/schema.prisma; src/backend/admin/product-editor.ts; src/app route scan and README.md; prisma/schema.prisma,Fix deployment headers before launch or before enabling related feature.,S,high,Launch risk remains around deployment headers.,none,no
CP-17-47,"Multi-vendor marketplace logic: seller onboarding, product ownership, commissions, moderation","Does Multi-vendor marketplace logic: seller onboarding, product ownership, commissions, moderation meet the launch standard for dependency deprecation?","Evidence-backed production readiness for dependency deprecation, preserving current visual design unless necessary.","Currently first-party/admin mode, not third-party seller-ready.",50,P1,medium,E003;E026;E031;E051,prisma/schema.prisma; src/backend/admin/product-editor.ts; src/app route scan and README.md; prisma/schema.prisma,Fix dependency deprecation before launch or before enabling related feature.,S,high,Launch risk remains around dependency deprecation.,none,no
CP-17-48,"Multi-vendor marketplace logic: seller onboarding, product ownership, commissions, moderation","Does Multi-vendor marketplace logic: seller onboarding, product ownership, commissions, moderation meet the launch standard for observability?","Evidence-backed production readiness for observability, preserving current visual design unless necessary.","Currently first-party/admin mode, not third-party seller-ready.",50,P1,medium,E003;E026;E031;E051,prisma/schema.prisma; src/backend/admin/product-editor.ts; src/app route scan and README.md; prisma/schema.prisma,Fix observability before launch or before enabling related feature.,S,high,Launch risk remains around observability.,none,no
CP-17-49,"Multi-vendor marketplace logic: seller onboarding, product ownership, commissions, moderation","Does Multi-vendor marketplace logic: seller onboarding, product ownership, commissions, moderation meet the launch standard for visual preservation?","Evidence-backed production readiness for visual preservation, preserving current visual design unless necessary.","Currently first-party/admin mode, not third-party seller-ready.",50,P1,medium,E003;E026;E031;E051,prisma/schema.prisma; src/backend/admin/product-editor.ts; src/app route scan and README.md; prisma/schema.prisma,Fix visual preservation before launch or before enabling related feature.,S,high,Launch risk remains around visual preservation.,none,no
CP-17-50,"Multi-vendor marketplace logic: seller onboarding, product ownership, commissions, moderation","Does Multi-vendor marketplace logic: seller onboarding, product ownership, commissions, moderation meet the launch standard for launch risk?","Evidence-backed production readiness for launch risk, preserving current visual design unless necessary.","Currently first-party/admin mode, not third-party seller-ready.",50,P1,medium,E003;E026;E031;E051,prisma/schema.prisma; src/backend/admin/product-editor.ts; src/app route scan and README.md; prisma/schema.prisma,Fix launch risk before launch or before enabling related feature.,S,high,Launch risk remains around launch risk.,none,no
CP-18-01,"Checkout, order, payment-readiness, shipment/tracking-readiness, trade-license-dependent design","Does Checkout, order, payment-readiness, shipment/tracking-readiness, trade-license-dependent design meet the launch standard for route group coverage?","Evidence-backed production readiness for route group coverage, preserving current visual design unless necessary.",COD/order transaction strong; online gateway/shipment integrations pending.,62,P2,medium,E019;E020;E021;E043;E050;E051,src/app/api/orders/route.ts; src/app/(store)/checkout/page.tsx; src/backend/config/payment.ts; webhook route scan; src/app/api/admin/orders/[id]/payment-status/route.ts; prisma/schema.prisma,Keep route group coverage under regression coverage and improve where noted.,XS,critical,May reduce polish or scalability if left unmonitored.,none,no
CP-18-02,"Checkout, order, payment-readiness, shipment/tracking-readiness, trade-license-dependent design","Does Checkout, order, payment-readiness, shipment/tracking-readiness, trade-license-dependent design meet the launch standard for API mutation coverage?","Evidence-backed production readiness for API mutation coverage, preserving current visual design unless necessary.",COD/order transaction strong; online gateway/shipment integrations pending.,62,P2,medium,E019;E020;E021;E043;E050;E051,src/app/api/orders/route.ts; src/app/(store)/checkout/page.tsx; src/backend/config/payment.ts; webhook route scan; src/app/api/admin/orders/[id]/payment-status/route.ts; prisma/schema.prisma,Keep API mutation coverage under regression coverage and improve where noted.,XS,critical,May reduce polish or scalability if left unmonitored.,none,no
CP-18-03,"Checkout, order, payment-readiness, shipment/tracking-readiness, trade-license-dependent design","Does Checkout, order, payment-readiness, shipment/tracking-readiness, trade-license-dependent design meet the launch standard for RBAC enforcement?","Evidence-backed production readiness for RBAC enforcement, preserving current visual design unless necessary.",COD/order transaction strong; online gateway/shipment integrations pending.,62,P2,medium,E019;E020;E021;E043;E050;E051,src/app/api/orders/route.ts; src/app/(store)/checkout/page.tsx; src/backend/config/payment.ts; webhook route scan; src/app/api/admin/orders/[id]/payment-status/route.ts; prisma/schema.prisma,Keep RBAC enforcement under regression coverage and improve where noted.,XS,critical,May reduce polish or scalability if left unmonitored.,none,no
CP-18-04,"Checkout, order, payment-readiness, shipment/tracking-readiness, trade-license-dependent design","Does Checkout, order, payment-readiness, shipment/tracking-readiness, trade-license-dependent design meet the launch standard for authenticated data access?","Evidence-backed production readiness for authenticated data access, preserving current visual design unless necessary.",COD/order transaction strong; online gateway/shipment integrations pending.,62,P2,medium,E019;E020;E021;E043;E050;E051,src/app/api/orders/route.ts; src/app/(store)/checkout/page.tsx; src/backend/config/payment.ts; webhook route scan; src/app/api/admin/orders/[id]/payment-status/route.ts; prisma/schema.prisma,Keep authenticated data access under regression coverage and improve where noted.,XS,critical,May reduce polish or scalability if left unmonitored.,none,no
CP-18-05,"Checkout, order, payment-readiness, shipment/tracking-readiness, trade-license-dependent design","Does Checkout, order, payment-readiness, shipment/tracking-readiness, trade-license-dependent design meet the launch standard for schema support?","Evidence-backed production readiness for schema support, preserving current visual design unless necessary.",COD/order transaction strong; online gateway/shipment integrations pending.,62,P2,medium,E019;E020;E021;E043;E050;E051,src/app/api/orders/route.ts; src/app/(store)/checkout/page.tsx; src/backend/config/payment.ts; webhook route scan; src/app/api/admin/orders/[id]/payment-status/route.ts; prisma/schema.prisma,Keep schema support under regression coverage and improve where noted.,XS,critical,May reduce polish or scalability if left unmonitored.,none,no
CP-18-06,"Checkout, order, payment-readiness, shipment/tracking-readiness, trade-license-dependent design","Does Checkout, order, payment-readiness, shipment/tracking-readiness, trade-license-dependent design meet the launch standard for validation path?","Evidence-backed production readiness for validation path, preserving current visual design unless necessary.",COD/order transaction strong; online gateway/shipment integrations pending.,62,P2,medium,E019;E020;E021;E043;E050;E051,src/app/api/orders/route.ts; src/app/(store)/checkout/page.tsx; src/backend/config/payment.ts; webhook route scan; src/app/api/admin/orders/[id]/payment-status/route.ts; prisma/schema.prisma,Keep validation path under regression coverage and improve where noted.,XS,critical,May reduce polish or scalability if left unmonitored.,none,no
CP-18-07,"Checkout, order, payment-readiness, shipment/tracking-readiness, trade-license-dependent design","Does Checkout, order, payment-readiness, shipment/tracking-readiness, trade-license-dependent design meet the launch standard for error handling?","Evidence-backed production readiness for error handling, preserving current visual design unless necessary.",COD/order transaction strong; online gateway/shipment integrations pending.,62,P2,medium,E019;E020;E021;E043;E050;E051,src/app/api/orders/route.ts; src/app/(store)/checkout/page.tsx; src/backend/config/payment.ts; webhook route scan; src/app/api/admin/orders/[id]/payment-status/route.ts; prisma/schema.prisma,Keep error handling under regression coverage and improve where noted.,XS,critical,May reduce polish or scalability if left unmonitored.,none,no
CP-18-08,"Checkout, order, payment-readiness, shipment/tracking-readiness, trade-license-dependent design","Does Checkout, order, payment-readiness, shipment/tracking-readiness, trade-license-dependent design meet the launch standard for audit logging?","Evidence-backed production readiness for audit logging, preserving current visual design unless necessary.",COD/order transaction strong; online gateway/shipment integrations pending.,62,P2,medium,E019;E020;E021;E043;E050;E051,src/app/api/orders/route.ts; src/app/(store)/checkout/page.tsx; src/backend/config/payment.ts; webhook route scan; src/app/api/admin/orders/[id]/payment-status/route.ts; prisma/schema.prisma,Keep audit logging under regression coverage and improve where noted.,XS,critical,May reduce polish or scalability if left unmonitored.,none,no
CP-18-09,"Checkout, order, payment-readiness, shipment/tracking-readiness, trade-license-dependent design","Does Checkout, order, payment-readiness, shipment/tracking-readiness, trade-license-dependent design meet the launch standard for environment dependency?","Evidence-backed production readiness for environment dependency, preserving current visual design unless necessary.",COD/order transaction strong; online gateway/shipment integrations pending.,62,P2,medium,E019;E020;E021;E043;E050;E051,src/app/api/orders/route.ts; src/app/(store)/checkout/page.tsx; src/backend/config/payment.ts; webhook route scan; src/app/api/admin/orders/[id]/payment-status/route.ts; prisma/schema.prisma,Keep environment dependency under regression coverage and improve where noted.,XS,critical,May reduce polish or scalability if left unmonitored.,none,no
CP-18-10,"Checkout, order, payment-readiness, shipment/tracking-readiness, trade-license-dependent design","Does Checkout, order, payment-readiness, shipment/tracking-readiness, trade-license-dependent design meet the launch standard for command verification?","Evidence-backed production readiness for command verification, preserving current visual design unless necessary.",COD/order transaction strong; online gateway/shipment integrations pending.,62,P2,medium,E019;E020;E021;E043;E050;E051,src/app/api/orders/route.ts; src/app/(store)/checkout/page.tsx; src/backend/config/payment.ts; webhook route scan; src/app/api/admin/orders/[id]/payment-status/route.ts; prisma/schema.prisma,Keep command verification under regression coverage and improve where noted.,XS,critical,May reduce polish or scalability if left unmonitored.,none,no
CP-18-11,"Checkout, order, payment-readiness, shipment/tracking-readiness, trade-license-dependent design","Does Checkout, order, payment-readiness, shipment/tracking-readiness, trade-license-dependent design meet the launch standard for test coverage?","Evidence-backed production readiness for test coverage, preserving current visual design unless necessary.",COD/order transaction strong; online gateway/shipment integrations pending.,62,P2,medium,E019;E020;E021;E043;E050;E051,src/app/api/orders/route.ts; src/app/(store)/checkout/page.tsx; src/backend/config/payment.ts; webhook route scan; src/app/api/admin/orders/[id]/payment-status/route.ts; prisma/schema.prisma,Keep test coverage under regression coverage and improve where noted.,XS,critical,May reduce polish or scalability if left unmonitored.,none,no
CP-18-12,"Checkout, order, payment-readiness, shipment/tracking-readiness, trade-license-dependent design","Does Checkout, order, payment-readiness, shipment/tracking-readiness, trade-license-dependent design meet the launch standard for data fetching strategy?","Evidence-backed production readiness for data fetching strategy, preserving current visual design unless necessary.",In-memory route limiter exists but is not distributed.,58,P1,medium,E008,src/backend/security/rate-limit.ts,Fix data fetching strategy before launch or before enabling related feature.,S,critical,Launch risk remains around data fetching strategy.,none,no
CP-18-13,"Checkout, order, payment-readiness, shipment/tracking-readiness, trade-license-dependent design","Does Checkout, order, payment-readiness, shipment/tracking-readiness, trade-license-dependent design meet the launch standard for image/media handling?","Evidence-backed production readiness for image/media handling, preserving current visual design unless necessary.",COD/order transaction strong; online gateway/shipment integrations pending.,62,P2,medium,E019;E020;E021;E043;E050;E051,src/app/api/orders/route.ts; src/app/(store)/checkout/page.tsx; src/backend/config/payment.ts; webhook route scan; src/app/api/admin/orders/[id]/payment-status/route.ts; prisma/schema.prisma,Keep image/media handling under regression coverage and improve where noted.,XS,critical,May reduce polish or scalability if left unmonitored.,none,no
CP-18-14,"Checkout, order, payment-readiness, shipment/tracking-readiness, trade-license-dependent design","Does Checkout, order, payment-readiness, shipment/tracking-readiness, trade-license-dependent design meet the launch standard for metadata and canonical handling?","Evidence-backed production readiness for metadata and canonical handling, preserving current visual design unless necessary.",COD/order transaction strong; online gateway/shipment integrations pending.,62,P2,medium,E011;E017;E018,src/backend/seo/metadata.ts; src/app/(store)/category/[slug]/page.tsx; src/app/(store)/search/page.tsx,Keep metadata and canonical handling under regression coverage and improve where noted.,XS,critical,May reduce polish or scalability if left unmonitored.,none,no
CP-18-15,"Checkout, order, payment-readiness, shipment/tracking-readiness, trade-license-dependent design","Does Checkout, order, payment-readiness, shipment/tracking-readiness, trade-license-dependent design meet the launch standard for structured data handling?","Evidence-backed production readiness for structured data handling, preserving current visual design unless necessary.",COD/order transaction strong; online gateway/shipment integrations pending.,62,P2,medium,E014;E016;E017,src/backend/seo/structured-data.ts; src/app/(store)/products/[slug]/page.tsx; src/app/(store)/category/[slug]/page.tsx,Keep structured data handling under regression coverage and improve where noted.,XS,critical,May reduce polish or scalability if left unmonitored.,none,no
CP-18-16,"Checkout, order, payment-readiness, shipment/tracking-readiness, trade-license-dependent design","Does Checkout, order, payment-readiness, shipment/tracking-readiness, trade-license-dependent design meet the launch standard for sitemap and robots handling?","Evidence-backed production readiness for sitemap and robots handling, preserving current visual design unless necessary.",COD/order transaction strong; online gateway/shipment integrations pending.,62,P2,medium,E019;E020;E021;E043;E050;E051,src/app/api/orders/route.ts; src/app/(store)/checkout/page.tsx; src/backend/config/payment.ts; webhook route scan; src/app/api/admin/orders/[id]/payment-status/route.ts; prisma/schema.prisma,Keep sitemap and robots handling under regression coverage and improve where noted.,XS,critical,May reduce polish or scalability if left unmonitored.,none,no
CP-18-17,"Checkout, order, payment-readiness, shipment/tracking-readiness, trade-license-dependent design","Does Checkout, order, payment-readiness, shipment/tracking-readiness, trade-license-dependent design meet the launch standard for pagination and facets?","Evidence-backed production readiness for pagination and facets, preserving current visual design unless necessary.",COD/order transaction strong; online gateway/shipment integrations pending.,62,P2,medium,E019;E020;E021;E043;E050;E051,src/app/api/orders/route.ts; src/app/(store)/checkout/page.tsx; src/backend/config/payment.ts; webhook route scan; src/app/api/admin/orders/[id]/payment-status/route.ts; prisma/schema.prisma,Keep pagination and facets under regression coverage and improve where noted.,XS,critical,May reduce polish or scalability if left unmonitored.,none,no
CP-18-18,"Checkout, order, payment-readiness, shipment/tracking-readiness, trade-license-dependent design","Does Checkout, order, payment-readiness, shipment/tracking-readiness, trade-license-dependent design meet the launch standard for seller ownership?","Evidence-backed production readiness for seller ownership, preserving current visual design unless necessary.","Seller schema exists, but no seller route area was found and product writes are first-party/admin-managed.",45,P1,medium,E031;E026;E003,src/app route scan and README.md; src/backend/admin/product-editor.ts; prisma/schema.prisma,Fix seller ownership before launch or before enabling related feature.,S,critical,Launch risk remains around seller ownership.,minor,no
CP-18-19,"Checkout, order, payment-readiness, shipment/tracking-readiness, trade-license-dependent design","Does Checkout, order, payment-readiness, shipment/tracking-readiness, trade-license-dependent design meet the launch standard for admin versus super-admin split?","Evidence-backed production readiness for admin versus super-admin split, preserving current visual design unless necessary.",COD/order transaction strong; online gateway/shipment integrations pending.,62,P2,medium,E019;E020;E021;E043;E050;E051,src/app/api/orders/route.ts; src/app/(store)/checkout/page.tsx; src/backend/config/payment.ts; webhook route scan; src/app/api/admin/orders/[id]/payment-status/route.ts; prisma/schema.prisma,Keep admin versus super-admin split under regression coverage and improve where noted.,XS,critical,May reduce polish or scalability if left unmonitored.,none,no
CP-18-20,"Checkout, order, payment-readiness, shipment/tracking-readiness, trade-license-dependent design","Does Checkout, order, payment-readiness, shipment/tracking-readiness, trade-license-dependent design meet the launch standard for order payment shipment status?","Evidence-backed production readiness for order payment shipment status, preserving current visual design unless necessary.",COD/order transaction strong; online gateway/shipment integrations pending.,62,P2,medium,E019;E020;E021;E043;E050;E051,src/app/api/orders/route.ts; src/app/(store)/checkout/page.tsx; src/backend/config/payment.ts; webhook route scan; src/app/api/admin/orders/[id]/payment-status/route.ts; prisma/schema.prisma,Keep order payment shipment status under regression coverage and improve where noted.,XS,critical,May reduce polish or scalability if left unmonitored.,none,no
CP-18-21,"Checkout, order, payment-readiness, shipment/tracking-readiness, trade-license-dependent design","Does Checkout, order, payment-readiness, shipment/tracking-readiness, trade-license-dependent design meet the launch standard for rate limiting?","Evidence-backed production readiness for rate limiting, preserving current visual design unless necessary.",In-memory route limiter exists but is not distributed.,58,P1,medium,E008,src/backend/security/rate-limit.ts,Fix rate limiting before launch or before enabling related feature.,S,critical,Launch risk remains around rate limiting.,none,no
CP-18-22,"Checkout, order, payment-readiness, shipment/tracking-readiness, trade-license-dependent design","Does Checkout, order, payment-readiness, shipment/tracking-readiness, trade-license-dependent design meet the launch standard for CSRF and origin control?","Evidence-backed production readiness for CSRF and origin control, preserving current visual design unless necessary.",No explicit CSRF token or Origin/Referer check found in sampled custom mutation APIs.,55,P1,medium,E060,custom mutation CSRF/origin scan,Fix CSRF and origin control before launch or before enabling related feature.,S,critical,Launch risk remains around CSRF and origin control.,none,no
CP-18-23,"Checkout, order, payment-readiness, shipment/tracking-readiness, trade-license-dependent design","Does Checkout, order, payment-readiness, shipment/tracking-readiness, trade-license-dependent design meet the launch standard for secret exposure?","Evidence-backed production readiness for secret exposure, preserving current visual design unless necessary.",COD/order transaction strong; online gateway/shipment integrations pending.,62,P2,medium,E019;E020;E021;E043;E050;E051,src/app/api/orders/route.ts; src/app/(store)/checkout/page.tsx; src/backend/config/payment.ts; webhook route scan; src/app/api/admin/orders/[id]/payment-status/route.ts; prisma/schema.prisma,Keep secret exposure under regression coverage and improve where noted.,XS,critical,May reduce polish or scalability if left unmonitored.,none,no
CP-18-24,"Checkout, order, payment-readiness, shipment/tracking-readiness, trade-license-dependent design","Does Checkout, order, payment-readiness, shipment/tracking-readiness, trade-license-dependent design meet the launch standard for console and logging hygiene?","Evidence-backed production readiness for console and logging hygiene, preserving current visual design unless necessary.",COD/order transaction strong; online gateway/shipment integrations pending.,62,P2,medium,E019;E020;E021;E043;E050;E051,src/app/api/orders/route.ts; src/app/(store)/checkout/page.tsx; src/backend/config/payment.ts; webhook route scan; src/app/api/admin/orders/[id]/payment-status/route.ts; prisma/schema.prisma,Keep console and logging hygiene under regression coverage and improve where noted.,XS,critical,May reduce polish or scalability if left unmonitored.,none,no
CP-18-25,"Checkout, order, payment-readiness, shipment/tracking-readiness, trade-license-dependent design","Does Checkout, order, payment-readiness, shipment/tracking-readiness, trade-license-dependent design meet the launch standard for type safety?","Evidence-backed production readiness for type safety, preserving current visual design unless necessary.",COD/order transaction strong; online gateway/shipment integrations pending.,62,P2,medium,E019;E020;E021;E043;E050;E051,src/app/api/orders/route.ts; src/app/(store)/checkout/page.tsx; src/backend/config/payment.ts; webhook route scan; src/app/api/admin/orders/[id]/payment-status/route.ts; prisma/schema.prisma,Keep type safety under regression coverage and improve where noted.,XS,critical,May reduce polish or scalability if left unmonitored.,none,no
CP-18-26,"Checkout, order, payment-readiness, shipment/tracking-readiness, trade-license-dependent design","Does Checkout, order, payment-readiness, shipment/tracking-readiness, trade-license-dependent design meet the launch standard for duplicate or dead code risk?","Evidence-backed production readiness for duplicate or dead code risk, preserving current visual design unless necessary.",COD/order transaction strong; online gateway/shipment integrations pending.,62,P2,medium,E019;E020;E021;E043;E050;E051,src/app/api/orders/route.ts; src/app/(store)/checkout/page.tsx; src/backend/config/payment.ts; webhook route scan; src/app/api/admin/orders/[id]/payment-status/route.ts; prisma/schema.prisma,Keep duplicate or dead code risk under regression coverage and improve where noted.,XS,critical,May reduce polish or scalability if left unmonitored.,none,no
CP-18-27,"Checkout, order, payment-readiness, shipment/tracking-readiness, trade-license-dependent design","Does Checkout, order, payment-readiness, shipment/tracking-readiness, trade-license-dependent design meet the launch standard for README and implementation alignment?","Evidence-backed production readiness for README and implementation alignment, preserving current visual design unless necessary.",COD/order transaction strong; online gateway/shipment integrations pending.,62,P2,medium,E019;E020;E021;E043;E050;E051,src/app/api/orders/route.ts; src/app/(store)/checkout/page.tsx; src/backend/config/payment.ts; webhook route scan; src/app/api/admin/orders/[id]/payment-status/route.ts; prisma/schema.prisma,Keep README and implementation alignment under regression coverage and improve where noted.,XS,critical,May reduce polish or scalability if left unmonitored.,none,no
CP-18-28,"Checkout, order, payment-readiness, shipment/tracking-readiness, trade-license-dependent design","Does Checkout, order, payment-readiness, shipment/tracking-readiness, trade-license-dependent design meet the launch standard for accessibility controls?","Evidence-backed production readiness for accessibility controls, preserving current visual design unless necessary.",COD/order transaction strong; online gateway/shipment integrations pending.,62,P2,medium,E019;E020;E021;E043;E050;E051,src/app/api/orders/route.ts; src/app/(store)/checkout/page.tsx; src/backend/config/payment.ts; webhook route scan; src/app/api/admin/orders/[id]/payment-status/route.ts; prisma/schema.prisma,Keep accessibility controls under regression coverage and improve where noted.,XS,critical,May reduce polish or scalability if left unmonitored.,none,no
CP-18-29,"Checkout, order, payment-readiness, shipment/tracking-readiness, trade-license-dependent design","Does Checkout, order, payment-readiness, shipment/tracking-readiness, trade-license-dependent design meet the launch standard for mobile layout behavior?","Evidence-backed production readiness for mobile layout behavior, preserving current visual design unless necessary.",COD/order transaction strong; online gateway/shipment integrations pending.,62,P2,medium,E019;E020;E021;E043;E050;E051,src/app/api/orders/route.ts; src/app/(store)/checkout/page.tsx; src/backend/config/payment.ts; webhook route scan; src/app/api/admin/orders/[id]/payment-status/route.ts; prisma/schema.prisma,Keep mobile layout behavior under regression coverage and improve where noted.,XS,critical,May reduce polish or scalability if left unmonitored.,none,no
CP-18-30,"Checkout, order, payment-readiness, shipment/tracking-readiness, trade-license-dependent design","Does Checkout, order, payment-readiness, shipment/tracking-readiness, trade-license-dependent design meet the launch standard for Bangladesh localization?","Evidence-backed production readiness for Bangladesh localization, preserving current visual design unless necessary.",COD/order transaction strong; online gateway/shipment integrations pending.,62,P2,medium,E019;E020;E021;E043;E050;E051,src/app/api/orders/route.ts; src/app/(store)/checkout/page.tsx; src/backend/config/payment.ts; webhook route scan; src/app/api/admin/orders/[id]/payment-status/route.ts; prisma/schema.prisma,Keep Bangladesh localization under regression coverage and improve where noted.,XS,critical,May reduce polish or scalability if left unmonitored.,none,no
CP-18-31,"Checkout, order, payment-readiness, shipment/tracking-readiness, trade-license-dependent design","Does Checkout, order, payment-readiness, shipment/tracking-readiness, trade-license-dependent design meet the launch standard for Bangla and English readiness?","Evidence-backed production readiness for Bangla and English readiness, preserving current visual design unless necessary.",COD/order transaction strong; online gateway/shipment integrations pending.,62,P2,medium,E019;E020;E021;E043;E050;E051,src/app/api/orders/route.ts; src/app/(store)/checkout/page.tsx; src/backend/config/payment.ts; webhook route scan; src/app/api/admin/orders/[id]/payment-status/route.ts; prisma/schema.prisma,Keep Bangla and English readiness under regression coverage and improve where noted.,XS,critical,May reduce polish or scalability if left unmonitored.,none,no
CP-18-32,"Checkout, order, payment-readiness, shipment/tracking-readiness, trade-license-dependent design","Does Checkout, order, payment-readiness, shipment/tracking-readiness, trade-license-dependent design meet the launch standard for Merchant Center readiness?","Evidence-backed production readiness for Merchant Center readiness, preserving current visual design unless necessary.",COD/order transaction strong; online gateway/shipment integrations pending.,62,P2,medium,E019;E020;E021;E043;E050;E051,src/app/api/orders/route.ts; src/app/(store)/checkout/page.tsx; src/backend/config/payment.ts; webhook route scan; src/app/api/admin/orders/[id]/payment-status/route.ts; prisma/schema.prisma,Keep Merchant Center readiness under regression coverage and improve where noted.,XS,critical,May reduce polish or scalability if left unmonitored.,none,no
CP-18-33,"Checkout, order, payment-readiness, shipment/tracking-readiness, trade-license-dependent design","Does Checkout, order, payment-readiness, shipment/tracking-readiness, trade-license-dependent design meet the launch standard for webhook readiness?","Evidence-backed production readiness for webhook readiness, preserving current visual design unless necessary.","Payment env variables exist, but no webhook route was found.",45,P1,medium,E043;E050,webhook route scan; src/app/api/admin/orders/[id]/payment-status/route.ts,Fix webhook readiness before launch or before enabling related feature.,S,critical,Launch risk remains around webhook readiness.,none,no
CP-18-34,"Checkout, order, payment-readiness, shipment/tracking-readiness, trade-license-dependent design","Does Checkout, order, payment-readiness, shipment/tracking-readiness, trade-license-dependent design meet the launch standard for shipment tracking readiness?","Evidence-backed production readiness for shipment tracking readiness, preserving current visual design unless necessary.",COD/order transaction strong; online gateway/shipment integrations pending.,62,P2,medium,E019;E020;E021;E043;E050;E051,src/app/api/orders/route.ts; src/app/(store)/checkout/page.tsx; src/backend/config/payment.ts; webhook route scan; src/app/api/admin/orders/[id]/payment-status/route.ts; prisma/schema.prisma,Keep shipment tracking readiness under regression coverage and improve where noted.,XS,critical,May reduce polish or scalability if left unmonitored.,none,no
CP-18-35,"Checkout, order, payment-readiness, shipment/tracking-readiness, trade-license-dependent design","Does Checkout, order, payment-readiness, shipment/tracking-readiness, trade-license-dependent design meet the launch standard for fraud and moderation readiness?","Evidence-backed production readiness for fraud and moderation readiness, preserving current visual design unless necessary.",COD/order transaction strong; online gateway/shipment integrations pending.,62,P2,medium,E019;E020;E021;E043;E050;E051,src/app/api/orders/route.ts; src/app/(store)/checkout/page.tsx; src/backend/config/payment.ts; webhook route scan; src/app/api/admin/orders/[id]/payment-status/route.ts; prisma/schema.prisma,Keep fraud and moderation readiness under regression coverage and improve where noted.,XS,critical,May reduce polish or scalability if left unmonitored.,none,no
CP-18-36,"Checkout, order, payment-readiness, shipment/tracking-readiness, trade-license-dependent design","Does Checkout, order, payment-readiness, shipment/tracking-readiness, trade-license-dependent design meet the launch standard for cache and revalidation?","Evidence-backed production readiness for cache and revalidation, preserving current visual design unless necessary.",COD/order transaction strong; online gateway/shipment integrations pending.,62,P2,medium,E019;E020;E021;E043;E050;E051,src/app/api/orders/route.ts; src/app/(store)/checkout/page.tsx; src/backend/config/payment.ts; webhook route scan; src/app/api/admin/orders/[id]/payment-status/route.ts; prisma/schema.prisma,Keep cache and revalidation under regression coverage and improve where noted.,XS,critical,May reduce polish or scalability if left unmonitored.,none,no
CP-18-37,"Checkout, order, payment-readiness, shipment/tracking-readiness, trade-license-dependent design","Does Checkout, order, payment-readiness, shipment/tracking-readiness, trade-license-dependent design meet the launch standard for N+1 or bulk-fetch risk?","Evidence-backed production readiness for N+1 or bulk-fetch risk, preserving current visual design unless necessary.",COD/order transaction strong; online gateway/shipment integrations pending.,62,P2,medium,E019;E020;E021;E043;E050;E051,src/app/api/orders/route.ts; src/app/(store)/checkout/page.tsx; src/backend/config/payment.ts; webhook route scan; src/app/api/admin/orders/[id]/payment-status/route.ts; prisma/schema.prisma,Keep N+1 or bulk-fetch risk under regression coverage and improve where noted.,XS,critical,May reduce polish or scalability if left unmonitored.,none,no
CP-18-38,"Checkout, order, payment-readiness, shipment/tracking-readiness, trade-license-dependent design","Does Checkout, order, payment-readiness, shipment/tracking-readiness, trade-license-dependent design meet the launch standard for payment status integrity?","Evidence-backed production readiness for payment status integrity, preserving current visual design unless necessary.",COD/order transaction strong; online gateway/shipment integrations pending.,62,P2,medium,E019;E020;E021;E043;E050;E051,src/app/api/orders/route.ts; src/app/(store)/checkout/page.tsx; src/backend/config/payment.ts; webhook route scan; src/app/api/admin/orders/[id]/payment-status/route.ts; prisma/schema.prisma,Keep payment status integrity under regression coverage and improve where noted.,XS,critical,May reduce polish or scalability if left unmonitored.,none,no
CP-18-39,"Checkout, order, payment-readiness, shipment/tracking-readiness, trade-license-dependent design","Does Checkout, order, payment-readiness, shipment/tracking-readiness, trade-license-dependent design meet the launch standard for guest and buyer flow?","Evidence-backed production readiness for guest and buyer flow, preserving current visual design unless necessary.",COD/order transaction strong; online gateway/shipment integrations pending.,62,P2,medium,E019;E020;E021;E043;E050;E051,src/app/api/orders/route.ts; src/app/(store)/checkout/page.tsx; src/backend/config/payment.ts; webhook route scan; src/app/api/admin/orders/[id]/payment-status/route.ts; prisma/schema.prisma,Keep guest and buyer flow under regression coverage and improve where noted.,XS,critical,May reduce polish or scalability if left unmonitored.,none,no
CP-18-40,"Checkout, order, payment-readiness, shipment/tracking-readiness, trade-license-dependent design","Does Checkout, order, payment-readiness, shipment/tracking-readiness, trade-license-dependent design meet the launch standard for account privacy?","Evidence-backed production readiness for account privacy, preserving current visual design unless necessary.","Account order detail is owner-scoped, but public confirmation exposes PII by orderNumber.",35,P0,medium,E022;E023;E010,src/app/(store)/order/[orderNumber]/confirmation/page.tsx; src/app/(store)/account/orders/[id]/page.tsx; .gitignore / git ls-files .env,Fix account privacy before launch or before enabling related feature.,M,critical,Launch risk remains around account privacy.,none,yes
CP-18-41,"Checkout, order, payment-readiness, shipment/tracking-readiness, trade-license-dependent design","Does Checkout, order, payment-readiness, shipment/tracking-readiness, trade-license-dependent design meet the launch standard for product SEO fields?","Evidence-backed production readiness for product SEO fields, preserving current visual design unless necessary.",COD/order transaction strong; online gateway/shipment integrations pending.,62,P2,medium,E019;E020;E021;E043;E050;E051,src/app/api/orders/route.ts; src/app/(store)/checkout/page.tsx; src/backend/config/payment.ts; webhook route scan; src/app/api/admin/orders/[id]/payment-status/route.ts; prisma/schema.prisma,Keep product SEO fields under regression coverage and improve where noted.,XS,critical,May reduce polish or scalability if left unmonitored.,none,no
CP-18-42,"Checkout, order, payment-readiness, shipment/tracking-readiness, trade-license-dependent design","Does Checkout, order, payment-readiness, shipment/tracking-readiness, trade-license-dependent design meet the launch standard for category taxonomy?","Evidence-backed production readiness for category taxonomy, preserving current visual design unless necessary.",COD/order transaction strong; online gateway/shipment integrations pending.,62,P2,medium,E019;E020;E021;E043;E050;E051,src/app/api/orders/route.ts; src/app/(store)/checkout/page.tsx; src/backend/config/payment.ts; webhook route scan; src/app/api/admin/orders/[id]/payment-status/route.ts; prisma/schema.prisma,Keep category taxonomy under regression coverage and improve where noted.,XS,critical,May reduce polish or scalability if left unmonitored.,none,no
CP-18-43,"Checkout, order, payment-readiness, shipment/tracking-readiness, trade-license-dependent design","Does Checkout, order, payment-readiness, shipment/tracking-readiness, trade-license-dependent design meet the launch standard for internal linking?","Evidence-backed production readiness for internal linking, preserving current visual design unless necessary.",COD/order transaction strong; online gateway/shipment integrations pending.,62,P2,medium,E019;E020;E021;E043;E050;E051,src/app/api/orders/route.ts; src/app/(store)/checkout/page.tsx; src/backend/config/payment.ts; webhook route scan; src/app/api/admin/orders/[id]/payment-status/route.ts; prisma/schema.prisma,Keep internal linking under regression coverage and improve where noted.,XS,critical,May reduce polish or scalability if left unmonitored.,none,no
CP-18-44,"Checkout, order, payment-readiness, shipment/tracking-readiness, trade-license-dependent design","Does Checkout, order, payment-readiness, shipment/tracking-readiness, trade-license-dependent design meet the launch standard for reviews and ratings?","Evidence-backed production readiness for reviews and ratings, preserving current visual design unless necessary.",COD/order transaction strong; online gateway/shipment integrations pending.,62,P2,medium,E019;E020;E021;E043;E050;E051,src/app/api/orders/route.ts; src/app/(store)/checkout/page.tsx; src/backend/config/payment.ts; webhook route scan; src/app/api/admin/orders/[id]/payment-status/route.ts; prisma/schema.prisma,Keep reviews and ratings under regression coverage and improve where noted.,XS,critical,May reduce polish or scalability if left unmonitored.,none,no
CP-18-45,"Checkout, order, payment-readiness, shipment/tracking-readiness, trade-license-dependent design","Does Checkout, order, payment-readiness, shipment/tracking-readiness, trade-license-dependent design meet the launch standard for returns and refunds?","Evidence-backed production readiness for returns and refunds, preserving current visual design unless necessary.",COD/order transaction strong; online gateway/shipment integrations pending.,62,P2,medium,E019;E020;E021;E043;E050;E051,src/app/api/orders/route.ts; src/app/(store)/checkout/page.tsx; src/backend/config/payment.ts; webhook route scan; src/app/api/admin/orders/[id]/payment-status/route.ts; prisma/schema.prisma,Keep returns and refunds under regression coverage and improve where noted.,XS,critical,May reduce polish or scalability if left unmonitored.,none,no
CP-18-46,"Checkout, order, payment-readiness, shipment/tracking-readiness, trade-license-dependent design","Does Checkout, order, payment-readiness, shipment/tracking-readiness, trade-license-dependent design meet the launch standard for deployment headers?","Evidence-backed production readiness for deployment headers, preserving current visual design unless necessary.",COD/order transaction strong; online gateway/shipment integrations pending.,62,P2,medium,E019;E020;E021;E043;E050;E051,src/app/api/orders/route.ts; src/app/(store)/checkout/page.tsx; src/backend/config/payment.ts; webhook route scan; src/app/api/admin/orders/[id]/payment-status/route.ts; prisma/schema.prisma,Keep deployment headers under regression coverage and improve where noted.,XS,critical,May reduce polish or scalability if left unmonitored.,none,no
CP-18-47,"Checkout, order, payment-readiness, shipment/tracking-readiness, trade-license-dependent design","Does Checkout, order, payment-readiness, shipment/tracking-readiness, trade-license-dependent design meet the launch standard for dependency deprecation?","Evidence-backed production readiness for dependency deprecation, preserving current visual design unless necessary.",COD/order transaction strong; online gateway/shipment integrations pending.,62,P2,medium,E019;E020;E021;E043;E050;E051,src/app/api/orders/route.ts; src/app/(store)/checkout/page.tsx; src/backend/config/payment.ts; webhook route scan; src/app/api/admin/orders/[id]/payment-status/route.ts; prisma/schema.prisma,Keep dependency deprecation under regression coverage and improve where noted.,XS,critical,May reduce polish or scalability if left unmonitored.,none,no
CP-18-48,"Checkout, order, payment-readiness, shipment/tracking-readiness, trade-license-dependent design","Does Checkout, order, payment-readiness, shipment/tracking-readiness, trade-license-dependent design meet the launch standard for observability?","Evidence-backed production readiness for observability, preserving current visual design unless necessary.",COD/order transaction strong; online gateway/shipment integrations pending.,62,P2,medium,E019;E020;E021;E043;E050;E051,src/app/api/orders/route.ts; src/app/(store)/checkout/page.tsx; src/backend/config/payment.ts; webhook route scan; src/app/api/admin/orders/[id]/payment-status/route.ts; prisma/schema.prisma,Keep observability under regression coverage and improve where noted.,XS,critical,May reduce polish or scalability if left unmonitored.,none,no
CP-18-49,"Checkout, order, payment-readiness, shipment/tracking-readiness, trade-license-dependent design","Does Checkout, order, payment-readiness, shipment/tracking-readiness, trade-license-dependent design meet the launch standard for visual preservation?","Evidence-backed production readiness for visual preservation, preserving current visual design unless necessary.",COD/order transaction strong; online gateway/shipment integrations pending.,62,P2,medium,E019;E020;E021;E043;E050;E051,src/app/api/orders/route.ts; src/app/(store)/checkout/page.tsx; src/backend/config/payment.ts; webhook route scan; src/app/api/admin/orders/[id]/payment-status/route.ts; prisma/schema.prisma,Keep visual preservation under regression coverage and improve where noted.,XS,critical,May reduce polish or scalability if left unmonitored.,none,no
CP-18-50,"Checkout, order, payment-readiness, shipment/tracking-readiness, trade-license-dependent design","Does Checkout, order, payment-readiness, shipment/tracking-readiness, trade-license-dependent design meet the launch standard for launch risk?","Evidence-backed production readiness for launch risk, preserving current visual design unless necessary.",COD/order transaction strong; online gateway/shipment integrations pending.,62,P2,medium,E019;E020;E021;E043;E050;E051,src/app/api/orders/route.ts; src/app/(store)/checkout/page.tsx; src/backend/config/payment.ts; webhook route scan; src/app/api/admin/orders/[id]/payment-status/route.ts; prisma/schema.prisma,Keep launch risk under regression coverage and improve where noted.,XS,critical,May reduce polish or scalability if left unmonitored.,none,no
CP-19-01,"Testing, observability, logging, monitoring, error boundaries, recovery, QA readiness","Does Testing, observability, logging, monitoring, error boundaries, recovery, QA readiness meet the launch standard for route group coverage?","Evidence-backed production readiness for route group coverage, preserving current visual design unless necessary.",Validation tests pass; E2E/observability missing.,74,P2,medium,E033;E034;E042;E044;E045,npm.cmd run lint; npm.cmd test; console/TODO/any/catch scan; tests/**/*.test.ts; browser rendering/Core Web Vitals,Keep route group coverage under regression coverage and improve where noted.,XS,medium,May reduce polish or scalability if left unmonitored.,none,no
CP-19-02,"Testing, observability, logging, monitoring, error boundaries, recovery, QA readiness","Does Testing, observability, logging, monitoring, error boundaries, recovery, QA readiness meet the launch standard for API mutation coverage?","Evidence-backed production readiness for API mutation coverage, preserving current visual design unless necessary.",Validation tests pass; E2E/observability missing.,74,P2,medium,E033;E034;E042;E044;E045,npm.cmd run lint; npm.cmd test; console/TODO/any/catch scan; tests/**/*.test.ts; browser rendering/Core Web Vitals,Keep API mutation coverage under regression coverage and improve where noted.,XS,medium,May reduce polish or scalability if left unmonitored.,none,no
CP-19-03,"Testing, observability, logging, monitoring, error boundaries, recovery, QA readiness","Does Testing, observability, logging, monitoring, error boundaries, recovery, QA readiness meet the launch standard for RBAC enforcement?","Evidence-backed production readiness for RBAC enforcement, preserving current visual design unless necessary.",Validation tests pass; E2E/observability missing.,74,P2,medium,E033;E034;E042;E044;E045,npm.cmd run lint; npm.cmd test; console/TODO/any/catch scan; tests/**/*.test.ts; browser rendering/Core Web Vitals,Keep RBAC enforcement under regression coverage and improve where noted.,XS,medium,May reduce polish or scalability if left unmonitored.,none,no
CP-19-04,"Testing, observability, logging, monitoring, error boundaries, recovery, QA readiness","Does Testing, observability, logging, monitoring, error boundaries, recovery, QA readiness meet the launch standard for authenticated data access?","Evidence-backed production readiness for authenticated data access, preserving current visual design unless necessary.",Validation tests pass; E2E/observability missing.,74,P2,medium,E033;E034;E042;E044;E045,npm.cmd run lint; npm.cmd test; console/TODO/any/catch scan; tests/**/*.test.ts; browser rendering/Core Web Vitals,Keep authenticated data access under regression coverage and improve where noted.,XS,medium,May reduce polish or scalability if left unmonitored.,none,no
CP-19-05,"Testing, observability, logging, monitoring, error boundaries, recovery, QA readiness","Does Testing, observability, logging, monitoring, error boundaries, recovery, QA readiness meet the launch standard for schema support?","Evidence-backed production readiness for schema support, preserving current visual design unless necessary.",Validation tests pass; E2E/observability missing.,74,P2,medium,E033;E034;E042;E044;E045,npm.cmd run lint; npm.cmd test; console/TODO/any/catch scan; tests/**/*.test.ts; browser rendering/Core Web Vitals,Keep schema support under regression coverage and improve where noted.,XS,medium,May reduce polish or scalability if left unmonitored.,none,no
CP-19-06,"Testing, observability, logging, monitoring, error boundaries, recovery, QA readiness","Does Testing, observability, logging, monitoring, error boundaries, recovery, QA readiness meet the launch standard for validation path?","Evidence-backed production readiness for validation path, preserving current visual design unless necessary.",Validation tests pass; E2E/observability missing.,74,P2,medium,E033;E034;E042;E044;E045,npm.cmd run lint; npm.cmd test; console/TODO/any/catch scan; tests/**/*.test.ts; browser rendering/Core Web Vitals,Keep validation path under regression coverage and improve where noted.,XS,medium,May reduce polish or scalability if left unmonitored.,none,no
CP-19-07,"Testing, observability, logging, monitoring, error boundaries, recovery, QA readiness","Does Testing, observability, logging, monitoring, error boundaries, recovery, QA readiness meet the launch standard for error handling?","Evidence-backed production readiness for error handling, preserving current visual design unless necessary.",Validation tests pass; E2E/observability missing.,74,P2,medium,E033;E034;E042;E044;E045,npm.cmd run lint; npm.cmd test; console/TODO/any/catch scan; tests/**/*.test.ts; browser rendering/Core Web Vitals,Keep error handling under regression coverage and improve where noted.,XS,medium,May reduce polish or scalability if left unmonitored.,none,no
CP-19-08,"Testing, observability, logging, monitoring, error boundaries, recovery, QA readiness","Does Testing, observability, logging, monitoring, error boundaries, recovery, QA readiness meet the launch standard for audit logging?","Evidence-backed production readiness for audit logging, preserving current visual design unless necessary.",Validation tests pass; E2E/observability missing.,74,P2,medium,E033;E034;E042;E044;E045,npm.cmd run lint; npm.cmd test; console/TODO/any/catch scan; tests/**/*.test.ts; browser rendering/Core Web Vitals,Keep audit logging under regression coverage and improve where noted.,XS,medium,May reduce polish or scalability if left unmonitored.,none,no
CP-19-09,"Testing, observability, logging, monitoring, error boundaries, recovery, QA readiness","Does Testing, observability, logging, monitoring, error boundaries, recovery, QA readiness meet the launch standard for environment dependency?","Evidence-backed production readiness for environment dependency, preserving current visual design unless necessary.",Validation tests pass; E2E/observability missing.,74,P2,medium,E033;E034;E042;E044;E045,npm.cmd run lint; npm.cmd test; console/TODO/any/catch scan; tests/**/*.test.ts; browser rendering/Core Web Vitals,Keep environment dependency under regression coverage and improve where noted.,XS,medium,May reduce polish or scalability if left unmonitored.,none,no
CP-19-10,"Testing, observability, logging, monitoring, error boundaries, recovery, QA readiness","Does Testing, observability, logging, monitoring, error boundaries, recovery, QA readiness meet the launch standard for command verification?","Evidence-backed production readiness for command verification, preserving current visual design unless necessary.",Validation tests pass; E2E/observability missing.,74,P2,medium,E033;E034;E042;E044;E045,npm.cmd run lint; npm.cmd test; console/TODO/any/catch scan; tests/**/*.test.ts; browser rendering/Core Web Vitals,Keep command verification under regression coverage and improve where noted.,XS,medium,May reduce polish or scalability if left unmonitored.,none,no
CP-19-11,"Testing, observability, logging, monitoring, error boundaries, recovery, QA readiness","Does Testing, observability, logging, monitoring, error boundaries, recovery, QA readiness meet the launch standard for test coverage?","Evidence-backed production readiness for test coverage, preserving current visual design unless necessary.",Validation tests pass; E2E/observability missing.,74,P2,medium,E033;E034;E042;E044;E045,npm.cmd run lint; npm.cmd test; console/TODO/any/catch scan; tests/**/*.test.ts; browser rendering/Core Web Vitals,Keep test coverage under regression coverage and improve where noted.,XS,medium,May reduce polish or scalability if left unmonitored.,none,no
CP-19-12,"Testing, observability, logging, monitoring, error boundaries, recovery, QA readiness","Does Testing, observability, logging, monitoring, error boundaries, recovery, QA readiness meet the launch standard for data fetching strategy?","Evidence-backed production readiness for data fetching strategy, preserving current visual design unless necessary.",In-memory route limiter exists but is not distributed.,58,P1,medium,E008,src/backend/security/rate-limit.ts,Fix data fetching strategy before launch or before enabling related feature.,S,medium,Launch risk remains around data fetching strategy.,none,no
CP-19-13,"Testing, observability, logging, monitoring, error boundaries, recovery, QA readiness","Does Testing, observability, logging, monitoring, error boundaries, recovery, QA readiness meet the launch standard for image/media handling?","Evidence-backed production readiness for image/media handling, preserving current visual design unless necessary.",Validation tests pass; E2E/observability missing.,74,P2,medium,E033;E034;E042;E044;E045,npm.cmd run lint; npm.cmd test; console/TODO/any/catch scan; tests/**/*.test.ts; browser rendering/Core Web Vitals,Keep image/media handling under regression coverage and improve where noted.,XS,medium,May reduce polish or scalability if left unmonitored.,none,no
CP-19-14,"Testing, observability, logging, monitoring, error boundaries, recovery, QA readiness","Does Testing, observability, logging, monitoring, error boundaries, recovery, QA readiness meet the launch standard for metadata and canonical handling?","Evidence-backed production readiness for metadata and canonical handling, preserving current visual design unless necessary.",Validation tests pass; E2E/observability missing.,74,P2,medium,E011;E017;E018,src/backend/seo/metadata.ts; src/app/(store)/category/[slug]/page.tsx; src/app/(store)/search/page.tsx,Keep metadata and canonical handling under regression coverage and improve where noted.,XS,medium,May reduce polish or scalability if left unmonitored.,none,no
CP-19-15,"Testing, observability, logging, monitoring, error boundaries, recovery, QA readiness","Does Testing, observability, logging, monitoring, error boundaries, recovery, QA readiness meet the launch standard for structured data handling?","Evidence-backed production readiness for structured data handling, preserving current visual design unless necessary.",Validation tests pass; E2E/observability missing.,74,P2,medium,E014;E016;E017,src/backend/seo/structured-data.ts; src/app/(store)/products/[slug]/page.tsx; src/app/(store)/category/[slug]/page.tsx,Keep structured data handling under regression coverage and improve where noted.,XS,medium,May reduce polish or scalability if left unmonitored.,none,no
CP-19-16,"Testing, observability, logging, monitoring, error boundaries, recovery, QA readiness","Does Testing, observability, logging, monitoring, error boundaries, recovery, QA readiness meet the launch standard for sitemap and robots handling?","Evidence-backed production readiness for sitemap and robots handling, preserving current visual design unless necessary.",Validation tests pass; E2E/observability missing.,74,P2,medium,E033;E034;E042;E044;E045,npm.cmd run lint; npm.cmd test; console/TODO/any/catch scan; tests/**/*.test.ts; browser rendering/Core Web Vitals,Keep sitemap and robots handling under regression coverage and improve where noted.,XS,medium,May reduce polish or scalability if left unmonitored.,none,no
CP-19-17,"Testing, observability, logging, monitoring, error boundaries, recovery, QA readiness","Does Testing, observability, logging, monitoring, error boundaries, recovery, QA readiness meet the launch standard for pagination and facets?","Evidence-backed production readiness for pagination and facets, preserving current visual design unless necessary.",Validation tests pass; E2E/observability missing.,74,P2,medium,E033;E034;E042;E044;E045,npm.cmd run lint; npm.cmd test; console/TODO/any/catch scan; tests/**/*.test.ts; browser rendering/Core Web Vitals,Keep pagination and facets under regression coverage and improve where noted.,XS,medium,May reduce polish or scalability if left unmonitored.,none,no
CP-19-18,"Testing, observability, logging, monitoring, error boundaries, recovery, QA readiness","Does Testing, observability, logging, monitoring, error boundaries, recovery, QA readiness meet the launch standard for seller ownership?","Evidence-backed production readiness for seller ownership, preserving current visual design unless necessary.","Seller schema exists, but no seller route area was found and product writes are first-party/admin-managed.",45,P1,medium,E031;E026;E003,src/app route scan and README.md; src/backend/admin/product-editor.ts; prisma/schema.prisma,Fix seller ownership before launch or before enabling related feature.,S,medium,Launch risk remains around seller ownership.,minor,no
CP-19-19,"Testing, observability, logging, monitoring, error boundaries, recovery, QA readiness","Does Testing, observability, logging, monitoring, error boundaries, recovery, QA readiness meet the launch standard for admin versus super-admin split?","Evidence-backed production readiness for admin versus super-admin split, preserving current visual design unless necessary.",Validation tests pass; E2E/observability missing.,74,P2,medium,E033;E034;E042;E044;E045,npm.cmd run lint; npm.cmd test; console/TODO/any/catch scan; tests/**/*.test.ts; browser rendering/Core Web Vitals,Keep admin versus super-admin split under regression coverage and improve where noted.,XS,medium,May reduce polish or scalability if left unmonitored.,none,no
CP-19-20,"Testing, observability, logging, monitoring, error boundaries, recovery, QA readiness","Does Testing, observability, logging, monitoring, error boundaries, recovery, QA readiness meet the launch standard for order payment shipment status?","Evidence-backed production readiness for order payment shipment status, preserving current visual design unless necessary.",Validation tests pass; E2E/observability missing.,74,P2,medium,E033;E034;E042;E044;E045,npm.cmd run lint; npm.cmd test; console/TODO/any/catch scan; tests/**/*.test.ts; browser rendering/Core Web Vitals,Keep order payment shipment status under regression coverage and improve where noted.,XS,medium,May reduce polish or scalability if left unmonitored.,none,no
CP-19-21,"Testing, observability, logging, monitoring, error boundaries, recovery, QA readiness","Does Testing, observability, logging, monitoring, error boundaries, recovery, QA readiness meet the launch standard for rate limiting?","Evidence-backed production readiness for rate limiting, preserving current visual design unless necessary.",In-memory route limiter exists but is not distributed.,58,P1,medium,E008,src/backend/security/rate-limit.ts,Fix rate limiting before launch or before enabling related feature.,S,medium,Launch risk remains around rate limiting.,none,no
CP-19-22,"Testing, observability, logging, monitoring, error boundaries, recovery, QA readiness","Does Testing, observability, logging, monitoring, error boundaries, recovery, QA readiness meet the launch standard for CSRF and origin control?","Evidence-backed production readiness for CSRF and origin control, preserving current visual design unless necessary.",No explicit CSRF token or Origin/Referer check found in sampled custom mutation APIs.,55,P1,medium,E060,custom mutation CSRF/origin scan,Fix CSRF and origin control before launch or before enabling related feature.,S,medium,Launch risk remains around CSRF and origin control.,none,no
CP-19-23,"Testing, observability, logging, monitoring, error boundaries, recovery, QA readiness","Does Testing, observability, logging, monitoring, error boundaries, recovery, QA readiness meet the launch standard for secret exposure?","Evidence-backed production readiness for secret exposure, preserving current visual design unless necessary.",Validation tests pass; E2E/observability missing.,74,P2,medium,E033;E034;E042;E044;E045,npm.cmd run lint; npm.cmd test; console/TODO/any/catch scan; tests/**/*.test.ts; browser rendering/Core Web Vitals,Keep secret exposure under regression coverage and improve where noted.,XS,medium,May reduce polish or scalability if left unmonitored.,none,no
CP-19-24,"Testing, observability, logging, monitoring, error boundaries, recovery, QA readiness","Does Testing, observability, logging, monitoring, error boundaries, recovery, QA readiness meet the launch standard for console and logging hygiene?","Evidence-backed production readiness for console and logging hygiene, preserving current visual design unless necessary.",Validation tests pass; E2E/observability missing.,74,P2,medium,E033;E034;E042;E044;E045,npm.cmd run lint; npm.cmd test; console/TODO/any/catch scan; tests/**/*.test.ts; browser rendering/Core Web Vitals,Keep console and logging hygiene under regression coverage and improve where noted.,XS,medium,May reduce polish or scalability if left unmonitored.,none,no
CP-19-25,"Testing, observability, logging, monitoring, error boundaries, recovery, QA readiness","Does Testing, observability, logging, monitoring, error boundaries, recovery, QA readiness meet the launch standard for type safety?","Evidence-backed production readiness for type safety, preserving current visual design unless necessary.",Validation tests pass; E2E/observability missing.,74,P2,medium,E033;E034;E042;E044;E045,npm.cmd run lint; npm.cmd test; console/TODO/any/catch scan; tests/**/*.test.ts; browser rendering/Core Web Vitals,Keep type safety under regression coverage and improve where noted.,XS,medium,May reduce polish or scalability if left unmonitored.,none,no
CP-19-26,"Testing, observability, logging, monitoring, error boundaries, recovery, QA readiness","Does Testing, observability, logging, monitoring, error boundaries, recovery, QA readiness meet the launch standard for duplicate or dead code risk?","Evidence-backed production readiness for duplicate or dead code risk, preserving current visual design unless necessary.",Validation tests pass; E2E/observability missing.,74,P2,medium,E033;E034;E042;E044;E045,npm.cmd run lint; npm.cmd test; console/TODO/any/catch scan; tests/**/*.test.ts; browser rendering/Core Web Vitals,Keep duplicate or dead code risk under regression coverage and improve where noted.,XS,medium,May reduce polish or scalability if left unmonitored.,none,no
CP-19-27,"Testing, observability, logging, monitoring, error boundaries, recovery, QA readiness","Does Testing, observability, logging, monitoring, error boundaries, recovery, QA readiness meet the launch standard for README and implementation alignment?","Evidence-backed production readiness for README and implementation alignment, preserving current visual design unless necessary.",Validation tests pass; E2E/observability missing.,74,P2,medium,E033;E034;E042;E044;E045,npm.cmd run lint; npm.cmd test; console/TODO/any/catch scan; tests/**/*.test.ts; browser rendering/Core Web Vitals,Keep README and implementation alignment under regression coverage and improve where noted.,XS,medium,May reduce polish or scalability if left unmonitored.,none,no
CP-19-28,"Testing, observability, logging, monitoring, error boundaries, recovery, QA readiness","Does Testing, observability, logging, monitoring, error boundaries, recovery, QA readiness meet the launch standard for accessibility controls?","Evidence-backed production readiness for accessibility controls, preserving current visual design unless necessary.",Validation tests pass; E2E/observability missing.,74,P2,medium,E033;E034;E042;E044;E045,npm.cmd run lint; npm.cmd test; console/TODO/any/catch scan; tests/**/*.test.ts; browser rendering/Core Web Vitals,Keep accessibility controls under regression coverage and improve where noted.,XS,medium,May reduce polish or scalability if left unmonitored.,none,no
CP-19-29,"Testing, observability, logging, monitoring, error boundaries, recovery, QA readiness","Does Testing, observability, logging, monitoring, error boundaries, recovery, QA readiness meet the launch standard for mobile layout behavior?","Evidence-backed production readiness for mobile layout behavior, preserving current visual design unless necessary.",Validation tests pass; E2E/observability missing.,74,P2,medium,E033;E034;E042;E044;E045,npm.cmd run lint; npm.cmd test; console/TODO/any/catch scan; tests/**/*.test.ts; browser rendering/Core Web Vitals,Keep mobile layout behavior under regression coverage and improve where noted.,XS,medium,May reduce polish or scalability if left unmonitored.,none,no
CP-19-30,"Testing, observability, logging, monitoring, error boundaries, recovery, QA readiness","Does Testing, observability, logging, monitoring, error boundaries, recovery, QA readiness meet the launch standard for Bangladesh localization?","Evidence-backed production readiness for Bangladesh localization, preserving current visual design unless necessary.",Validation tests pass; E2E/observability missing.,74,P2,medium,E033;E034;E042;E044;E045,npm.cmd run lint; npm.cmd test; console/TODO/any/catch scan; tests/**/*.test.ts; browser rendering/Core Web Vitals,Keep Bangladesh localization under regression coverage and improve where noted.,XS,medium,May reduce polish or scalability if left unmonitored.,none,no
CP-19-31,"Testing, observability, logging, monitoring, error boundaries, recovery, QA readiness","Does Testing, observability, logging, monitoring, error boundaries, recovery, QA readiness meet the launch standard for Bangla and English readiness?","Evidence-backed production readiness for Bangla and English readiness, preserving current visual design unless necessary.",Validation tests pass; E2E/observability missing.,74,P2,medium,E033;E034;E042;E044;E045,npm.cmd run lint; npm.cmd test; console/TODO/any/catch scan; tests/**/*.test.ts; browser rendering/Core Web Vitals,Keep Bangla and English readiness under regression coverage and improve where noted.,XS,medium,May reduce polish or scalability if left unmonitored.,none,no
CP-19-32,"Testing, observability, logging, monitoring, error boundaries, recovery, QA readiness","Does Testing, observability, logging, monitoring, error boundaries, recovery, QA readiness meet the launch standard for Merchant Center readiness?","Evidence-backed production readiness for Merchant Center readiness, preserving current visual design unless necessary.",Validation tests pass; E2E/observability missing.,74,P2,medium,E033;E034;E042;E044;E045,npm.cmd run lint; npm.cmd test; console/TODO/any/catch scan; tests/**/*.test.ts; browser rendering/Core Web Vitals,Keep Merchant Center readiness under regression coverage and improve where noted.,XS,medium,May reduce polish or scalability if left unmonitored.,none,no
CP-19-33,"Testing, observability, logging, monitoring, error boundaries, recovery, QA readiness","Does Testing, observability, logging, monitoring, error boundaries, recovery, QA readiness meet the launch standard for webhook readiness?","Evidence-backed production readiness for webhook readiness, preserving current visual design unless necessary.","Payment env variables exist, but no webhook route was found.",45,P1,medium,E043;E050,webhook route scan; src/app/api/admin/orders/[id]/payment-status/route.ts,Fix webhook readiness before launch or before enabling related feature.,S,medium,Launch risk remains around webhook readiness.,none,no
CP-19-34,"Testing, observability, logging, monitoring, error boundaries, recovery, QA readiness","Does Testing, observability, logging, monitoring, error boundaries, recovery, QA readiness meet the launch standard for shipment tracking readiness?","Evidence-backed production readiness for shipment tracking readiness, preserving current visual design unless necessary.",Validation tests pass; E2E/observability missing.,74,P2,medium,E033;E034;E042;E044;E045,npm.cmd run lint; npm.cmd test; console/TODO/any/catch scan; tests/**/*.test.ts; browser rendering/Core Web Vitals,Keep shipment tracking readiness under regression coverage and improve where noted.,XS,medium,May reduce polish or scalability if left unmonitored.,none,no
CP-19-35,"Testing, observability, logging, monitoring, error boundaries, recovery, QA readiness","Does Testing, observability, logging, monitoring, error boundaries, recovery, QA readiness meet the launch standard for fraud and moderation readiness?","Evidence-backed production readiness for fraud and moderation readiness, preserving current visual design unless necessary.",Validation tests pass; E2E/observability missing.,74,P2,medium,E033;E034;E042;E044;E045,npm.cmd run lint; npm.cmd test; console/TODO/any/catch scan; tests/**/*.test.ts; browser rendering/Core Web Vitals,Keep fraud and moderation readiness under regression coverage and improve where noted.,XS,medium,May reduce polish or scalability if left unmonitored.,none,no
CP-19-36,"Testing, observability, logging, monitoring, error boundaries, recovery, QA readiness","Does Testing, observability, logging, monitoring, error boundaries, recovery, QA readiness meet the launch standard for cache and revalidation?","Evidence-backed production readiness for cache and revalidation, preserving current visual design unless necessary.",Validation tests pass; E2E/observability missing.,74,P2,medium,E033;E034;E042;E044;E045,npm.cmd run lint; npm.cmd test; console/TODO/any/catch scan; tests/**/*.test.ts; browser rendering/Core Web Vitals,Keep cache and revalidation under regression coverage and improve where noted.,XS,medium,May reduce polish or scalability if left unmonitored.,none,no
CP-19-37,"Testing, observability, logging, monitoring, error boundaries, recovery, QA readiness","Does Testing, observability, logging, monitoring, error boundaries, recovery, QA readiness meet the launch standard for N+1 or bulk-fetch risk?","Evidence-backed production readiness for N+1 or bulk-fetch risk, preserving current visual design unless necessary.",Validation tests pass; E2E/observability missing.,74,P2,medium,E033;E034;E042;E044;E045,npm.cmd run lint; npm.cmd test; console/TODO/any/catch scan; tests/**/*.test.ts; browser rendering/Core Web Vitals,Keep N+1 or bulk-fetch risk under regression coverage and improve where noted.,XS,medium,May reduce polish or scalability if left unmonitored.,none,no
CP-19-38,"Testing, observability, logging, monitoring, error boundaries, recovery, QA readiness","Does Testing, observability, logging, monitoring, error boundaries, recovery, QA readiness meet the launch standard for payment status integrity?","Evidence-backed production readiness for payment status integrity, preserving current visual design unless necessary.",Validation tests pass; E2E/observability missing.,74,P2,medium,E033;E034;E042;E044;E045,npm.cmd run lint; npm.cmd test; console/TODO/any/catch scan; tests/**/*.test.ts; browser rendering/Core Web Vitals,Keep payment status integrity under regression coverage and improve where noted.,XS,medium,May reduce polish or scalability if left unmonitored.,none,no
CP-19-39,"Testing, observability, logging, monitoring, error boundaries, recovery, QA readiness","Does Testing, observability, logging, monitoring, error boundaries, recovery, QA readiness meet the launch standard for guest and buyer flow?","Evidence-backed production readiness for guest and buyer flow, preserving current visual design unless necessary.",Validation tests pass; E2E/observability missing.,74,P2,medium,E033;E034;E042;E044;E045,npm.cmd run lint; npm.cmd test; console/TODO/any/catch scan; tests/**/*.test.ts; browser rendering/Core Web Vitals,Keep guest and buyer flow under regression coverage and improve where noted.,XS,medium,May reduce polish or scalability if left unmonitored.,none,no
CP-19-40,"Testing, observability, logging, monitoring, error boundaries, recovery, QA readiness","Does Testing, observability, logging, monitoring, error boundaries, recovery, QA readiness meet the launch standard for account privacy?","Evidence-backed production readiness for account privacy, preserving current visual design unless necessary.","Account order detail is owner-scoped, but public confirmation exposes PII by orderNumber.",35,P0,medium,E022;E023;E010,src/app/(store)/order/[orderNumber]/confirmation/page.tsx; src/app/(store)/account/orders/[id]/page.tsx; .gitignore / git ls-files .env,Fix account privacy before launch or before enabling related feature.,M,critical,Launch risk remains around account privacy.,none,yes
CP-19-41,"Testing, observability, logging, monitoring, error boundaries, recovery, QA readiness","Does Testing, observability, logging, monitoring, error boundaries, recovery, QA readiness meet the launch standard for product SEO fields?","Evidence-backed production readiness for product SEO fields, preserving current visual design unless necessary.",Validation tests pass; E2E/observability missing.,74,P2,medium,E033;E034;E042;E044;E045,npm.cmd run lint; npm.cmd test; console/TODO/any/catch scan; tests/**/*.test.ts; browser rendering/Core Web Vitals,Keep product SEO fields under regression coverage and improve where noted.,XS,medium,May reduce polish or scalability if left unmonitored.,none,no
CP-19-42,"Testing, observability, logging, monitoring, error boundaries, recovery, QA readiness","Does Testing, observability, logging, monitoring, error boundaries, recovery, QA readiness meet the launch standard for category taxonomy?","Evidence-backed production readiness for category taxonomy, preserving current visual design unless necessary.",Validation tests pass; E2E/observability missing.,74,P2,medium,E033;E034;E042;E044;E045,npm.cmd run lint; npm.cmd test; console/TODO/any/catch scan; tests/**/*.test.ts; browser rendering/Core Web Vitals,Keep category taxonomy under regression coverage and improve where noted.,XS,medium,May reduce polish or scalability if left unmonitored.,none,no
CP-19-43,"Testing, observability, logging, monitoring, error boundaries, recovery, QA readiness","Does Testing, observability, logging, monitoring, error boundaries, recovery, QA readiness meet the launch standard for internal linking?","Evidence-backed production readiness for internal linking, preserving current visual design unless necessary.",Validation tests pass; E2E/observability missing.,74,P2,medium,E033;E034;E042;E044;E045,npm.cmd run lint; npm.cmd test; console/TODO/any/catch scan; tests/**/*.test.ts; browser rendering/Core Web Vitals,Keep internal linking under regression coverage and improve where noted.,XS,medium,May reduce polish or scalability if left unmonitored.,none,no
CP-19-44,"Testing, observability, logging, monitoring, error boundaries, recovery, QA readiness","Does Testing, observability, logging, monitoring, error boundaries, recovery, QA readiness meet the launch standard for reviews and ratings?","Evidence-backed production readiness for reviews and ratings, preserving current visual design unless necessary.",Validation tests pass; E2E/observability missing.,74,P2,medium,E033;E034;E042;E044;E045,npm.cmd run lint; npm.cmd test; console/TODO/any/catch scan; tests/**/*.test.ts; browser rendering/Core Web Vitals,Keep reviews and ratings under regression coverage and improve where noted.,XS,medium,May reduce polish or scalability if left unmonitored.,none,no
CP-19-45,"Testing, observability, logging, monitoring, error boundaries, recovery, QA readiness","Does Testing, observability, logging, monitoring, error boundaries, recovery, QA readiness meet the launch standard for returns and refunds?","Evidence-backed production readiness for returns and refunds, preserving current visual design unless necessary.",Validation tests pass; E2E/observability missing.,74,P2,medium,E033;E034;E042;E044;E045,npm.cmd run lint; npm.cmd test; console/TODO/any/catch scan; tests/**/*.test.ts; browser rendering/Core Web Vitals,Keep returns and refunds under regression coverage and improve where noted.,XS,medium,May reduce polish or scalability if left unmonitored.,none,no
CP-19-46,"Testing, observability, logging, monitoring, error boundaries, recovery, QA readiness","Does Testing, observability, logging, monitoring, error boundaries, recovery, QA readiness meet the launch standard for deployment headers?","Evidence-backed production readiness for deployment headers, preserving current visual design unless necessary.",Validation tests pass; E2E/observability missing.,74,P2,medium,E033;E034;E042;E044;E045,npm.cmd run lint; npm.cmd test; console/TODO/any/catch scan; tests/**/*.test.ts; browser rendering/Core Web Vitals,Keep deployment headers under regression coverage and improve where noted.,XS,medium,May reduce polish or scalability if left unmonitored.,none,no
CP-19-47,"Testing, observability, logging, monitoring, error boundaries, recovery, QA readiness","Does Testing, observability, logging, monitoring, error boundaries, recovery, QA readiness meet the launch standard for dependency deprecation?","Evidence-backed production readiness for dependency deprecation, preserving current visual design unless necessary.",Validation tests pass; E2E/observability missing.,74,P2,medium,E033;E034;E042;E044;E045,npm.cmd run lint; npm.cmd test; console/TODO/any/catch scan; tests/**/*.test.ts; browser rendering/Core Web Vitals,Keep dependency deprecation under regression coverage and improve where noted.,XS,medium,May reduce polish or scalability if left unmonitored.,none,no
CP-19-48,"Testing, observability, logging, monitoring, error boundaries, recovery, QA readiness","Does Testing, observability, logging, monitoring, error boundaries, recovery, QA readiness meet the launch standard for observability?","Evidence-backed production readiness for observability, preserving current visual design unless necessary.",Validation tests pass; E2E/observability missing.,74,P2,medium,E033;E034;E042;E044;E045,npm.cmd run lint; npm.cmd test; console/TODO/any/catch scan; tests/**/*.test.ts; browser rendering/Core Web Vitals,Keep observability under regression coverage and improve where noted.,XS,medium,May reduce polish or scalability if left unmonitored.,none,no
CP-19-49,"Testing, observability, logging, monitoring, error boundaries, recovery, QA readiness","Does Testing, observability, logging, monitoring, error boundaries, recovery, QA readiness meet the launch standard for visual preservation?","Evidence-backed production readiness for visual preservation, preserving current visual design unless necessary.",Validation tests pass; E2E/observability missing.,74,P2,medium,E033;E034;E042;E044;E045,npm.cmd run lint; npm.cmd test; console/TODO/any/catch scan; tests/**/*.test.ts; browser rendering/Core Web Vitals,Keep visual preservation under regression coverage and improve where noted.,XS,medium,May reduce polish or scalability if left unmonitored.,none,no
CP-19-50,"Testing, observability, logging, monitoring, error boundaries, recovery, QA readiness","Does Testing, observability, logging, monitoring, error boundaries, recovery, QA readiness meet the launch standard for launch risk?","Evidence-backed production readiness for launch risk, preserving current visual design unless necessary.",Validation tests pass; E2E/observability missing.,74,P2,medium,E033;E034;E042;E044;E045,npm.cmd run lint; npm.cmd test; console/TODO/any/catch scan; tests/**/*.test.ts; browser rendering/Core Web Vitals,Keep launch risk under regression coverage and improve where noted.,XS,medium,May reduce polish or scalability if left unmonitored.,none,no
CP-20-01,"Deployment, environment config, privacy, compliance, localization, Bangladesh market readiness","Does Deployment, environment config, privacy, compliance, localization, Bangladesh market readiness meet the launch standard for route group coverage?","Evidence-backed production readiness for route group coverage, preserving current visual design unless necessary.",Headers/env masking good; deployment/CDN/compliance runtime not verified.,74,P2,medium,E002;E009;E010;E013;E055,next.config.js; .env; .gitignore / git ls-files .env; src/app/robots.ts; deployment config,Keep route group coverage under regression coverage and improve where noted.,XS,medium,May reduce polish or scalability if left unmonitored.,none,no
CP-20-02,"Deployment, environment config, privacy, compliance, localization, Bangladesh market readiness","Does Deployment, environment config, privacy, compliance, localization, Bangladesh market readiness meet the launch standard for API mutation coverage?","Evidence-backed production readiness for API mutation coverage, preserving current visual design unless necessary.",Headers/env masking good; deployment/CDN/compliance runtime not verified.,74,P2,medium,E002;E009;E010;E013;E055,next.config.js; .env; .gitignore / git ls-files .env; src/app/robots.ts; deployment config,Keep API mutation coverage under regression coverage and improve where noted.,XS,medium,May reduce polish or scalability if left unmonitored.,none,no
CP-20-03,"Deployment, environment config, privacy, compliance, localization, Bangladesh market readiness","Does Deployment, environment config, privacy, compliance, localization, Bangladesh market readiness meet the launch standard for RBAC enforcement?","Evidence-backed production readiness for RBAC enforcement, preserving current visual design unless necessary.",Headers/env masking good; deployment/CDN/compliance runtime not verified.,74,P2,medium,E002;E009;E010;E013;E055,next.config.js; .env; .gitignore / git ls-files .env; src/app/robots.ts; deployment config,Keep RBAC enforcement under regression coverage and improve where noted.,XS,medium,May reduce polish or scalability if left unmonitored.,none,no
CP-20-04,"Deployment, environment config, privacy, compliance, localization, Bangladesh market readiness","Does Deployment, environment config, privacy, compliance, localization, Bangladesh market readiness meet the launch standard for authenticated data access?","Evidence-backed production readiness for authenticated data access, preserving current visual design unless necessary.",Headers/env masking good; deployment/CDN/compliance runtime not verified.,74,P2,medium,E002;E009;E010;E013;E055,next.config.js; .env; .gitignore / git ls-files .env; src/app/robots.ts; deployment config,Keep authenticated data access under regression coverage and improve where noted.,XS,medium,May reduce polish or scalability if left unmonitored.,none,no
CP-20-05,"Deployment, environment config, privacy, compliance, localization, Bangladesh market readiness","Does Deployment, environment config, privacy, compliance, localization, Bangladesh market readiness meet the launch standard for schema support?","Evidence-backed production readiness for schema support, preserving current visual design unless necessary.",Headers/env masking good; deployment/CDN/compliance runtime not verified.,74,P2,medium,E002;E009;E010;E013;E055,next.config.js; .env; .gitignore / git ls-files .env; src/app/robots.ts; deployment config,Keep schema support under regression coverage and improve where noted.,XS,medium,May reduce polish or scalability if left unmonitored.,none,no
CP-20-06,"Deployment, environment config, privacy, compliance, localization, Bangladesh market readiness","Does Deployment, environment config, privacy, compliance, localization, Bangladesh market readiness meet the launch standard for validation path?","Evidence-backed production readiness for validation path, preserving current visual design unless necessary.",Headers/env masking good; deployment/CDN/compliance runtime not verified.,74,P2,medium,E002;E009;E010;E013;E055,next.config.js; .env; .gitignore / git ls-files .env; src/app/robots.ts; deployment config,Keep validation path under regression coverage and improve where noted.,XS,medium,May reduce polish or scalability if left unmonitored.,none,no
CP-20-07,"Deployment, environment config, privacy, compliance, localization, Bangladesh market readiness","Does Deployment, environment config, privacy, compliance, localization, Bangladesh market readiness meet the launch standard for error handling?","Evidence-backed production readiness for error handling, preserving current visual design unless necessary.",Headers/env masking good; deployment/CDN/compliance runtime not verified.,74,P2,medium,E002;E009;E010;E013;E055,next.config.js; .env; .gitignore / git ls-files .env; src/app/robots.ts; deployment config,Keep error handling under regression coverage and improve where noted.,XS,medium,May reduce polish or scalability if left unmonitored.,none,no
CP-20-08,"Deployment, environment config, privacy, compliance, localization, Bangladesh market readiness","Does Deployment, environment config, privacy, compliance, localization, Bangladesh market readiness meet the launch standard for audit logging?","Evidence-backed production readiness for audit logging, preserving current visual design unless necessary.",Headers/env masking good; deployment/CDN/compliance runtime not verified.,74,P2,medium,E002;E009;E010;E013;E055,next.config.js; .env; .gitignore / git ls-files .env; src/app/robots.ts; deployment config,Keep audit logging under regression coverage and improve where noted.,XS,medium,May reduce polish or scalability if left unmonitored.,none,no
CP-20-09,"Deployment, environment config, privacy, compliance, localization, Bangladesh market readiness","Does Deployment, environment config, privacy, compliance, localization, Bangladesh market readiness meet the launch standard for environment dependency?","Evidence-backed production readiness for environment dependency, preserving current visual design unless necessary.",Headers/env masking good; deployment/CDN/compliance runtime not verified.,74,P2,medium,E002;E009;E010;E013;E055,next.config.js; .env; .gitignore / git ls-files .env; src/app/robots.ts; deployment config,Keep environment dependency under regression coverage and improve where noted.,XS,medium,May reduce polish or scalability if left unmonitored.,none,no
CP-20-10,"Deployment, environment config, privacy, compliance, localization, Bangladesh market readiness","Does Deployment, environment config, privacy, compliance, localization, Bangladesh market readiness meet the launch standard for command verification?","Evidence-backed production readiness for command verification, preserving current visual design unless necessary.",Headers/env masking good; deployment/CDN/compliance runtime not verified.,74,P2,medium,E002;E009;E010;E013;E055,next.config.js; .env; .gitignore / git ls-files .env; src/app/robots.ts; deployment config,Keep command verification under regression coverage and improve where noted.,XS,medium,May reduce polish or scalability if left unmonitored.,none,no
CP-20-11,"Deployment, environment config, privacy, compliance, localization, Bangladesh market readiness","Does Deployment, environment config, privacy, compliance, localization, Bangladesh market readiness meet the launch standard for test coverage?","Evidence-backed production readiness for test coverage, preserving current visual design unless necessary.",Headers/env masking good; deployment/CDN/compliance runtime not verified.,74,P2,medium,E002;E009;E010;E013;E055,next.config.js; .env; .gitignore / git ls-files .env; src/app/robots.ts; deployment config,Keep test coverage under regression coverage and improve where noted.,XS,medium,May reduce polish or scalability if left unmonitored.,none,no
CP-20-12,"Deployment, environment config, privacy, compliance, localization, Bangladesh market readiness","Does Deployment, environment config, privacy, compliance, localization, Bangladesh market readiness meet the launch standard for data fetching strategy?","Evidence-backed production readiness for data fetching strategy, preserving current visual design unless necessary.",In-memory route limiter exists but is not distributed.,58,P1,medium,E008,src/backend/security/rate-limit.ts,Fix data fetching strategy before launch or before enabling related feature.,S,medium,Launch risk remains around data fetching strategy.,none,no
CP-20-13,"Deployment, environment config, privacy, compliance, localization, Bangladesh market readiness","Does Deployment, environment config, privacy, compliance, localization, Bangladesh market readiness meet the launch standard for image/media handling?","Evidence-backed production readiness for image/media handling, preserving current visual design unless necessary.",Headers/env masking good; deployment/CDN/compliance runtime not verified.,74,P2,medium,E002;E009;E010;E013;E055,next.config.js; .env; .gitignore / git ls-files .env; src/app/robots.ts; deployment config,Keep image/media handling under regression coverage and improve where noted.,XS,medium,May reduce polish or scalability if left unmonitored.,none,no
CP-20-14,"Deployment, environment config, privacy, compliance, localization, Bangladesh market readiness","Does Deployment, environment config, privacy, compliance, localization, Bangladesh market readiness meet the launch standard for metadata and canonical handling?","Evidence-backed production readiness for metadata and canonical handling, preserving current visual design unless necessary.",Headers/env masking good; deployment/CDN/compliance runtime not verified.,74,P2,medium,E011;E017;E018,src/backend/seo/metadata.ts; src/app/(store)/category/[slug]/page.tsx; src/app/(store)/search/page.tsx,Keep metadata and canonical handling under regression coverage and improve where noted.,XS,medium,May reduce polish or scalability if left unmonitored.,none,no
CP-20-15,"Deployment, environment config, privacy, compliance, localization, Bangladesh market readiness","Does Deployment, environment config, privacy, compliance, localization, Bangladesh market readiness meet the launch standard for structured data handling?","Evidence-backed production readiness for structured data handling, preserving current visual design unless necessary.",Headers/env masking good; deployment/CDN/compliance runtime not verified.,74,P2,medium,E014;E016;E017,src/backend/seo/structured-data.ts; src/app/(store)/products/[slug]/page.tsx; src/app/(store)/category/[slug]/page.tsx,Keep structured data handling under regression coverage and improve where noted.,XS,medium,May reduce polish or scalability if left unmonitored.,none,no
CP-20-16,"Deployment, environment config, privacy, compliance, localization, Bangladesh market readiness","Does Deployment, environment config, privacy, compliance, localization, Bangladesh market readiness meet the launch standard for sitemap and robots handling?","Evidence-backed production readiness for sitemap and robots handling, preserving current visual design unless necessary.",Headers/env masking good; deployment/CDN/compliance runtime not verified.,74,P2,medium,E002;E009;E010;E013;E055,next.config.js; .env; .gitignore / git ls-files .env; src/app/robots.ts; deployment config,Keep sitemap and robots handling under regression coverage and improve where noted.,XS,medium,May reduce polish or scalability if left unmonitored.,none,no
CP-20-17,"Deployment, environment config, privacy, compliance, localization, Bangladesh market readiness","Does Deployment, environment config, privacy, compliance, localization, Bangladesh market readiness meet the launch standard for pagination and facets?","Evidence-backed production readiness for pagination and facets, preserving current visual design unless necessary.",Headers/env masking good; deployment/CDN/compliance runtime not verified.,74,P2,medium,E002;E009;E010;E013;E055,next.config.js; .env; .gitignore / git ls-files .env; src/app/robots.ts; deployment config,Keep pagination and facets under regression coverage and improve where noted.,XS,medium,May reduce polish or scalability if left unmonitored.,none,no
CP-20-18,"Deployment, environment config, privacy, compliance, localization, Bangladesh market readiness","Does Deployment, environment config, privacy, compliance, localization, Bangladesh market readiness meet the launch standard for seller ownership?","Evidence-backed production readiness for seller ownership, preserving current visual design unless necessary.","Seller schema exists, but no seller route area was found and product writes are first-party/admin-managed.",45,P1,medium,E031;E026;E003,src/app route scan and README.md; src/backend/admin/product-editor.ts; prisma/schema.prisma,Fix seller ownership before launch or before enabling related feature.,S,medium,Launch risk remains around seller ownership.,minor,no
CP-20-19,"Deployment, environment config, privacy, compliance, localization, Bangladesh market readiness","Does Deployment, environment config, privacy, compliance, localization, Bangladesh market readiness meet the launch standard for admin versus super-admin split?","Evidence-backed production readiness for admin versus super-admin split, preserving current visual design unless necessary.",Headers/env masking good; deployment/CDN/compliance runtime not verified.,74,P2,medium,E002;E009;E010;E013;E055,next.config.js; .env; .gitignore / git ls-files .env; src/app/robots.ts; deployment config,Keep admin versus super-admin split under regression coverage and improve where noted.,XS,medium,May reduce polish or scalability if left unmonitored.,none,no
CP-20-20,"Deployment, environment config, privacy, compliance, localization, Bangladesh market readiness","Does Deployment, environment config, privacy, compliance, localization, Bangladesh market readiness meet the launch standard for order payment shipment status?","Evidence-backed production readiness for order payment shipment status, preserving current visual design unless necessary.",Headers/env masking good; deployment/CDN/compliance runtime not verified.,74,P2,medium,E002;E009;E010;E013;E055,next.config.js; .env; .gitignore / git ls-files .env; src/app/robots.ts; deployment config,Keep order payment shipment status under regression coverage and improve where noted.,XS,medium,May reduce polish or scalability if left unmonitored.,none,no
CP-20-21,"Deployment, environment config, privacy, compliance, localization, Bangladesh market readiness","Does Deployment, environment config, privacy, compliance, localization, Bangladesh market readiness meet the launch standard for rate limiting?","Evidence-backed production readiness for rate limiting, preserving current visual design unless necessary.",In-memory route limiter exists but is not distributed.,58,P1,medium,E008,src/backend/security/rate-limit.ts,Fix rate limiting before launch or before enabling related feature.,S,medium,Launch risk remains around rate limiting.,none,no
CP-20-22,"Deployment, environment config, privacy, compliance, localization, Bangladesh market readiness","Does Deployment, environment config, privacy, compliance, localization, Bangladesh market readiness meet the launch standard for CSRF and origin control?","Evidence-backed production readiness for CSRF and origin control, preserving current visual design unless necessary.",No explicit CSRF token or Origin/Referer check found in sampled custom mutation APIs.,55,P1,medium,E060,custom mutation CSRF/origin scan,Fix CSRF and origin control before launch or before enabling related feature.,S,medium,Launch risk remains around CSRF and origin control.,none,no
CP-20-23,"Deployment, environment config, privacy, compliance, localization, Bangladesh market readiness","Does Deployment, environment config, privacy, compliance, localization, Bangladesh market readiness meet the launch standard for secret exposure?","Evidence-backed production readiness for secret exposure, preserving current visual design unless necessary.",Headers/env masking good; deployment/CDN/compliance runtime not verified.,74,P2,medium,E002;E009;E010;E013;E055,next.config.js; .env; .gitignore / git ls-files .env; src/app/robots.ts; deployment config,Keep secret exposure under regression coverage and improve where noted.,XS,medium,May reduce polish or scalability if left unmonitored.,none,no
CP-20-24,"Deployment, environment config, privacy, compliance, localization, Bangladesh market readiness","Does Deployment, environment config, privacy, compliance, localization, Bangladesh market readiness meet the launch standard for console and logging hygiene?","Evidence-backed production readiness for console and logging hygiene, preserving current visual design unless necessary.",Headers/env masking good; deployment/CDN/compliance runtime not verified.,74,P2,medium,E002;E009;E010;E013;E055,next.config.js; .env; .gitignore / git ls-files .env; src/app/robots.ts; deployment config,Keep console and logging hygiene under regression coverage and improve where noted.,XS,medium,May reduce polish or scalability if left unmonitored.,none,no
CP-20-25,"Deployment, environment config, privacy, compliance, localization, Bangladesh market readiness","Does Deployment, environment config, privacy, compliance, localization, Bangladesh market readiness meet the launch standard for type safety?","Evidence-backed production readiness for type safety, preserving current visual design unless necessary.",Headers/env masking good; deployment/CDN/compliance runtime not verified.,74,P2,medium,E002;E009;E010;E013;E055,next.config.js; .env; .gitignore / git ls-files .env; src/app/robots.ts; deployment config,Keep type safety under regression coverage and improve where noted.,XS,medium,May reduce polish or scalability if left unmonitored.,none,no
CP-20-26,"Deployment, environment config, privacy, compliance, localization, Bangladesh market readiness","Does Deployment, environment config, privacy, compliance, localization, Bangladesh market readiness meet the launch standard for duplicate or dead code risk?","Evidence-backed production readiness for duplicate or dead code risk, preserving current visual design unless necessary.",Headers/env masking good; deployment/CDN/compliance runtime not verified.,74,P2,medium,E002;E009;E010;E013;E055,next.config.js; .env; .gitignore / git ls-files .env; src/app/robots.ts; deployment config,Keep duplicate or dead code risk under regression coverage and improve where noted.,XS,medium,May reduce polish or scalability if left unmonitored.,none,no
CP-20-27,"Deployment, environment config, privacy, compliance, localization, Bangladesh market readiness","Does Deployment, environment config, privacy, compliance, localization, Bangladesh market readiness meet the launch standard for README and implementation alignment?","Evidence-backed production readiness for README and implementation alignment, preserving current visual design unless necessary.",Headers/env masking good; deployment/CDN/compliance runtime not verified.,74,P2,medium,E002;E009;E010;E013;E055,next.config.js; .env; .gitignore / git ls-files .env; src/app/robots.ts; deployment config,Keep README and implementation alignment under regression coverage and improve where noted.,XS,medium,May reduce polish or scalability if left unmonitored.,none,no
CP-20-28,"Deployment, environment config, privacy, compliance, localization, Bangladesh market readiness","Does Deployment, environment config, privacy, compliance, localization, Bangladesh market readiness meet the launch standard for accessibility controls?","Evidence-backed production readiness for accessibility controls, preserving current visual design unless necessary.",Headers/env masking good; deployment/CDN/compliance runtime not verified.,74,P2,medium,E002;E009;E010;E013;E055,next.config.js; .env; .gitignore / git ls-files .env; src/app/robots.ts; deployment config,Keep accessibility controls under regression coverage and improve where noted.,XS,medium,May reduce polish or scalability if left unmonitored.,none,no
CP-20-29,"Deployment, environment config, privacy, compliance, localization, Bangladesh market readiness","Does Deployment, environment config, privacy, compliance, localization, Bangladesh market readiness meet the launch standard for mobile layout behavior?","Evidence-backed production readiness for mobile layout behavior, preserving current visual design unless necessary.",Headers/env masking good; deployment/CDN/compliance runtime not verified.,74,P2,medium,E002;E009;E010;E013;E055,next.config.js; .env; .gitignore / git ls-files .env; src/app/robots.ts; deployment config,Keep mobile layout behavior under regression coverage and improve where noted.,XS,medium,May reduce polish or scalability if left unmonitored.,none,no
CP-20-30,"Deployment, environment config, privacy, compliance, localization, Bangladesh market readiness","Does Deployment, environment config, privacy, compliance, localization, Bangladesh market readiness meet the launch standard for Bangladesh localization?","Evidence-backed production readiness for Bangladesh localization, preserving current visual design unless necessary.",Headers/env masking good; deployment/CDN/compliance runtime not verified.,74,P2,medium,E002;E009;E010;E013;E055,next.config.js; .env; .gitignore / git ls-files .env; src/app/robots.ts; deployment config,Keep Bangladesh localization under regression coverage and improve where noted.,XS,medium,May reduce polish or scalability if left unmonitored.,none,no
CP-20-31,"Deployment, environment config, privacy, compliance, localization, Bangladesh market readiness","Does Deployment, environment config, privacy, compliance, localization, Bangladesh market readiness meet the launch standard for Bangla and English readiness?","Evidence-backed production readiness for Bangla and English readiness, preserving current visual design unless necessary.",Headers/env masking good; deployment/CDN/compliance runtime not verified.,74,P2,medium,E002;E009;E010;E013;E055,next.config.js; .env; .gitignore / git ls-files .env; src/app/robots.ts; deployment config,Keep Bangla and English readiness under regression coverage and improve where noted.,XS,medium,May reduce polish or scalability if left unmonitored.,none,no
CP-20-32,"Deployment, environment config, privacy, compliance, localization, Bangladesh market readiness","Does Deployment, environment config, privacy, compliance, localization, Bangladesh market readiness meet the launch standard for Merchant Center readiness?","Evidence-backed production readiness for Merchant Center readiness, preserving current visual design unless necessary.",Headers/env masking good; deployment/CDN/compliance runtime not verified.,74,P2,medium,E002;E009;E010;E013;E055,next.config.js; .env; .gitignore / git ls-files .env; src/app/robots.ts; deployment config,Keep Merchant Center readiness under regression coverage and improve where noted.,XS,medium,May reduce polish or scalability if left unmonitored.,none,no
CP-20-33,"Deployment, environment config, privacy, compliance, localization, Bangladesh market readiness","Does Deployment, environment config, privacy, compliance, localization, Bangladesh market readiness meet the launch standard for webhook readiness?","Evidence-backed production readiness for webhook readiness, preserving current visual design unless necessary.","Payment env variables exist, but no webhook route was found.",45,P1,medium,E043;E050,webhook route scan; src/app/api/admin/orders/[id]/payment-status/route.ts,Fix webhook readiness before launch or before enabling related feature.,S,medium,Launch risk remains around webhook readiness.,none,no
CP-20-34,"Deployment, environment config, privacy, compliance, localization, Bangladesh market readiness","Does Deployment, environment config, privacy, compliance, localization, Bangladesh market readiness meet the launch standard for shipment tracking readiness?","Evidence-backed production readiness for shipment tracking readiness, preserving current visual design unless necessary.",Headers/env masking good; deployment/CDN/compliance runtime not verified.,74,P2,medium,E002;E009;E010;E013;E055,next.config.js; .env; .gitignore / git ls-files .env; src/app/robots.ts; deployment config,Keep shipment tracking readiness under regression coverage and improve where noted.,XS,medium,May reduce polish or scalability if left unmonitored.,none,no
CP-20-35,"Deployment, environment config, privacy, compliance, localization, Bangladesh market readiness","Does Deployment, environment config, privacy, compliance, localization, Bangladesh market readiness meet the launch standard for fraud and moderation readiness?","Evidence-backed production readiness for fraud and moderation readiness, preserving current visual design unless necessary.",Headers/env masking good; deployment/CDN/compliance runtime not verified.,74,P2,medium,E002;E009;E010;E013;E055,next.config.js; .env; .gitignore / git ls-files .env; src/app/robots.ts; deployment config,Keep fraud and moderation readiness under regression coverage and improve where noted.,XS,medium,May reduce polish or scalability if left unmonitored.,none,no
CP-20-36,"Deployment, environment config, privacy, compliance, localization, Bangladesh market readiness","Does Deployment, environment config, privacy, compliance, localization, Bangladesh market readiness meet the launch standard for cache and revalidation?","Evidence-backed production readiness for cache and revalidation, preserving current visual design unless necessary.",Headers/env masking good; deployment/CDN/compliance runtime not verified.,74,P2,medium,E002;E009;E010;E013;E055,next.config.js; .env; .gitignore / git ls-files .env; src/app/robots.ts; deployment config,Keep cache and revalidation under regression coverage and improve where noted.,XS,medium,May reduce polish or scalability if left unmonitored.,none,no
CP-20-37,"Deployment, environment config, privacy, compliance, localization, Bangladesh market readiness","Does Deployment, environment config, privacy, compliance, localization, Bangladesh market readiness meet the launch standard for N+1 or bulk-fetch risk?","Evidence-backed production readiness for N+1 or bulk-fetch risk, preserving current visual design unless necessary.",Headers/env masking good; deployment/CDN/compliance runtime not verified.,74,P2,medium,E002;E009;E010;E013;E055,next.config.js; .env; .gitignore / git ls-files .env; src/app/robots.ts; deployment config,Keep N+1 or bulk-fetch risk under regression coverage and improve where noted.,XS,medium,May reduce polish or scalability if left unmonitored.,none,no
CP-20-38,"Deployment, environment config, privacy, compliance, localization, Bangladesh market readiness","Does Deployment, environment config, privacy, compliance, localization, Bangladesh market readiness meet the launch standard for payment status integrity?","Evidence-backed production readiness for payment status integrity, preserving current visual design unless necessary.",Headers/env masking good; deployment/CDN/compliance runtime not verified.,74,P2,medium,E002;E009;E010;E013;E055,next.config.js; .env; .gitignore / git ls-files .env; src/app/robots.ts; deployment config,Keep payment status integrity under regression coverage and improve where noted.,XS,medium,May reduce polish or scalability if left unmonitored.,none,no
CP-20-39,"Deployment, environment config, privacy, compliance, localization, Bangladesh market readiness","Does Deployment, environment config, privacy, compliance, localization, Bangladesh market readiness meet the launch standard for guest and buyer flow?","Evidence-backed production readiness for guest and buyer flow, preserving current visual design unless necessary.",Headers/env masking good; deployment/CDN/compliance runtime not verified.,74,P2,medium,E002;E009;E010;E013;E055,next.config.js; .env; .gitignore / git ls-files .env; src/app/robots.ts; deployment config,Keep guest and buyer flow under regression coverage and improve where noted.,XS,medium,May reduce polish or scalability if left unmonitored.,none,no
CP-20-40,"Deployment, environment config, privacy, compliance, localization, Bangladesh market readiness","Does Deployment, environment config, privacy, compliance, localization, Bangladesh market readiness meet the launch standard for account privacy?","Evidence-backed production readiness for account privacy, preserving current visual design unless necessary.","Account order detail is owner-scoped, but public confirmation exposes PII by orderNumber.",35,P0,medium,E022;E023;E010,src/app/(store)/order/[orderNumber]/confirmation/page.tsx; src/app/(store)/account/orders/[id]/page.tsx; .gitignore / git ls-files .env,Fix account privacy before launch or before enabling related feature.,M,critical,Launch risk remains around account privacy.,none,yes
CP-20-41,"Deployment, environment config, privacy, compliance, localization, Bangladesh market readiness","Does Deployment, environment config, privacy, compliance, localization, Bangladesh market readiness meet the launch standard for product SEO fields?","Evidence-backed production readiness for product SEO fields, preserving current visual design unless necessary.",Headers/env masking good; deployment/CDN/compliance runtime not verified.,74,P2,medium,E002;E009;E010;E013;E055,next.config.js; .env; .gitignore / git ls-files .env; src/app/robots.ts; deployment config,Keep product SEO fields under regression coverage and improve where noted.,XS,medium,May reduce polish or scalability if left unmonitored.,none,no
CP-20-42,"Deployment, environment config, privacy, compliance, localization, Bangladesh market readiness","Does Deployment, environment config, privacy, compliance, localization, Bangladesh market readiness meet the launch standard for category taxonomy?","Evidence-backed production readiness for category taxonomy, preserving current visual design unless necessary.",Headers/env masking good; deployment/CDN/compliance runtime not verified.,74,P2,medium,E002;E009;E010;E013;E055,next.config.js; .env; .gitignore / git ls-files .env; src/app/robots.ts; deployment config,Keep category taxonomy under regression coverage and improve where noted.,XS,medium,May reduce polish or scalability if left unmonitored.,none,no
CP-20-43,"Deployment, environment config, privacy, compliance, localization, Bangladesh market readiness","Does Deployment, environment config, privacy, compliance, localization, Bangladesh market readiness meet the launch standard for internal linking?","Evidence-backed production readiness for internal linking, preserving current visual design unless necessary.",Headers/env masking good; deployment/CDN/compliance runtime not verified.,74,P2,medium,E002;E009;E010;E013;E055,next.config.js; .env; .gitignore / git ls-files .env; src/app/robots.ts; deployment config,Keep internal linking under regression coverage and improve where noted.,XS,medium,May reduce polish or scalability if left unmonitored.,none,no
CP-20-44,"Deployment, environment config, privacy, compliance, localization, Bangladesh market readiness","Does Deployment, environment config, privacy, compliance, localization, Bangladesh market readiness meet the launch standard for reviews and ratings?","Evidence-backed production readiness for reviews and ratings, preserving current visual design unless necessary.",Headers/env masking good; deployment/CDN/compliance runtime not verified.,74,P2,medium,E002;E009;E010;E013;E055,next.config.js; .env; .gitignore / git ls-files .env; src/app/robots.ts; deployment config,Keep reviews and ratings under regression coverage and improve where noted.,XS,medium,May reduce polish or scalability if left unmonitored.,none,no
CP-20-45,"Deployment, environment config, privacy, compliance, localization, Bangladesh market readiness","Does Deployment, environment config, privacy, compliance, localization, Bangladesh market readiness meet the launch standard for returns and refunds?","Evidence-backed production readiness for returns and refunds, preserving current visual design unless necessary.",Headers/env masking good; deployment/CDN/compliance runtime not verified.,74,P2,medium,E002;E009;E010;E013;E055,next.config.js; .env; .gitignore / git ls-files .env; src/app/robots.ts; deployment config,Keep returns and refunds under regression coverage and improve where noted.,XS,medium,May reduce polish or scalability if left unmonitored.,none,no
CP-20-46,"Deployment, environment config, privacy, compliance, localization, Bangladesh market readiness","Does Deployment, environment config, privacy, compliance, localization, Bangladesh market readiness meet the launch standard for deployment headers?","Evidence-backed production readiness for deployment headers, preserving current visual design unless necessary.",Headers/env masking good; deployment/CDN/compliance runtime not verified.,74,P2,medium,E002;E009;E010;E013;E055,next.config.js; .env; .gitignore / git ls-files .env; src/app/robots.ts; deployment config,Keep deployment headers under regression coverage and improve where noted.,XS,medium,May reduce polish or scalability if left unmonitored.,none,no
CP-20-47,"Deployment, environment config, privacy, compliance, localization, Bangladesh market readiness","Does Deployment, environment config, privacy, compliance, localization, Bangladesh market readiness meet the launch standard for dependency deprecation?","Evidence-backed production readiness for dependency deprecation, preserving current visual design unless necessary.",Headers/env masking good; deployment/CDN/compliance runtime not verified.,74,P2,medium,E002;E009;E010;E013;E055,next.config.js; .env; .gitignore / git ls-files .env; src/app/robots.ts; deployment config,Keep dependency deprecation under regression coverage and improve where noted.,XS,medium,May reduce polish or scalability if left unmonitored.,none,no
CP-20-48,"Deployment, environment config, privacy, compliance, localization, Bangladesh market readiness","Does Deployment, environment config, privacy, compliance, localization, Bangladesh market readiness meet the launch standard for observability?","Evidence-backed production readiness for observability, preserving current visual design unless necessary.",Headers/env masking good; deployment/CDN/compliance runtime not verified.,74,P2,medium,E002;E009;E010;E013;E055,next.config.js; .env; .gitignore / git ls-files .env; src/app/robots.ts; deployment config,Keep observability under regression coverage and improve where noted.,XS,medium,May reduce polish or scalability if left unmonitored.,none,no
CP-20-49,"Deployment, environment config, privacy, compliance, localization, Bangladesh market readiness","Does Deployment, environment config, privacy, compliance, localization, Bangladesh market readiness meet the launch standard for visual preservation?","Evidence-backed production readiness for visual preservation, preserving current visual design unless necessary.",Headers/env masking good; deployment/CDN/compliance runtime not verified.,74,P2,medium,E002;E009;E010;E013;E055,next.config.js; .env; .gitignore / git ls-files .env; src/app/robots.ts; deployment config,Keep visual preservation under regression coverage and improve where noted.,XS,medium,May reduce polish or scalability if left unmonitored.,none,no
CP-20-50,"Deployment, environment config, privacy, compliance, localization, Bangladesh market readiness","Does Deployment, environment config, privacy, compliance, localization, Bangladesh market readiness meet the launch standard for launch risk?","Evidence-backed production readiness for launch risk, preserving current visual design unless necessary.",Headers/env masking good; deployment/CDN/compliance runtime not verified.,74,P2,medium,E002;E009;E010;E013;E055,next.config.js; .env; .gitignore / git ls-files .env; src/app/robots.ts; deployment config,Keep launch risk under regression coverage and improve where noted.,XS,medium,May reduce polish or scalability if left unmonitored.,none,no
